step,time,tls_id,phase_index,tls_queue_len,tls_waiting_time_snapshot,tls_mean_speed
0,1.0,317267021,0,0,0.0,0.0
0,1.0,318319948,0,0,0.0,0.0
0,1.0,318319950,0,0,0.0,0.0
0,1.0,344715428,0,0,0.0,0.0
0,1.0,459095577,0,0,0.0,0.0
0,1.0,459095593,0,0,0.0,0.0
0,1.0,5672981203,0,0,0.0,0.0
0,1.0,6734642660,0,0,0.0,0.0
0,1.0,728359174,0,0,0.0,0.0
0,1.0,931498932,0,0,0.0,0.0
0,1.0,cluster_12485993451_12485993457_444743027_999091207,0,0,0.0,0.0
0,1.0,cluster_12485993454_12485993455_12485993456_12485993458_#4more,0,0,0.0,0.0
0,1.0,cluster_12497859354_12497859355,0,0,0.0,0.0
0,1.0,cluster_1846673394_455570130,0,0,0.0,0.0
0,1.0,cluster_1933957591_1944596256_1944596258_500010840,0,0,0.0,0.0
0,1.0,cluster_286141464_317863064,0,0,0.0,0.0
0,1.0,cluster_317864209_317864212,0,0,0.0,0.0
0,1.0,cluster_318319949_3665705327,0,0,0.0,0.0
0,1.0,cluster_444929591_444929853,0,0,0.0,0.0
0,1.0,cluster_453491193_453491196,0,0,0.0,0.0
0,1.0,joinedS_3056282982_cluster_500010834_500010835_500010836_500010837,0,0,0.0,0.0
0,1.0,joinedS_4159783704_4159783713,0,0,0.0,0.0
10,11.0,317267021,1,0,0.0,0.0
10,11.0,318319948,1,0,0.0,0.0
10,11.0,318319950,1,0,0.0,0.0
10,11.0,344715428,1,0,0.0,0.0
10,11.0,459095577,1,0,0.0,0.0
10,11.0,459095593,1,0,0.0,0.0
10,11.0,5672981203,1,0,0.0,0.0
10,11.0,6734642660,0,0,0.0,0.0
10,11.0,728359174,1,0,0.0,0.0
10,11.0,931498932,1,0,0.0,0.0
10,11.0,cluster_12485993451_12485993457_444743027_999091207,1,0,0.0,0.0
10,11.0,cluster_12485993454_12485993455_12485993456_12485993458_#4more,1,0,0.0,0.0
10,11.0,cluster_12497859354_12497859355,0,0,0.0,0.0
10,11.0,cluster_1846673394_455570130,1,0,0.0,0.0
10,11.0,cluster_1933957591_1944596256_1944596258_500010840,1,0,0.0,0.0
10,11.0,cluster_286141464_317863064,1,0,0.0,0.0
10,11.0,cluster_317864209_317864212,1,0,0.0,0.0
10,11.0,cluster_318319949_3665705327,1,0,0.0,0.0
10,11.0,cluster_444929591_444929853,1,0,0.0,0.0
10,11.0,cluster_453491193_453491196,1,0,0.0,0.0
10,11.0,joinedS_3056282982_cluster_500010834_500010835_500010836_500010837,1,0,0.0,0.0
10,11.0,joinedS_4159783704_4159783713,1,0,0.0,0.0
20,21.0,317267021,3,0,0.0,0.0
20,21.0,318319948,3,0,0.0,0.0
20,21.0,318319950,3,1,2.0,0.01197147633853132
20,21.0,344715428,3,0,0.0,0.0
20,21.0,459095577,3,0,0.0,0.0
20,21.0,459095593,3,0,0.0,0.0
20,21.0,5672981203,3,0,0.0,0.0
20,21.0,6734642660,0,0,0.0,0.0
20,21.0,728359174,3,0,0.0,0.0
20,21.0,931498932,3,0,0.0,0.0
20,21.0,cluster_12485993451_12485993457_444743027_999091207,3,0,0.0,0.0
20,21.0,cluster_12485993454_12485993455_12485993456_12485993458_#4more,2,0,0.0,0.0
20,21.0,cluster_12497859354_12497859355,2,0,0.0,0.0
20,21.0,cluster_1846673394_455570130,0,0,0.0,0.0
20,21.0,cluster_1933957591_1944596256_1944596258_500010840,3,0,0.0,0.0
20,21.0,cluster_286141464_317863064,3,0,0.0,0.0
20,21.0,cluster_317864209_317864212,3,0,0.0,0.0
20,21.0,cluster_318319949_3665705327,3,0,0.0,0.0
20,21.0,cluster_444929591_444929853,3,0,0.0,0.0
20,21.0,cluster_453491193_453491196,3,0,0.0,0.0
20,21.0,joinedS_3056282982_cluster_500010834_500010835_500010836_500010837,3,0,0.0,0.0
20,21.0,joinedS_4159783704_4159783713,3,0,0.0,0.0
30,31.0,317267021,1,0,0.0,0.0
30,31.0,318319948,1,0,0.0,0.0
30,31.0,318319950,1,0,0.0,0.0
30,31.0,344715428,1,0,0.0,0.0
30,31.0,459095577,5,0,0.0,0.0
30,31.0,459095593,1,0,0.0,0.0
30,31.0,5672981203,1,0,0.0,0.0
30,31.0,6734642660,0,0,0.0,0.0
30,31.0,728359174,1,0,0.0,0.0
30,31.0,931498932,1,0,0.0,0.0
30,31.0,cluster_12485993451_12485993457_444743027_999091207,5,0,0.0,0.0
30,31.0,cluster_12485993454_12485993455_12485993456_12485993458_#4more,3,0,0.0,0.0
30,31.0,cluster_12497859354_12497859355,0,0,0.0,0.0
30,31.0,cluster_1846673394_455570130,2,0,0.0,0.0
30,31.0,cluster_1933957591_1944596256_1944596258_500010840,1,0,0.0,0.0
30,31.0,cluster_286141464_317863064,1,0,0.0,0.0
30,31.0,cluster_317864209_317864212,5,0,0.0,11.203125562844795
30,31.0,cluster_318319949_3665705327,1,0,0.0,0.0
30,31.0,cluster_444929591_444929853,5,0,0.0,0.0
30,31.0,cluster_453491193_453491196,1,0,0.0,0.0
30,31.0,joinedS_3056282982_cluster_500010834_500010835_500010836_500010837,1,0,0.0,0.0
30,31.0,joinedS_4159783704_4159783713,5,0,0.0,0.0
40,41.0,317267021,3,0,0.0,7.829580646613163
40,41.0,318319948,3,0,0.0,0.0
40,41.0,318319950,3,0,0.0,14.62056617676066
40,41.0,344715428,3,0,0.0,0.0
40,41.0,459095577,7,0,0.0,0.0
40,41.0,459095593,3,0,0.0,0.0
40,41.0,5672981203,3,0,0.0,0.0
40,41.0,6734642660,0,0,0.0,0.0
40,41.0,728359174,3,0,0.0,0.0
40,41.0,931498932,3,0,0.0,0.0
40,41.0,cluster_12485993451_12485993457_444743027_999091207,1,0,0.0,0.0
40,41.0,cluster_12485993454_12485993455_12485993456_12485993458_#4more,5,0,0.0,0.0
40,41.0,cluster_12497859354_12497859355,0,0,0.0,0.0
40,41.0,cluster_1846673394_455570130,1,0,0.0,0.0
40,41.0,cluster_1933957591_1944596256_1944596258_500010840,3,0,0.0,0.0
40,41.0,cluster_286141464_317863064,3,0,0.0,0.0
40,41.0,cluster_317864209_317864212,0,0,0.0,0.0
40,41.0,cluster_318319949_3665705327,3,0,0.0,9.091588487569275
40,41.0,cluster_444929591_444929853,7,0,0.0,0.0
40,41.0,cluster_453491193_453491196,3,0,0.0,0.0
40,41.0,joinedS_3056282982_cluster_500010834_500010835_500010836_500010837,3,0,0.0,0.0
40,41.0,joinedS_4159783704_4159783713,1,0,0.0,0.0
50,51.0,317267021,0,0,0.0,0.0
50,51.0,318319948,0,0,0.0,19.289208698318102
50,51.0,318319950,0,0,0.0,0.0
50,51.0,344715428,0,0,0.0,0.0
50,51.0,459095577,1,0,0.0,0.0
50,51.0,459095593,0,1,3.0,0.00034639049984002464
50,51.0,5672981203,0,0,0.0,0.0
50,51.0,6734642660,0,0,0.0,16.66243039279245
50,51.0,728359174,0,0,0.0,0.0
50,51.0,931498932,0,0,0.0,0.0
50,51.0,cluster_12485993451_12485993457_444743027_999091207,2,0,0.0,0.0
50,51.0,cluster_12485993454_12485993455_12485993456_12485993458_#4more,7,0,0.0,0.0
50,51.0,cluster_12497859354_12497859355,2,0,0.0,0.0
50,51.0,cluster_1846673394_455570130,0,0,0.0,0.0
50,51.0,cluster_1933957591_1944596256_1944596258_500010840,0,0,0.0,0.0
50,51.0,cluster_286141464_317863064,0,0,0.0,11.733931266425987
50,51.0,cluster_317864209_317864212,2,0,0.0,0.0
50,51.0,cluster_318319949_3665705327,0,0,0.0,0.0
50,51.0,cluster_444929591_444929853,1,0,0.0,0.0
50,51.0,cluster_453491193_453491196,0,0,0.0,7.051743135143165
50,51.0,joinedS_3056282982_cluster_500010834_500010835_500010836_500010837,0,0,0.0,0.0
50,51.0,joinedS_4159783704_4159783713,2,0,0.0,0.0
60,61.0,317267021,2,0,0.0,0.0
60,61.0,318319948,2,1,3.0,0.0011629764990695574
60,61.0,318319950,2,0,0.0,0.0
60,61.0,344715428,2,0,0.0,0.0
60,61.0,459095577,3,0,0.0,0.0
60,61.0,459095593,2,0,0.0,0.0
60,61.0,5672981203,2,0,0.0,0.0
60,61.0,6734642660,0,0,0.0,0.0
60,61.0,728359174,2,0,0.0,0.0
60,61.0,931498932,2,0,0.0,0.0
60,61.0,cluster_12485993451_12485993457_444743027_999091207,4,0,0.0,0.0
60,61.0,cluster_12485993454_12485993455_12485993456_12485993458_#4more,0,0,0.0,0.0
60,61.0,cluster_12497859354_12497859355,2,0,0.0,0.0
60,61.0,cluster_1846673394_455570130,2,0,0.0,0.0
60,61.0,cluster_1933957591_1944596256_1944596258_500010840,2,0,0.0,0.0
60,61.0,cluster_286141464_317863064,2,0,0.0,0.0
60,61.0,cluster_317864209_317864212,4,0,0.0,16.178078614110127
60,61.0,cluster_318319949_3665705327,2,0,0.0,0.0
60,61.0,cluster_444929591_444929853,3,0,0.0,0.0
60,61.0,cluster_453491193_453491196,2,1,3.0,6.407622196552988
60,61.0,joinedS_3056282982_cluster_500010834_500010835_500010836_500010837,2,0,0.0,16.73543178463669
60,61.0,joinedS_4159783704_4159783713,4,0,0.0,0.0
70,71.0,317267021,0,0,0.0,16.61594293232076
70,71.0,318319948,0,0,0.0,0.0
70,71.0,318319950,0,0,0.0,0.0
70,71.0,344715428,0,0,0.0,0.0
70,71.0,459095577,4,0,0.0,0.0
70,71.0,459095593,0,0,0.0,0.0
70,71.0,5672981203,0,0,0.0,0.0
70,71.0,6734642660,0,0,0.0,0.0
70,71.0,728359174,0,0,0.0,0.0
70,71.0,931498932,0,0,0.0,0.0
70,71.0,cluster_12485993451_12485993457_444743027_999091207,0,0,0.0,0.0
70,71.0,cluster_12485993454_12485993455_12485993456_12485993458_#4more,2,0,0.0,0.0
70,71.0,cluster_12497859354_12497859355,2,0,0.0,0.0
70,71.0,cluster_1846673394_455570130,0,0,0.0,0.0
70,71.0,cluster_1933957591_1944596256_1944596258_500010840,0,0,0.0,15.247206684867386
70,71.0,cluster_286141464_317863064,0,0,0.0,0.0
70,71.0,cluster_317864209_317864212,0,1,1.0,9.392242611031541
70,71.0,cluster_318319949_3665705327,0,0,0.0,0.0
70,71.0,cluster_444929591_444929853,4,0,0.0,5.583150680456311
70,71.0,cluster_453491193_453491196,0,0,0.0,12.200677462681723
70,71.0,joinedS_3056282982_cluster_500010834_500010835_500010836_500010837,0,0,0.0,17.47581481061724
70,71.0,joinedS_4159783704_4159783713,0,0,0.0,0.0
80,81.0,317267021,2,0,0.0,0.0
80,81.0,318319948,2,0,0.0,0.0
80,81.0,318319950,2,0,0.0,4.604768211475225
80,81.0,344715428,2,0,0.0,0.0
80,81.0,459095577,6,0,0.0,0.0
80,81.0,459095593,2,0,0.0,8.598341257679897
80,81.0,5672981203,2,0,0.0,0.0
80,81.0,6734642660,0,0,0.0,0.0
80,81.0,728359174,2,0,0.0,0.0
80,81.0,931498932,2,0,0.0,0.0
80,81.0,cluster_12485993451_12485993457_444743027_999091207,2,0,0.0,0.0
80,81.0,cluster_12485993454_12485993455_12485993456_12485993458_#4more,3,0,0.0,5.124524270522869
80,81.0,cluster_12497859354_12497859355,2,0,0.0,0.0
80,81.0,cluster_1846673394_455570130,0,0,0.0,0.0
80,81.0,cluster_1933957591_1944596256_1944596258_500010840,1,0,0.0,0.0
80,81.0,cluster_286141464_317863064,2,0,0.0,13.149388272144824
80,81.0,cluster_317864209_317864212,2,0,0.0,7.080886461198053
80,81.0,cluster_318319949_3665705327,2,0,0.0,0.0
80,81.0,cluster_444929591_444929853,6,1,4.0,0.0
80,81.0,cluster_453491193_453491196,2,0,0.0,0.0
80,81.0,joinedS_3056282982_cluster_500010834_500010835_500010836_500010837,2,0,0.0,13.054170823980064
80,81.0,joinedS_4159783704_4159783713,2,0,0.0,0.0
90,91.0,317267021,0,0,0.0,0.0
90,91.0,318319948,0,0,0.0,0.0
90,91.0,318319950,0,0,0.0,10.70579086980754
90,91.0,344715428,0,0,0.0,0.0
90,91.0,459095577,0,0,0.0,0.0
90,91.0,459095593,0,0,0.0,0.0
90,91.0,5672981203,0,0,0.0,0.0
90,91.0,6734642660,0,0,0.0,16.124906737571585
90,91.0,728359174,0,0,0.0,0.0
90,91.0,931498932,0,0,0.0,0.0
90,91.0,cluster_12485993451_12485993457_444743027_999091207,4,0,0.0,14.740649352786107
90,91.0,cluster_12485993454_12485993455_12485993456_12485993458_#4more,4,1,8.0,0.0
90,91.0,cluster_12497859354_12497859355,2,0,0.0,0.0
90,91.0,cluster_1846673394_455570130,0,0,0.0,0.0
90,91.0,cluster_1933957591_1944596256_1944596258_500010840,3,0,0.0,0.0
90,91.0,cluster_286141464_317863064,0,0,0.0,0.0
90,91.0,cluster_317864209_317864212,4,2,11.0,0.00020645083921576926
90,91.0,cluster_318319949_3665705327,0,0,0.0,0.0
90,91.0,cluster_444929591_444929853,0,0,0.0,0.0
90,91.0,cluster_453491193_453491196,0,0,0.0,0.0
90,91.0,joinedS_3056282982_cluster_500010834_500010835_500010836_500010837,0,0,0.0,16.447030287915844
90,91.0,joinedS_4159783704_4159783713,4,0,0.0,0.0
100,101.0,317267021,0,0,0.0,0.0
100,101.0,318319948,2,0,0.0,0.0
100,101.0,318319950,1,1,8.0,0.0
100,101.0,344715428,2,0,0.0,0.0
100,101.0,459095577,2,0,0.0,0.0
100,101.0,459095593,2,0,0.0,13.024613315772688
100,101.0,5672981203,2,0,0.0,0.0
100,101.0,6734642660,0,0,0.0,0.0
100,101.0,728359174,2,0,0.0,0.0
100,101.0,931498932,2,0,0.0,0.0
100,101.0,cluster_12485993451_12485993457_444743027_999091207,5,0,0.0,0.0
100,101.0,cluster_12485993454_12485993455_12485993456_12485993458_#4more,6,1,18.0,0.0
100,101.0,cluster_12497859354_12497859355,3,0,0.0,21.020963919625988
100,101.0,cluster_1846673394_455570130,0,0,0.0,0.0
100,101.0,cluster_1933957591_1944596256_1944596258_500010840,1,0,0.0,0.0
100,101.0,cluster_286141464_317863064,0,0,0.0,8.578224564530823
100,101.0,cluster_317864209_317864212,0,1,13.0,0.0
100,101.0,cluster_318319949_3665705327,2,0,0.0,0.0
100,101.0,cluster_444929591_444929853,2,0,0.0,16.589528787241985
100,101.0,cluster_453491193_453491196,2,0,0.0,2.501353839901276
100,101.0,joinedS_3056282982_cluster_500010834_500010835_500010836_500010837,2,0,0.0,0.0
100,101.0,joinedS_4159783704_4159783713,0,0,0.0,0.0
110,111.0,317267021,0,1,6.0,0.0994686073711481
110,111.0,318319948,2,0,0.0,0.0
110,111.0,318319950,3,0,0.0,18.18895741449931
110,111.0,344715428,2,0,0.0,17.626152068040067
110,111.0,459095577,4,0,0.0,0.0
110,111.0,459095593,2,2,10.0,0.00020513967218749232
110,111.0,5672981203,2,0,0.0,0.0
110,111.0,6734642660,0,0,0.0,0.0
110,111.0,728359174,2,0,0.0,0.0
110,111.0,931498932,2,0,0.0,0.0
110,111.0,cluster_12485993451_12485993457_444743027_999091207,0,0,0.0,0.0
110,111.0,cluster_12485993454_12485993455_12485993456_12485993458_#4more,0,0,0.0,1.7316171629666226
110,111.0,cluster_12497859354_12497859355,0,0,0.0,23.086470225961797
110,111.0,cluster_1846673394_455570130,0,0,0.0,18.02610713393896
110,111.0,cluster_1933957591_1944596256_1944596258_500010840,3,0,0.0,0.0
110,111.0,cluster_286141464_317863064,2,2,5.0,0.16218766559753586
110,111.0,cluster_317864209_317864212,0,1,4.0,0.0
110,111.0,cluster_318319949_3665705327,2,0,0.0,0.0
110,111.0,cluster_444929591_444929853,4,0,0.0,6.9626776022370915
110,111.0,cluster_453491193_453491196,2,0,0.0,14.75273927997301
110,111.0,joinedS_3056282982_cluster_500010834_500010835_500010836_500010837,2,0,0.0,16.390231485180557
110,111.0,joinedS_4159783704_4159783713,1,0,0.0,0.40104862055855633
120,121.0,317267021,0,3,26.0,0.011230811564919464
120,121.0,318319948,2,0,0.0,11.185665637865343
120,121.0,318319950,1,0,0.0,0.0
120,121.0,344715428,0,0,0.0,16.532174316107962
120,121.0,459095577,6,0,0.0,0.0
120,121.0,459095593,2,2,30.0,0.0
120,121.0,5672981203,2,0,0.0,0.0
120,121.0,6734642660,0,0,0.0,0.0
120,121.0,728359174,2,0,0.0,0.0
120,121.0,931498932,2,0,0.0,0.0
120,121.0,cluster_12485993451_12485993457_444743027_999091207,2,0,0.0,0.0
120,121.0,cluster_12485993454_12485993455_12485993456_12485993458_#4more,1,1,10.0,8.324402279202014
120,121.0,cluster_12497859354_12497859355,1,0,0.0,0.0
120,121.0,cluster_1846673394_455570130,0,0,0.0,0.0
120,121.0,cluster_1933957591_1944596256_1944596258_500010840,0,1,0.0,0.0
120,121.0,cluster_286141464_317863064,0,0,0.0,1.7973493192443477
120,121.0,cluster_317864209_317864212,0,1,14.0,0.0
120,121.0,cluster_318319949_3665705327,0,0,0.0,16.35098647743464
120,121.0,cluster_444929591_444929853,6,1,6.0,0.0001199013872827357
120,121.0,cluster_453491193_453491196,2,1,2.0,0.003538172416422146
120,121.0,joinedS_3056282982_cluster_500010834_500010835_500010836_500010837,2,1,3.0,0.0006108136809667897
120,121.0,joinedS_4159783704_4159783713,2,1,10.0,0.0
130,131.0,317267021,0,3,56.0,1.8042111637669895
130,131.0,318319948,2,1,7.0,8.258256008070894
130,131.0,318319950,3,0,0.0,0.0
130,131.0,344715428,2,0,0.0,8.673756932749638
130,131.0,459095577,0,0,0.0,0.0
130,131.0,459095593,0,1,3.0,7.996397214367916
130,131.0,5672981203,0,0,0.0,0.0
130,131.0,6734642660,0,0,0.0,0.0
130,131.0,728359174,2,0,0.0,0.0
130,131.0,931498932,2,0,0.0,0.0
130,131.0,cluster_12485993451_12485993457_444743027_999091207,4,0,0.0,0.0
130,131.0,cluster_12485993454_12485993455_12485993456_12485993458_#4more,2,1,20.0,0.0
130,131.0,cluster_12497859354_12497859355,2,0,0.0,0.0
130,131.0,cluster_1846673394_455570130,0,0,0.0,9.547482546139507
130,131.0,cluster_1933957591_1944596256_1944596258_500010840,2,0,0.0,16.650880219510807
130,131.0,cluster_286141464_317863064,2,0,0.0,10.206291841676647
130,131.0,cluster_317864209_317864212,1,1,24.0,0.0
130,131.0,cluster_318319949_3665705327,2,1,3.0,6.539458320208248
130,131.0,cluster_444929591_444929853,0,0,0.0,0.0
130,131.0,cluster_453491193_453491196,0,1,5.0,7.304247446903185
130,131.0,joinedS_3056282982_cluster_500010834_500010835_500010836_500010837,2,1,13.0,0.0
130,131.0,joinedS_4159783704_4159783713,4,0,0.0,0.0
140,141.0,317267021,0,4,94.0,0.0
140,141.0,318319948,2,1,17.0,0.0
140,141.0,318319950,0,0,0.0,0.0
140,141.0,344715428,0,0,0.0,11.788285866519434
140,141.0,459095577,2,1,4.0,0.0
140,141.0,459095593,2,0,0.0,0.0
140,141.0,5672981203,2,0,0.0,0.0
140,141.0,6734642660,0,0,0.0,0.0
140,141.0,728359174,2,0,0.0,0.0
140,141.0,931498932,2,0,0.0,0.0
140,141.0,cluster_12485993451_12485993457_444743027_999091207,0,0,0.0,2.481438369425237
140,141.0,cluster_12485993454_12485993455_12485993456_12485993458_#4more,3,2,31.0,0.4647871582659487
140,141.0,cluster_12497859354_12497859355,0,0,0.0,0.0
140,141.0,cluster_1846673394_455570130,0,0,0.0,0.81806167501123
140,141.0,cluster_1933957591_1944596256_1944596258_500010840,3,0,0.0,0.0
140,141.0,cluster_286141464_317863064,0,0,0.0,7.130442868115656
140,141.0,cluster_317864209_317864212,3,0,0.0,13.824260914279144
140,141.0,cluster_318319949_3665705327,0,0,0.0,16.17494308327325
140,141.0,cluster_444929591_444929853,2,0,0.0,0.0
140,141.0,cluster_453491193_453491196,2,0,0.0,8.733190491190282
140,141.0,joinedS_3056282982_cluster_500010834_500010835_500010836_500010837,2,1,23.0,0.0
140,141.0,joinedS_4159783704_4159783713,0,0,0.0,0.0
150,151.0,317267021,2,0,0.0,0.0
150,151.0,318319948,2,1,27.0,7.806033776801337
150,151.0,318319950,2,0,0.0,0.0
150,151.0,344715428,2,0,0.0,16.131708867689596
150,151.0,459095577,2,1,14.0,0.0
150,151.0,459095593,2,0,0.0,0.0
150,151.0,5672981203,0,0,0.0,0.0
150,151.0,6734642660,0,0,0.0,0.0
150,151.0,728359174,0,0,0.0,0.0
150,151.0,931498932,2,0,0.0,0.0
150,151.0,cluster_12485993451_12485993457_444743027_999091207,2,2,11.0,1.3063683044108287
150,151.0,cluster_12485993454_12485993455_12485993456_12485993458_#4more,5,3,22.0,8.213128247348341e-05
150,151.0,cluster_12497859354_12497859355,0,0,0.0,0.0
150,151.0,cluster_1846673394_455570130,0,0,0.0,0.0
150,151.0,cluster_1933957591_1944596256_1944596258_500010840,0,0,0.0,6.30418312001491
150,151.0,cluster_286141464_317863064,2,0,0.0,0.0
150,151.0,cluster_317864209_317864212,5,1,2.0,9.18183997301003
150,151.0,cluster_318319949_3665705327,2,0,0.0,16.113772089155393
150,151.0,cluster_444929591_444929853,4,0,0.0,0.0
150,151.0,cluster_453491193_453491196,0,0,0.0,15.411450180379457
150,151.0,joinedS_3056282982_cluster_500010834_500010835_500010836_500010837,0,0,0.0,0.0
150,151.0,joinedS_4159783704_4159783713,2,0,0.0,0.0
160,161.0,317267021,0,0,0.0,0.0
160,161.0,318319948,0,1,5.0,0.00018265194654033546
160,161.0,318319950,0,0,0.0,0.0
160,161.0,344715428,0,0,0.0,15.325451902704412
160,161.0,459095577,2,1,24.0,0.0
160,161.0,459095593,2,0,0.0,16.24408240628429
160,161.0,5672981203,2,0,0.0,0.0
160,161.0,6734642660,0,0,0.0,15.90427615304262
160,161.0,728359174,2,0,0.0,0.0
160,161.0,931498932,0,0,0.0,0.0
160,161.0,cluster_12485993451_12485993457_444743027_999091207,4,0,0.0,0.0
160,161.0,cluster_12485993454_12485993455_12485993456_12485993458_#4more,7,5,58.0,0.00029812707501256596
160,161.0,cluster_12497859354_12497859355,2,0,0.0,0.0
160,161.0,cluster_1846673394_455570130,0,0,0.0,0.0
160,161.0,cluster_1933957591_1944596256_1944596258_500010840,2,0,0.0,16.39026305492036
160,161.0,cluster_286141464_317863064,2,0,0.0,10.597994510610565
160,161.0,cluster_317864209_317864212,0,0,0.0,10.16233496800867
160,161.0,cluster_318319949_3665705327,0,0,0.0,0.0
160,161.0,cluster_444929591_444929853,4,1,1.0,0.0631835308013286
160,161.0,cluster_453491193_453491196,2,0,0.0,15.751143963755244
160,161.0,joinedS_3056282982_cluster_500010834_500010835_500010836_500010837,2,1,0.0,0.0
160,161.0,joinedS_4159783704_4159783713,4,0,0.0,0.0
170,171.0,317267021,2,0,0.0,12.501426053373141
170,171.0,318319948,2,0,0.0,0.0
170,171.0,318319950,2,0,0.0,0.0
170,171.0,344715428,0,0,0.0,14.171436523402305
170,171.0,459095577,2,1,34.0,0.0
170,171.0,459095593,2,1,4.0,0.0
170,171.0,5672981203,0,0,0.0,0.0
170,171.0,6734642660,0,0,0.0,0.0
170,171.0,728359174,0,0,0.0,0.0
170,171.0,931498932,2,0,0.0,0.0
170,171.0,cluster_12485993451_12485993457_444743027_999091207,4,0,0.0,0.0
170,171.0,cluster_12485993454_12485993455_12485993456_12485993458_#4more,1,0,0.0,0.0
170,171.0,cluster_12497859354_12497859355,0,0,0.0,20.812936578036204
170,171.0,cluster_1846673394_455570130,0,0,0.0,0.0
170,171.0,cluster_1933957591_1944596256_1944596258_500010840,0,1,1.0,0.030706343939314765
170,171.0,cluster_286141464_317863064,2,1,1.0,0.024331740074967204
170,171.0,cluster_317864209_317864212,1,0,0.0,5.873571146167805
170,171.0,cluster_318319949_3665705327,0,0,0.0,8.86916215233505
170,171.0,cluster_444929591_444929853,4,1,11.0,0.0
170,171.0,cluster_453491193_453491196,0,0,0.0,0.0
170,171.0,joinedS_3056282982_cluster_500010834_500010835_500010836_500010837,0,0,0.0,0.0
170,171.0,joinedS_4159783704_4159783713,0,1,3.0,0.0
180,181.0,317267021,0,0,0.0,7.175358530695178
180,181.0,318319948,0,0,0.0,0.0
180,181.0,318319950,0,0,0.0,0.0
180,181.0,344715428,2,0,0.0,14.135960846266903
180,181.0,459095577,3,1,44.0,4.42364735448627
180,181.0,459095593,2,1,14.0,0.0
180,181.0,5672981203,0,0,0.0,0.0
180,181.0,6734642660,0,0,0.0,0.0
180,181.0,728359174,2,0,0.0,0.0
180,181.0,931498932,0,0,0.0,0.0
180,181.0,cluster_12485993451_12485993457_444743027_999091207,4,0,0.0,0.0
180,181.0,cluster_12485993454_12485993455_12485993456_12485993458_#4more,2,0,0.0,26.513561850090323
180,181.0,cluster_12497859354_12497859355,0,0,0.0,19.913780308887354
180,181.0,cluster_1846673394_455570130,0,0,0.0,11.980552443475299
180,181.0,cluster_1933957591_1944596256_1944596258_500010840,2,1,1.0,4.4306689005093185
180,181.0,cluster_286141464_317863064,0,0,0.0,18.127953571167176
180,181.0,cluster_317864209_317864212,3,0,0.0,0.0
180,181.0,cluster_318319949_3665705327,0,0,0.0,14.42950415605824
180,181.0,cluster_444929591_444929853,4,1,21.0,8.42784850801765
180,181.0,cluster_453491193_453491196,0,0,0.0,0.13335138201282531
180,181.0,joinedS_3056282982_cluster_500010834_500010835_500010836_500010837,2,0,0.0,0.0
180,181.0,joinedS_4159783704_4159783713,2,0,0.0,0.0
190,191.0,317267021,2,1,4.0,0.0010250121521951684
190,191.0,318319948,2,0,0.0,18.733430127500075
190,191.0,318319950,2,0,0.0,0.0
190,191.0,344715428,0,0,0.0,15.743951727661965
190,191.0,459095577,5,2,61.0,0.0
190,191.0,459095593,2,1,24.0,0.07790812575867394
190,191.0,5672981203,0,0,0.0,0.0
190,191.0,6734642660,0,0,0.0,0.0
190,191.0,728359174,0,0,0.0,0.0
190,191.0,931498932,2,0,0.0,10.776061285993272
190,191.0,cluster_12485993451_12485993457_444743027_999091207,4,0,0.0,0.0
190,191.0,cluster_12485993454_12485993455_12485993456_12485993458_#4more,3,2,7.0,0.00320602445087241
190,191.0,cluster_12497859354_12497859355,2,1,5.0,11.576646008015917
190,191.0,cluster_1846673394_455570130,0,0,0.0,0.0
190,191.0,cluster_1933957591_1944596256_1944596258_500010840,0,2,13.0,7.66901362060084
190,191.0,cluster_286141464_317863064,2,1,2.0,0.010979603111823479
190,191.0,cluster_317864209_317864212,5,1,6.0,0.0
190,191.0,cluster_318319949_3665705327,0,0,0.0,9.965794400584914
190,191.0,cluster_444929591_444929853,4,1,31.0,0.0
190,191.0,cluster_453491193_453491196,0,2,12.0,0.00808205747967487
190,191.0,joinedS_3056282982_cluster_500010834_500010835_500010836_500010837,0,0,0.0,0.0
190,191.0,joinedS_4159783704_4159783713,3,0,0.0,0.0
200,201.0,317267021,2,1,14.0,0.0
200,201.0,318319948,0,1,1.0,9.316033737661037
200,201.0,318319950,2,0,0.0,0.0
200,201.0,344715428,2,0,0.0,15.890153860407043
200,201.0,459095577,7,2,81.0,0.0
200,201.0,459095593,0,0,0.0,16.48602847739123
200,201.0,5672981203,0,0,0.0,0.0
200,201.0,6734642660,0,0,0.0,0.0
200,201.0,728359174,0,0,0.0,0.0
200,201.0,931498932,0,0,0.0,0.0
200,201.0,cluster_12485993451_12485993457_444743027_999091207,4,0,0.0,0.0
200,201.0,cluster_12485993454_12485993455_12485993456_12485993458_#4more,4,1,15.0,0.0
200,201.0,cluster_12497859354_12497859355,0,0,0.0,1.3218434545856548
200,201.0,cluster_1846673394_455570130,0,0,0.0,0.0
200,201.0,cluster_1933957591_1944596256_1944596258_500010840,0,0,0.0,0.0
200,201.0,cluster_286141464_317863064,0,0,0.0,14.30132636542535
200,201.0,cluster_317864209_317864212,0,1,16.0,5.656190295866691
200,201.0,cluster_318319949_3665705327,0,1,7.0,0.0
200,201.0,cluster_444929591_444929853,6,1,41.0,0.0
200,201.0,cluster_453491193_453491196,2,0,0.0,0.0
200,201.0,joinedS_3056282982_cluster_500010834_500010835_500010836_500010837,0,0,0.0,0.0
200,201.0,joinedS_4159783704_4159783713,5,0,0.0,0.0
210,211.0,317267021,2,1,24.0,3.3856514023317352
210,211.0,318319948,2,1,2.0,6.483429812866325
210,211.0,318319950,2,0,0.0,0.0
210,211.0,344715428,0,0,0.0,15.962349671930168
210,211.0,459095577,1,0,0.0,0.0
210,211.0,459095593,2,0,0.0,0.0
210,211.0,5672981203,0,0,0.0,0.0
210,211.0,6734642660,0,0,0.0,0.0
210,211.0,728359174,0,0,0.0,17.987260174012675
210,211.0,931498932,2,0,0.0,0.0
210,211.0,cluster_12485993451_12485993457_444743027_999091207,4,0,0.0,0.0
210,211.0,cluster_12485993454_12485993455_12485993456_12485993458_#4more,6,0,0.0,2.8075445044354788
210,211.0,cluster_12497859354_12497859355,0,0,0.0,0.0
210,211.0,cluster_1846673394_455570130,0,0,0.0,0.0
210,211.0,cluster_1933957591_1944596256_1944596258_500010840,0,0,0.0,14.03112194703118
210,211.0,cluster_286141464_317863064,2,1,1.0,0.010326751302337416
210,211.0,cluster_317864209_317864212,2,0,0.0,8.415511226325295
210,211.0,cluster_318319949_3665705327,0,1,17.0,0.0
210,211.0,cluster_444929591_444929853,0,0,0.0,0.0
210,211.0,cluster_453491193_453491196,0,0,0.0,12.282060036042303
210,211.0,joinedS_3056282982_cluster_500010834_500010835_500010836_500010837,0,0,0.0,16.69029357960229
210,211.0,joinedS_4159783704_4159783713,1,0,0.0,16.221161159948633
220,221.0,317267021,2,2,43.0,4.653129814181974
220,221.0,318319948,2,0,0.0,0.0
220,221.0,318319950,2,0,0.0,0.0
220,221.0,344715428,1,0,0.0,0.0
220,221.0,459095577,3,1,4.0,0.0022391005672398982
220,221.0,459095593,0,0,0.0,0.0
220,221.0,5672981203,0,0,0.0,0.0
220,221.0,6734642660,0,0,0.0,0.0
220,221.0,728359174,2,0,0.0,0.0
220,221.0,931498932,2,0,0.0,0.0
220,221.0,cluster_12485993451_12485993457_444743027_999091207,0,0,0.0,0.0
220,221.0,cluster_12485993454_12485993455_12485993456_12485993458_#4more,0,0,0.0,2.273912024901746
220,221.0,cluster_12497859354_12497859355,2,1,1.0,9.7532338384539
220,221.0,cluster_1846673394_455570130,0,0,0.0,0.0
220,221.0,cluster_1933957591_1944596256_1944596258_500010840,0,0,0.0,11.466429743645424
220,221.0,cluster_286141464_317863064,2,1,11.0,7.053859706919775
220,221.0,cluster_317864209_317864212,4,2,14.0,7.163177757844042
220,221.0,cluster_318319949_3665705327,2,0,0.0,16.36516452650119
220,221.0,cluster_444929591_444929853,2,0,0.0,20.142156033651194
220,221.0,cluster_453491193_453491196,1,1,8.0,0.0
220,221.0,joinedS_3056282982_cluster_500010834_500010835_500010836_500010837,0,0,0.0,15.316245014530285
220,221.0,joinedS_4159783704_4159783713,2,1,5.0,0.0
230,231.0,317267021,2,2,63.0,4.167457916519695
230,231.0,318319948,2,0,0.0,14.779472489397506
230,231.0,318319950,2,1,2.0,8.350143012112584
230,231.0,344715428,3,1,1.0,2.8020586614672003
230,231.0,459095577,5,0,0.0,0.0
230,231.0,459095593,1,0,0.0,0.0
230,231.0,5672981203,2,0,0.0,0.0
230,231.0,6734642660,0,0,0.0,0.0
230,231.0,728359174,0,0,0.0,0.0
230,231.0,931498932,2,0,0.0,8.86408026853628
230,231.0,cluster_12485993451_12485993457_444743027_999091207,2,2,7.0,0.02364179363198564
230,231.0,cluster_12485993454_12485993455_12485993456_12485993458_#4more,1,2,17.0,2.9808959660453884
230,231.0,cluster_12497859354_12497859355,3,2,15.0,0.0
230,231.0,cluster_1846673394_455570130,0,0,0.0,16.7022092664862
230,231.0,cluster_1933957591_1944596256_1944596258_500010840,0,1,9.0,11.08504057772428
230,231.0,cluster_286141464_317863064,0,0,0.0,9.012089956920446
230,231.0,cluster_317864209_317864212,0,0,0.0,0.8084485237151452
230,231.0,cluster_318319949_3665705327,0,0,0.0,14.636542837964786
230,231.0,cluster_444929591_444929853,4,0,0.0,20.174696023287474
230,231.0,cluster_453491193_453491196,3,0,0.0,0.0
230,231.0,joinedS_3056282982_cluster_500010834_500010835_500010836_500010837,0,2,3.0,6.341190244539573
230,231.0,joinedS_4159783704_4159783713,4,2,15.0,0.006247026194081662
240,241.0,317267021,2,2,83.0,4.362278386008198
240,241.0,318319948,2,2,4.0,0.003447557533032964
240,241.0,318319950,0,0,0.0,0.0
240,241.0,344715428,1,0,0.0,0.0
240,241.0,459095577,7,0,0.0,0.0
240,241.0,459095593,2,0,0.0,0.0
240,241.0,5672981203,0,0,0.0,0.0
240,241.0,6734642660,0,0,0.0,16.48825956190005
240,241.0,728359174,2,0,0.0,0.11264263161094346
240,241.0,931498932,2,1,7.0,0.0
240,241.0,cluster_12485993451_12485993457_444743027_999091207,4,0,0.0,12.100046378518277
240,241.0,cluster_12485993454_12485993455_12485993456_12485993458_#4more,2,1,7.0,0.0
240,241.0,cluster_12497859354_12497859355,0,0,0.0,0.0
240,241.0,cluster_1846673394_455570130,0,0,0.0,16.511055208782526
240,241.0,cluster_1933957591_1944596256_1944596258_500010840,0,1,19.0,3.442632440524176
240,241.0,cluster_286141464_317863064,1,0,0.0,0.0
240,241.0,cluster_317864209_317864212,1,2,8.0,7.133767377131166
240,241.0,cluster_318319949_3665705327,2,1,2.0,8.297691950402223
240,241.0,cluster_444929591_444929853,6,0,0.0,10.058904332202223
240,241.0,cluster_453491193_453491196,1,0,0.0,0.0
240,241.0,joinedS_3056282982_cluster_500010834_500010835_500010836_500010837,0,2,23.0,0.0
240,241.0,joinedS_4159783704_4159783713,0,1,0.0,0.0
250,251.0,317267021,0,1,4.0,0.00027335828454277787
250,251.0,318319948,2,2,24.0,0.0
250,251.0,318319950,2,0,0.0,10.476442368747104
250,251.0,344715428,2,0,0.0,0.0
250,251.0,459095577,0,1,4.0,0.001819009143871034
250,251.0,459095593,0,0,0.0,0.0
250,251.0,5672981203,2,0,0.0,14.513306303881105
250,251.0,6734642660,0,0,0.0,0.0
250,251.0,728359174,0,1,0.0,16.67
250,251.0,931498932,2,1,17.0,6.386220794909696
250,251.0,cluster_12485993451_12485993457_444743027_999091207,0,0,0.0,12.624089458698178
250,251.0,cluster_12485993454_12485993455_12485993456_12485993458_#4more,3,1,17.0,7.255949659795224
250,251.0,cluster_12497859354_12497859355,1,0,0.0,0.0
250,251.0,cluster_1846673394_455570130,0,0,0.0,13.045326196612294
250,251.0,cluster_1933957591_1944596256_1944596258_500010840,2,1,1.0,11.159431269692831
250,251.0,cluster_286141464_317863064,3,0,0.0,13.523565410390956
250,251.0,cluster_317864209_317864212,3,4,36.0,0.0018990470025239841
250,251.0,cluster_318319949_3665705327,0,0,0.0,16.179517868887636
250,251.0,cluster_444929591_444929853,6,1,10.0,8.38953004834815
250,251.0,cluster_453491193_453491196,3,0,0.0,0.0
250,251.0,joinedS_3056282982_cluster_500010834_500010835_500010836_500010837,2,0,0.0,0.0
250,251.0,joinedS_4159783704_4159783713,0,2,2.0,0.0
260,261.0,317267021,2,1,1.0,4.783007680884592
260,261.0,318319948,2,2,44.0,5.640034942337185
260,261.0,318319950,0,0,0.0,0.0
260,261.0,344715428,0,0,0.0,8.454436176326125
260,261.0,459095577,2,1,14.0,0.0
260,261.0,459095593,2,1,2.0,2.6218806794238514
260,261.0,5672981203,3,0,0.0,0.0
260,261.0,6734642660,0,0,0.0,0.0
260,261.0,728359174,2,1,0.0,16.67
260,261.0,931498932,2,4,44.0,0.06006381486780693
260,261.0,cluster_12485993451_12485993457_444743027_999091207,1,0,0.0,0.0
260,261.0,cluster_12485993454_12485993455_12485993456_12485993458_#4more,5,4,42.0,0.08981907937436331
260,261.0,cluster_12497859354_12497859355,3,1,1.0,6.709165102085069
260,261.0,cluster_1846673394_455570130,0,0,0.0,7.921981928102464
260,261.0,cluster_1933957591_1944596256_1944596258_500010840,0,0,0.0,12.427632877840042
260,261.0,cluster_286141464_317863064,1,0,0.0,15.887965997254344
260,261.0,cluster_317864209_317864212,5,5,77.0,0.003943611726592258
260,261.0,cluster_318319949_3665705327,2,0,0.0,0.0
260,261.0,cluster_444929591_444929853,0,1,20.0,8.509887012865999
260,261.0,cluster_453491193_453491196,0,0,0.0,0.17851392192893079
260,261.0,joinedS_3056282982_cluster_500010834_500010835_500010836_500010837,0,0,0.0,0.0
260,261.0,joinedS_4159783704_4159783713,1,2,12.0,0.0
270,271.0,317267021,0,1,3.0,1.48477652247314
270,271.0,318319948,0,1,1.0,0.04311121801408353
270,271.0,318319950,2,0,0.0,11.112934714956207
270,271.0,344715428,2,0,0.0,16.549867813223976
270,271.0,459095577,4,0,0.0,0.0
270,271.0,459095593,3,2,21.0,1.8846036898931493
270,271.0,5672981203,1,0,0.0,0.0
270,271.0,6734642660,0,0,0.0,0.0
270,271.0,728359174,2,0,0.0,2.4559242961462586
270,271.0,931498932,0,3,5.0,0.429892452755051
270,271.0,cluster_12485993451_12485993457_444743027_999091207,3,1,0.0,7.737839559501023
270,271.0,cluster_12485993454_12485993455_12485993456_12485993458_#4more,7,5,91.0,0.0
270,271.0,cluster_12497859354_12497859355,0,0,0.0,0.0
270,271.0,cluster_1846673394_455570130,0,0,0.0,0.0
270,271.0,cluster_1933957591_1944596256_1944596258_500010840,1,2,10.0,5.767233561002587
270,271.0,cluster_286141464_317863064,3,4,6.0,3.762795152291543
270,271.0,cluster_317864209_317864212,0,3,81.0,3.4303945745211095
270,271.0,cluster_318319949_3665705327,0,0,0.0,0.0
270,271.0,cluster_444929591_444929853,2,3,35.0,0.01679799409425275
270,271.0,cluster_453491193_453491196,2,0,0.0,0.0
270,271.0,joinedS_3056282982_cluster_500010834_500010835_500010836_500010837,2,0,0.0,15.227974307595726
270,271.0,joinedS_4159783704_4159783713,2,1,0.0,0.0
280,281.0,317267021,2,2,8.0,1.3803880009077756
280,281.0,318319948,2,0,0.0,6.128484150610157
280,281.0,318319950,0,0,0.0,3.541008915291961
280,281.0,344715428,0,0,0.0,16.421857936941088
280,281.0,459095577,6,0,0.0,0.0
280,281.0,459095593,1,0,0.0,0.0
280,281.0,5672981203,3,0,0.0,13.480850340615087
280,281.0,6734642660,0,0,0.0,3.6085867613554004
280,281.0,728359174,2,0,0.0,16.32301048769616
280,281.0,931498932,2,0,0.0,9.444710809557575
280,281.0,cluster_12485993451_12485993457_444743027_999091207,5,0,0.0,13.181617909484482
280,281.0,cluster_12485993454_12485993455_12485993456_12485993458_#4more,0,0,0.0,8.754921011142303
280,281.0,cluster_12497859354_12497859355,1,0,0.0,0.0
280,281.0,cluster_1846673394_455570130,0,0,0.0,0.0
280,281.0,cluster_1933957591_1944596256_1944596258_500010840,2,0,0.0,3.1591601731738415
280,281.0,cluster_286141464_317863064,0,4,31.0,5.515753429877937
280,281.0,cluster_317864209_317864212,0,2,5.0,0.1346500905706518
280,281.0,cluster_318319949_3665705327,0,0,0.0,12.365152304435615
280,281.0,cluster_444929591_444929853,4,1,14.0,0.4137903770199045
280,281.0,cluster_453491193_453491196,0,1,3.0,7.606479139502224
280,281.0,joinedS_3056282982_cluster_500010834_500010835_500010836_500010837,2,0,0.0,15.17196131274148
280,281.0,joinedS_4159783704_4159783713,4,0,0.0,5.05526553299278
290,291.0,317267021,3,2,2.0,0.8471367528429858
290,291.0,318319948,0,0,0.0,16.419077524431053
290,291.0,318319950,0,0,0.0,0.0
290,291.0,344715428,2,0,0.0,7.956193120930818
290,291.0,459095577,0,1,3.0,0.0013528199335854627
290,291.0,459095593,2,0,0.0,0.0
290,291.0,5672981203,0,0,0.0,0.0
290,291.0,6734642660,0,0,0.0,0.0
290,291.0,728359174,2,0,0.0,0.0
290,291.0,931498932,0,0,0.0,6.441473253593356
290,291.0,cluster_12485993451_12485993457_444743027_999091207,0,0,0.0,0.0
290,291.0,cluster_12485993454_12485993455_12485993456_12485993458_#4more,2,0,0.0,8.37678151732364
290,291.0,cluster_12497859354_12497859355,3,0,0.0,0.0
290,291.0,cluster_1846673394_455570130,0,0,0.0,0.0
290,291.0,cluster_1933957591_1944596256_1944596258_500010840,0,1,6.0,0.0
290,291.0,cluster_286141464_317863064,2,8,72.0,0.5385909020654764
290,291.0,cluster_317864209_317864212,0,4,44.0,1.4397702324823722
290,291.0,cluster_318319949_3665705327,2,0,0.0,13.400376574833658
290,291.0,cluster_444929591_444929853,4,0,0.0,15.70850550189984
290,291.0,cluster_453491193_453491196,2,0,0.0,14.492646235646676
290,291.0,joinedS_3056282982_cluster_500010834_500010835_500010836_500010837,2,0,0.0,11.041377502971002
290,291.0,joinedS_4159783704_4159783713,0,0,0.0,0.0
300,301.0,317267021,1,3,22.0,1.5525436228000546
300,301.0,318319948,2,1,1.0,6.87439164027902
300,301.0,318319950,2,0,0.0,18.10760528738549
300,301.0,344715428,0,0,0.0,14.246859624862253
300,301.0,459095577,2,1,13.0,0.0
300,301.0,459095593,0,0,0.0,0.0
300,301.0,5672981203,2,0,0.0,0.0
300,301.0,6734642660,0,0,0.0,0.0
300,301.0,728359174,2,0,0.0,13.775721436898866
300,301.0,931498932,2,0,0.0,0.27743211405135015
300,301.0,cluster_12485993451_12485993457_444743027_999091207,2,0,0.0,0.2125065108534603
300,301.0,cluster_12485993454_12485993455_12485993456_12485993458_#4more,2,1,7.0,1.3557847089040311
300,301.0,cluster_12497859354_12497859355,0,0,0.0,13.813704571428703
300,301.0,cluster_1846673394_455570130,0,0,0.0,0.0
300,301.0,cluster_1933957591_1944596256_1944596258_500010840,2,0,0.0,5.164980556438563
300,301.0,cluster_286141464_317863064,0,1,2.0,2.9342326582913603
300,301.0,cluster_317864209_317864212,0,4,84.0,0.0
300,301.0,cluster_318319949_3665705327,0,0,0.0,9.222365778643407
300,301.0,cluster_444929591_444929853,4,0,0.0,0.0
300,301.0,cluster_453491193_453491196,0,0,0.0,0.0
300,301.0,joinedS_3056282982_cluster_500010834_500010835_500010836_500010837,0,0,0.0,13.352396465415836
300,301.0,joinedS_4159783704_4159783713,2,0,0.0,7.805201075971126
310,311.0,317267021,3,1,9.0,0.0
310,311.0,318319948,0,0,0.0,5.470466522202617
310,311.0,318319950,0,0,0.0,13.427707614957207
310,311.0,344715428,0,0,0.0,15.545749169275616
310,311.0,459095577,4,0,0.0,0.0
310,311.0,459095593,2,0,0.0,0.0
310,311.0,5672981203,0,0,0.0,0.0
310,311.0,6734642660,0,0,0.0,0.0
310,311.0,728359174,2,0,0.0,0.0
310,311.0,931498932,0,0,0.0,4.071202656858344
310,311.0,cluster_12485993451_12485993457_444743027_999091207,4,0,0.0,15.65664145464948
310,311.0,cluster_12485993454_12485993455_12485993456_12485993458_#4more,4,2,26.0,0.0
310,311.0,cluster_12497859354_12497859355,1,0,0.0,5.131679094458042
310,311.0,cluster_1846673394_455570130,0,0,0.0,0.0
310,311.0,cluster_1933957591_1944596256_1944596258_500010840,0,0,0.0,14.427338229096494
310,311.0,cluster_286141464_317863064,2,0,0.0,3.6748368618063143
310,311.0,cluster_317864209_317864212,1,2,35.0,0.11096511357617325
310,311.0,cluster_318319949_3665705327,2,0,0.0,8.175610304045932
310,311.0,cluster_444929591_444929853,6,0,0.0,0.0
310,311.0,cluster_453491193_453491196,2,0,0.0,0.0
310,311.0,joinedS_3056282982_cluster_500010834_500010835_500010836_500010837,2,0,0.0,12.952750273255402
310,311.0,joinedS_4159783704_4159783713,2,1,5.0,0.0
320,321.0,317267021,0,0,0.0,12.377685170399335
320,321.0,318319948,0,0,0.0,16.493311406187715
320,321.0,318319950,2,0,0.0,0.0
320,321.0,344715428,0,0,0.0,15.381991553654865
320,321.0,459095577,6,0,0.0,0.0
320,321.0,459095593,0,0,0.0,0.0
320,321.0,5672981203,2,0,0.0,0.0
320,321.0,6734642660,0,0,0.0,0.0
320,321.0,728359174,0,0,0.0,0.0
320,321.0,931498932,0,2,14.0,0.00023188293838125263
320,321.0,cluster_12485993451_12485993457_444743027_999091207,0,0,0.0,11.880265852028737
320,321.0,cluster_12485993454_12485993455_12485993456_12485993458_#4more,6,1,27.0,0.0
320,321.0,cluster_12497859354_12497859355,3,2,17.0,5.129174453002414
320,321.0,cluster_1846673394_455570130,0,0,0.0,0.0
320,321.0,cluster_1933957591_1944596256_1944596258_500010840,2,0,0.0,16.470336727220566
320,321.0,cluster_286141464_317863064,2,3,18.0,5.0906892664624035
320,321.0,cluster_317864209_317864212,3,3,31.0,0.0
320,321.0,cluster_318319949_3665705327,0,0,0.0,2.7190601815582673
320,321.0,cluster_444929591_444929853,0,0,0.0,0.0
320,321.0,cluster_453491193_453491196,2,0,0.0,19.106188773564284
320,321.0,joinedS_3056282982_cluster_500010834_500010835_500010836_500010837,0,0,0.0,0.0
320,321.0,joinedS_4159783704_4159783713,2,1,15.0,0.0
330,331.0,317267021,2,0,0.0,0.0
330,331.0,318319948,0,1,3.0,0.0004471306362752367
330,331.0,318319950,0,0,0.0,14.495771186705383
330,331.0,344715428,0,0,0.0,0.0
330,331.0,459095577,6,0,0.0,7.447746562528204
330,331.0,459095593,2,0,0.0,0.0
330,331.0,5672981203,0,0,0.0,0.0
330,331.0,6734642660,0,0,0.0,0.0
330,331.0,728359174,2,0,0.0,0.0
330,331.0,931498932,0,2,34.0,0.0
330,331.0,cluster_12485993451_12485993457_444743027_999091207,2,1,7.0,0.17787644929975652
330,331.0,cluster_12485993454_12485993455_12485993456_12485993458_#4more,0,1,1.0,0.01978389007954394
330,331.0,cluster_12497859354_12497859355,0,0,0.0,5.039708081033451
330,331.0,cluster_1846673394_455570130,0,0,0.0,0.0
330,331.0,cluster_1933957591_1944596256_1944596258_500010840,0,0,0.0,11.56538237448333
330,331.0,cluster_286141464_317863064,0,2,7.0,3.550840078347145
330,331.0,cluster_317864209_317864212,4,3,61.0,2.1180648612508106
330,331.0,cluster_318319949_3665705327,2,0,0.0,0.0
330,331.0,cluster_444929591_444929853,2,0,0.0,0.0
330,331.0,cluster_453491193_453491196,2,0,0.0,8.77998265016555
330,331.0,joinedS_3056282982_cluster_500010834_500010835_500010836_500010837,2,0,0.0,0.0
330,331.0,joinedS_4159783704_4159783713,2,2,29.0,0.0013415124370976445
340,341.0,317267021,0,0,0.0,0.0
340,341.0,318319948,0,1,13.0,0.0
340,341.0,318319950,2,0,0.0,0.0
340,341.0,344715428,0,0,0.0,0.0
340,341.0,459095577,6,1,8.0,0.0
340,341.0,459095593,0,0,0.0,5.428929016040637
340,341.0,5672981203,2,0,0.0,0.0
340,341.0,6734642660,0,0,0.0,0.0
340,341.0,728359174,0,0,0.0,0.0
340,341.0,931498932,0,2,54.0,0.0
340,341.0,cluster_12485993451_12485993457_444743027_999091207,4,0,0.0,0.0
340,341.0,cluster_12485993454_12485993455_12485993456_12485993458_#4more,1,1,11.0,14.535057805101495
340,341.0,cluster_12497859354_12497859355,1,0,0.0,0.0
340,341.0,cluster_1846673394_455570130,0,0,0.0,0.0
340,341.0,cluster_1933957591_1944596256_1944596258_500010840,0,0,0.0,16.252866106426165
340,341.0,cluster_286141464_317863064,0,3,29.0,6.4369251195203026
340,341.0,cluster_317864209_317864212,0,1,6.0,4.860767114566587
340,341.0,cluster_318319949_3665705327,2,0,0.0,0.0
340,341.0,cluster_444929591_444929853,4,0,0.0,0.0
340,341.0,cluster_453491193_453491196,0,0,0.0,0.0
340,341.0,joinedS_3056282982_cluster_500010834_500010835_500010836_500010837,2,0,0.0,11.877484446386607
340,341.0,joinedS_4159783704_4159783713,4,2,49.0,0.0
350,351.0,317267021,2,0,0.0,0.0
350,351.0,318319948,0,1,23.0,0.0
350,351.0,318319950,2,0,0.0,10.381256589039413
350,351.0,344715428,0,0,0.0,0.0
350,351.0,459095577,6,1,18.0,0.6197273779369048
350,351.0,459095593,0,0,0.0,0.0
350,351.0,5672981203,2,0,0.0,0.0
350,351.0,6734642660,0,0,0.0,15.731405591240385
350,351.0,728359174,2,0,0.0,12.293018042149345
350,351.0,931498932,0,2,74.0,0.0
350,351.0,cluster_12485993451_12485993457_444743027_999091207,5,0,0.0,0.0
350,351.0,cluster_12485993454_12485993455_12485993456_12485993458_#4more,2,1,21.0,0.0
350,351.0,cluster_12497859354_12497859355,3,0,0.0,21.787203978407888
350,351.0,cluster_1846673394_455570130,0,0,0.0,0.0
350,351.0,cluster_1933957591_1944596256_1944596258_500010840,0,0,0.0,0.0
350,351.0,cluster_286141464_317863064,1,5,68.0,2.918401734057247
350,351.0,cluster_317864209_317864212,2,3,13.0,7.342410524716321
350,351.0,cluster_318319949_3665705327,2,0,0.0,6.036674489893832
350,351.0,cluster_444929591_444929853,6,0,0.0,0.0
350,351.0,cluster_453491193_453491196,2,0,0.0,0.0
350,351.0,joinedS_3056282982_cluster_500010834_500010835_500010836_500010837,2,0,0.0,16.18472560944967
350,351.0,joinedS_4159783704_4159783713,4,2,69.0,0.0
360,361.0,317267021,0,0,0.0,11.984909113693092
360,361.0,318319948,0,1,33.0,0.0
360,361.0,318319950,2,2,10.0,0.009335657461336173
360,361.0,344715428,2,0,0.0,18.6362900967724
360,361.0,459095577,6,2,38.0,0.0
360,361.0,459095593,0,0,0.0,14.398308409963468
360,361.0,5672981203,2,0,0.0,0.0
360,361.0,6734642660,0,0,0.0,0.0
360,361.0,728359174,0,1,0.0,16.67
360,361.0,931498932,0,2,94.0,0.0
360,361.0,cluster_12485993451_12485993457_444743027_999091207,0,1,5.0,0.0003118153018750079
360,361.0,cluster_12485993454_12485993455_12485993456_12485993458_#4more,3,1,31.0,11.65578219847678
360,361.0,cluster_12497859354_12497859355,0,0,0.0,17.723151715863487
360,361.0,cluster_1846673394_455570130,0,0,0.0,0.0
360,361.0,cluster_1933957591_1944596256_1944596258_500010840,0,0,0.0,0.0
360,361.0,cluster_286141464_317863064,3,1,3.0,6.442684184919835
360,361.0,cluster_317864209_317864212,4,5,54.0,2.7568894401680812
360,361.0,cluster_318319949_3665705327,2,1,9.0,0.08501969349437087
360,361.0,cluster_444929591_444929853,6,0,0.0,0.0
360,361.0,cluster_453491193_453491196,0,0,0.0,0.0
360,361.0,joinedS_3056282982_cluster_500010834_500010835_500010836_500010837,2,0,0.0,4.208504637433315
360,361.0,joinedS_4159783704_4159783713,0,0,0.0,1.705477736518664
370,371.0,317267021,0,3,11.0,0.027240745397674727
370,371.0,318319948,2,0,0.0,0.0
370,371.0,318319950,0,0,0.0,0.0
370,371.0,344715428,0,0,0.0,0.0
370,371.0,459095577,6,2,58.0,0.0
370,371.0,459095593,2,0,0.0,0.0
370,371.0,5672981203,2,0,0.0,0.0
370,371.0,6734642660,0,0,0.0,0.0
370,371.0,728359174,2,1,0.0,16.67
370,371.0,931498932,2,0,0.0,10.094023358829377
370,371.0,cluster_12485993451_12485993457_444743027_999091207,2,2,16.0,0.025913917321007153
370,371.0,cluster_12485993454_12485993455_12485993456_12485993458_#4more,5,2,43.0,0.028079852773243333
370,371.0,cluster_12497859354_12497859355,1,0,0.0,0.0
370,371.0,cluster_1846673394_455570130,0,0,0.0,0.0
370,371.0,cluster_1933957591_1944596256_1944596258_500010840,0,0,0.0,0.0
370,371.0,cluster_286141464_317863064,0,1,10.0,0.0
370,371.0,cluster_317864209_317864212,0,5,58.0,4.855844209335211
370,371.0,cluster_318319949_3665705327,2,2,29.0,1.8955261847935618
370,371.0,cluster_444929591_444929853,0,0,0.0,0.0
370,371.0,cluster_453491193_453491196,2,0,0.0,11.87233170651553
370,371.0,joinedS_3056282982_cluster_500010834_500010835_500010836_500010837,2,1,9.0,0.0
370,371.0,joinedS_4159783704_4159783713,1,1,2.0,0.00037929720060950417
380,381.0,317267021,0,3,41.0,0.0
380,381.0,318319948,0,0,0.0,16.45163905069232
380,381.0,318319950,2,0,0.0,0.0
380,381.0,344715428,2,1,0.0,5.244441976494056
380,381.0,459095577,0,1,30.0,0.0
380,381.0,459095593,0,0,0.0,0.0
380,381.0,5672981203,2,0,0.0,0.0
380,381.0,6734642660,0,0,0.0,0.0
380,381.0,728359174,2,1,0.0,16.67
380,381.0,931498932,0,0,0.0,17.83213713359187
380,381.0,cluster_12485993451_12485993457_444743027_999091207,4,0,0.0,1.8112246549936784
380,381.0,cluster_12485993454_12485993455_12485993456_12485993458_#4more,7,1,12.0,7.543476199520361
380,381.0,cluster_12497859354_12497859355,3,0,0.0,9.939619860351783
380,381.0,cluster_1846673394_455570130,0,0,0.0,0.0
380,381.0,cluster_1933957591_1944596256_1944596258_500010840,0,0,0.0,0.0
380,381.0,cluster_286141464_317863064,2,0,0.0,10.530702149614958
380,381.0,cluster_317864209_317864212,0,5,49.0,0.6843143898035764
380,381.0,cluster_318319949_3665705327,2,2,49.0,5.078533086646346
380,381.0,cluster_444929591_444929853,2,0,0.0,0.0
380,381.0,cluster_453491193_453491196,3,0,0.0,0.0
380,381.0,joinedS_3056282982_cluster_500010834_500010835_500010836_500010837,0,0,0.0,0.0
380,381.0,joinedS_4159783704_4159783713,3,1,12.0,0.0
390,391.0,317267021,0,5,75.0,0.36625626047538185
390,391.0,318319948,1,0,0.0,0.0
390,391.0,318319950,0,0,0.0,0.0
390,391.0,344715428,0,1,4.0,4.519580081314779
390,391.0,459095577,2,1,40.0,0.0
390,391.0,459095593,2,1,1.0,0.18444756345675786
390,391.0,5672981203,2,0,0.0,0.0
390,391.0,6734642660,0,0,0.0,0.0
390,391.0,728359174,2,0,0.0,0.0
390,391.0,931498932,2,0,0.0,3.9413170953531322
390,391.0,cluster_12485993451_12485993457_444743027_999091207,0,0,0.0,12.581415833038065
390,391.0,cluster_12485993454_12485993455_12485993456_12485993458_#4more,0,1,22.0,0.0
390,391.0,cluster_12497859354_12497859355,0,0,0.0,0.0
390,391.0,cluster_1846673394_455570130,0,0,0.0,0.0
390,391.0,cluster_1933957591_1944596256_1944596258_500010840,2,0,0.0,0.0
390,391.0,cluster_286141464_317863064,0,0,0.0,17.462917088963763
390,391.0,cluster_317864209_317864212,0,5,94.0,3.2861175608572797
390,391.0,cluster_318319949_3665705327,0,0,0.0,16.405353452153506
390,391.0,cluster_444929591_444929853,4,0,0.0,0.0
390,391.0,cluster_453491193_453491196,1,0,0.0,16.11816308631562
390,391.0,joinedS_3056282982_cluster_500010834_500010835_500010836_500010837,2,0,0.0,0.0
390,391.0,joinedS_4159783704_4159783713,5,1,22.0,5.9593967777323735
400,401.0,317267021,0,6,134.0,1.7093603117620755
400,401.0,318319948,3,0,0.0,0.0
400,401.0,318319950,2,0,0.0,0.0
400,401.0,344715428,0,0,0.0,10.884108277315779
400,401.0,459095577,4,0,0.0,0.0
400,401.0,459095593,0,1,2.0,0.21483133093645387
400,401.0,5672981203,0,0,0.0,0.0
400,401.0,6734642660,0,0,0.0,0.0
400,401.0,728359174,2,0,0.0,0.0
400,401.0,931498932,2,2,12.0,0.0007492681489401323
400,401.0,cluster_12485993451_12485993457_444743027_999091207,2,1,7.0,10.62111591980574
400,401.0,cluster_12485993454_12485993455_12485993456_12485993458_#4more,2,1,1.0,0.033370381102043
400,401.0,cluster_12497859354_12497859355,0,0,0.0,13.08929563501885
400,401.0,cluster_1846673394_455570130,0,0,0.0,0.0
400,401.0,cluster_1933957591_1944596256_1944596258_500010840,0,0,0.0,17.680393586994462
400,401.0,cluster_286141464_317863064,2,1,1.0,3.659150009027419
400,401.0,cluster_317864209_317864212,0,11,173.0,0.028469370868529537
400,401.0,cluster_318319949_3665705327,2,0,0.0,9.168621772729422
400,401.0,cluster_444929591_444929853,4,0,0.0,15.295392747929204
400,401.0,cluster_453491193_453491196,3,0,0.0,7.324520288364892
400,401.0,joinedS_3056282982_cluster_500010834_500010835_500010836_500010837,0,0,0.0,0.0
400,401.0,joinedS_4159783704_4159783713,1,1,2.0,0.0
410,411.0,317267021,0,7,202.0,0.0037344515432529463
410,411.0,318319948,1,0,0.0,16.531166812013836
410,411.0,318319950,0,0,0.0,0.0
410,411.0,344715428,0,0,0.0,16.317086310526356
410,411.0,459095577,6,0,0.0,0.0
410,411.0,459095593,0,0,0.0,5.33700117577482
410,411.0,5672981203,2,0,0.0,0.0
410,411.0,6734642660,0,0,0.0,0.0
410,411.0,728359174,2,0,0.0,0.0
410,411.0,931498932,2,2,32.0,8.279984422030033
410,411.0,cluster_12485993451_12485993457_444743027_999091207,2,4,30.0,2.614195465014867
410,411.0,cluster_12485993454_12485993455_12485993456_12485993458_#4more,2,2,13.0,0.006920202020825303
410,411.0,cluster_12497859354_12497859355,2,0,0.0,0.0
410,411.0,cluster_1846673394_455570130,0,0,0.0,0.0
410,411.0,cluster_1933957591_1944596256_1944596258_500010840,2,0,0.0,0.0
410,411.0,cluster_286141464_317863064,0,0,0.0,6.330475709734219
410,411.0,cluster_317864209_317864212,0,12,293.0,0.0
410,411.0,cluster_318319949_3665705327,0,0,0.0,0.0
410,411.0,cluster_444929591_444929853,6,0,0.0,15.978526653396631
410,411.0,cluster_453491193_453491196,1,0,0.0,17.03536222551185
410,411.0,joinedS_3056282982_cluster_500010834_500010835_500010836_500010837,2,0,0.0,0.0
410,411.0,joinedS_4159783704_4159783713,2,0,0.0,0.0
420,421.0,317267021,2,0,0.0,3.9024329688184203
420,421.0,318319948,2,0,0.0,19.11383355543277
420,421.0,318319950,0,0,0.0,15.43333677453509
420,421.0,344715428,0,0,0.0,0.0
420,421.0,459095577,0,0,0.0,0.0
420,421.0,459095593,2,0,0.0,14.883181986139112
420,421.0,5672981203,0,0,0.0,0.0
420,421.0,6734642660,0,0,0.0,0.0
420,421.0,728359174,2,0,0.0,0.0
420,421.0,931498932,2,5,68.0,0.0008765683181620805
420,421.0,cluster_12485993451_12485993457_444743027_999091207,3,4,70.0,1.1394460407395457
420,421.0,cluster_12485993454_12485993455_12485993456_12485993458_#4more,4,2,33.0,0.0
420,421.0,cluster_12497859354_12497859355,0,0,0.0,0.0
420,421.0,cluster_1846673394_455570130,0,0,0.0,0.0
420,421.0,cluster_1933957591_1944596256_1944596258_500010840,0,0,0.0,0.0
420,421.0,cluster_286141464_317863064,2,3,18.0,3.014769006353505
420,421.0,cluster_317864209_317864212,1,7,292.0,0.930580919076452
420,421.0,cluster_318319949_3665705327,2,0,0.0,16.599484251700343
420,421.0,cluster_444929591_444929853,0,0,0.0,15.974729304807926
420,421.0,cluster_453491193_453491196,2,1,2.0,7.277968229651425
420,421.0,joinedS_3056282982_cluster_500010834_500010835_500010836_500010837,0,0,0.0,0.0
420,421.0,joinedS_4159783704_4159783713,2,0,0.0,0.0
430,431.0,317267021,0,2,10.0,0.00015344626553410093
430,431.0,318319948,0,0,0.0,13.968782474936026
430,431.0,318319950,2,1,4.0,3.996579326851918
430,431.0,344715428,0,0,0.0,0.0
430,431.0,459095577,2,0,0.0,0.0
430,431.0,459095593,0,0,0.0,6.425191712675146
430,431.0,5672981203,2,0,0.0,0.0
430,431.0,6734642660,0,0,0.0,0.0
430,431.0,728359174,0,0,0.0,0.0
430,431.0,931498932,2,5,118.0,0.13895027992198386
430,431.0,cluster_12485993451_12485993457_444743027_999091207,5,3,59.0,0.0
430,431.0,cluster_12485993454_12485993455_12485993456_12485993458_#4more,6,1,31.0,2.3404968521687586
430,431.0,cluster_12497859354_12497859355,0,0,0.0,0.0
430,431.0,cluster_1846673394_455570130,0,0,0.0,0.0
430,431.0,cluster_1933957591_1944596256_1944596258_500010840,0,0,0.0,7.196836498193442
430,431.0,cluster_286141464_317863064,2,3,17.0,4.405476265917252
430,431.0,cluster_317864209_317864212,3,4,24.0,1.7828048229171893
430,431.0,cluster_318319949_3665705327,0,0,0.0,15.867557881553655
430,431.0,cluster_444929591_444929853,2,1,6.0,5.752824755798461
430,431.0,cluster_453491193_453491196,0,0,0.0,0.0
430,431.0,joinedS_3056282982_cluster_500010834_500010835_500010836_500010837,0,0,0.0,0.0
430,431.0,joinedS_4159783704_4159783713,3,0,0.0,0.0
440,441.0,317267021,2,0,0.0,11.889395807823162
440,441.0,318319948,2,0,0.0,13.807378278201476
440,441.0,318319950,0,0,0.0,0.0
440,441.0,344715428,0,0,0.0,0.0
440,441.0,459095577,4,0,0.0,0.0
440,441.0,459095593,1,1,2.0,0.0
440,441.0,5672981203,0,0,0.0,0.0
440,441.0,6734642660,0,0,0.0,16.409440480712803
440,441.0,728359174,2,0,0.0,0.0
440,441.0,931498932,2,6,176.0,0.0
440,441.0,cluster_12485993451_12485993457_444743027_999091207,1,0,0.0,16.12123364026088
440,441.0,cluster_12485993454_12485993455_12485993456_12485993458_#4more,0,0,0.0,0.0
440,441.0,cluster_12497859354_12497859355,0,0,0.0,0.0
440,441.0,cluster_1846673394_455570130,0,0,0.0,0.0
440,441.0,cluster_1933957591_1944596256_1944596258_500010840,0,0,0.0,13.722063751581693
440,441.0,cluster_286141464_317863064,2,2,11.0,5.73049164717158
440,441.0,cluster_317864209_317864212,4,6,75.0,4.982358222997474
440,441.0,cluster_318319949_3665705327,2,0,0.0,12.30077580136534
440,441.0,cluster_444929591_444929853,4,1,5.0,1.5552492036390964
440,441.0,cluster_453491193_453491196,2,0,0.0,3.4225829362976468
440,441.0,joinedS_3056282982_cluster_500010834_500010835_500010836_500010837,2,0,0.0,0.0
440,441.0,joinedS_4159783704_4159783713,5,0,0.0,0.5927217498672239
450,451.0,317267021,0,0,0.0,0.0
450,451.0,318319948,0,0,0.0,13.659239517618843
450,451.0,318319950,2,1,0.0,0.0
450,451.0,344715428,2,0,0.0,1.0413066030017273
450,451.0,459095577,6,0,0.0,0.0
450,451.0,459095593,3,0,0.0,0.0
450,451.0,5672981203,2,0,0.0,0.0
450,451.0,6734642660,0,0,0.0,0.0
450,451.0,728359174,0,0,0.0,0.0
450,451.0,931498932,0,0,0.0,7.714466692821587
450,451.0,cluster_12485993451_12485993457_444743027_999091207,3,1,5.0,0.0
450,451.0,cluster_12485993454_12485993455_12485993456_12485993458_#4more,1,0,0.0,9.109636462627984
450,451.0,cluster_12497859354_12497859355,0,0,0.0,0.0
450,451.0,cluster_1846673394_455570130,0,0,0.0,0.0
450,451.0,cluster_1933957591_1944596256_1944596258_500010840,0,1,7.0,11.185285704636494
450,451.0,cluster_286141464_317863064,2,3,37.0,0.0
450,451.0,cluster_317864209_317864212,0,5,84.0,0.3756670218646692
450,451.0,cluster_318319949_3665705327,2,1,8.0,7.106627086618469
450,451.0,cluster_444929591_444929853,6,1,8.0,0.0
450,451.0,cluster_453491193_453491196,0,0,0.0,12.882105934414332
450,451.0,joinedS_3056282982_cluster_500010834_500010835_500010836_500010837,0,0,0.0,6.289477415196599
450,451.0,joinedS_4159783704_4159783713,0,2,14.0,0.0
460,461.0,317267021,1,1,1.0,0.10196548308037756
460,461.0,318319948,1,0,0.0,13.820569380412445
460,461.0,318319950,0,0,0.0,0.0
460,461.0,344715428,0,0,0.0,0.0
460,461.0,459095577,0,0,0.0,0.0
460,461.0,459095593,1,0,0.0,0.0
460,461.0,5672981203,2,0,0.0,13.944307447360204
460,461.0,6734642660,0,0,0.0,16.557067186878996
460,461.0,728359174,2,0,0.0,2.664497846215329
460,461.0,931498932,2,2,11.0,1.0106831491074704
460,461.0,cluster_12485993451_12485993457_444743027_999091207,4,0,0.0,4.011974123446269
460,461.0,cluster_12485993454_12485993455_12485993456_12485993458_#4more,2,1,7.0,0.0
460,461.0,cluster_12497859354_12497859355,0,0,0.0,0.0
460,461.0,cluster_1846673394_455570130,0,0,0.0,16.066471121888334
460,461.0,cluster_1933957591_1944596256_1944596258_500010840,0,1,17.0,6.16774566447923
460,461.0,cluster_286141464_317863064,2,4,68.0,3.1257547000163886
460,461.0,cluster_317864209_317864212,0,5,71.0,0.2812823845466462
460,461.0,cluster_318319949_3665705327,2,2,21.0,6.470277393713584
460,461.0,cluster_444929591_444929853,6,1,18.0,8.201874839851738
460,461.0,cluster_453491193_453491196,2,0,0.0,0.0
460,461.0,joinedS_3056282982_cluster_500010834_500010835_500010836_500010837,2,1,1.0,12.920649427140537
460,461.0,joinedS_4159783704_4159783713,0,2,34.0,0.0
470,471.0,317267021,3,0,0.0,0.0
470,471.0,318319948,3,1,1.0,8.497408079106686
470,471.0,318319950,2,0,0.0,0.0
470,471.0,344715428,2,0,0.0,10.559624982791126
470,471.0,459095577,0,0,0.0,0.0
470,471.0,459095593,3,1,4.0,0.0021464607568319784
470,471.0,5672981203,2,1,4.0,0.0026402121544049583
470,471.0,6734642660,0,0,0.0,0.0
470,471.0,728359174,0,1,0.0,7.2364079759769
470,471.0,931498932,0,0,0.0,0.0
470,471.0,cluster_12485993451_12485993457_444743027_999091207,0,0,0.0,16.400024287011476
470,471.0,cluster_12485993454_12485993455_12485993456_12485993458_#4more,3,1,17.0,0.0
470,471.0,cluster_12497859354_12497859355,1,0,0.0,0.0
470,471.0,cluster_1846673394_455570130,0,0,0.0,0.0
470,471.0,cluster_1933957591_1944596256_1944596258_500010840,0,2,33.0,2.8584820920618266
470,471.0,cluster_286141464_317863064,2,3,97.0,1.5728461257557995
470,471.0,cluster_317864209_317864212,0,8,136.0,0.0003037481789718122
470,471.0,cluster_318319949_3665705327,2,2,41.0,5.475690143487107
470,471.0,cluster_444929591_444929853,6,1,28.0,9.696729238946704
470,471.0,cluster_453491193_453491196,3,0,0.0,0.0
470,471.0,joinedS_3056282982_cluster_500010834_500010835_500010836_500010837,0,0,0.0,15.087383302840486
470,471.0,joinedS_4159783704_4159783713,0,2,54.0,0.0
480,481.0,317267021,1,1,1.0,5.956223481596984
480,481.0,318319948,1,1,3.0,0.0
480,481.0,318319950,2,0,0.0,0.0
480,481.0,344715428,0,0,0.0,16.909924301931337
480,481.0,459095577,0,0,0.0,0.0
480,481.0,459095593,0,1,2.0,0.009302254456384182
480,481.0,5672981203,2,1,14.0,6.529273155843838
480,481.0,6734642660,0,0,0.0,16.011724901298077
480,481.0,728359174,2,2,8.0,5.764938987397279
480,481.0,931498932,2,0,0.0,16.595467839254304
480,481.0,cluster_12485993451_12485993457_444743027_999091207,2,1,0.0,8.071689093615861
480,481.0,cluster_12485993454_12485993455_12485993456_12485993458_#4more,5,0,0.0,9.477002523167073
480,481.0,cluster_12497859354_12497859355,2,0,0.0,0.0
480,481.0,cluster_1846673394_455570130,0,0,0.0,0.0
480,481.0,cluster_1933957591_1944596256_1944596258_500010840,2,0,0.0,12.401034837830425
480,481.0,cluster_286141464_317863064,0,0,0.0,6.292878709623356
480,481.0,cluster_317864209_317864212,0,7,159.0,3.0155525504828504
480,481.0,cluster_318319949_3665705327,2,2,61.0,0.0
480,481.0,cluster_444929591_444929853,6,1,38.0,9.158380317665458
480,481.0,cluster_453491193_453491196,1,0,0.0,17.882820954751494
480,481.0,joinedS_3056282982_cluster_500010834_500010835_500010836_500010837,0,0,0.0,14.121713389316572
480,481.0,joinedS_4159783704_4159783713,2,1,40.0,0.0
490,491.0,317267021,3,2,9.0,0.0005230560386652153
490,491.0,318319948,2,0,0.0,0.0
490,491.0,318319950,2,0,0.0,0.0
490,491.0,344715428,2,0,0.0,0.0
490,491.0,459095577,0,0,0.0,0.0
490,491.0,459095593,2,0,0.0,0.0
490,491.0,5672981203,2,1,24.0,0.06714572566288339
490,491.0,6734642660,0,0,0.0,0.0
490,491.0,728359174,2,1,0.0,16.67
490,491.0,931498932,0,0,0.0,6.403021688192652
490,491.0,cluster_12485993451_12485993457_444743027_999091207,3,1,3.0,0.2317041244974739
490,491.0,cluster_12485993454_12485993455_12485993456_12485993458_#4more,7,0,0.0,13.387443667620005
490,491.0,cluster_12497859354_12497859355,0,0,0.0,16.2748077323474
490,491.0,cluster_1846673394_455570130,0,0,0.0,0.0
490,491.0,cluster_1933957591_1944596256_1944596258_500010840,0,0,0.0,16.192013036967598
490,491.0,cluster_286141464_317863064,2,1,3.0,6.578620731665448
490,491.0,cluster_317864209_317864212,0,9,240.0,0.0034864963273242536
490,491.0,cluster_318319949_3665705327,2,3,83.0,5.173492999595373
490,491.0,cluster_444929591_444929853,0,1,1.0,8.148321541068048
490,491.0,cluster_453491193_453491196,2,0,0.0,12.223227682306222
490,491.0,joinedS_3056282982_cluster_500010834_500010835_500010836_500010837,2,0,0.0,16.514930183934048
490,491.0,joinedS_4159783704_4159783713,2,1,50.0,0.0
500,501.0,317267021,0,0,0.0,5.03751086016432
500,501.0,318319948,0,0,0.0,0.0
500,501.0,318319950,2,0,0.0,1.1467363042360839
500,501.0,344715428,0,0,0.0,0.0
500,501.0,459095577,0,0,0.0,0.0
500,501.0,459095593,0,0,0.0,7.113377872435376
500,501.0,5672981203,2,2,44.0,0.0
500,501.0,6734642660,0,0,0.0,0.0
500,501.0,728359174,2,0,0.0,0.1238895995528457
500,501.0,931498932,0,1,10.0,0.0
500,501.0,cluster_12485993451_12485993457_444743027_999091207,5,0,0.0,16.159976557297632
500,501.0,cluster_12485993454_12485993455_12485993456_12485993458_#4more,0,1,4.0,8.94311628440528
500,501.0,cluster_12497859354_12497859355,0,0,0.0,0.0
500,501.0,cluster_1846673394_455570130,0,0,0.0,0.0
500,501.0,cluster_1933957591_1944596256_1944596258_500010840,1,0,0.0,0.0
500,501.0,cluster_286141464_317863064,0,0,0.0,7.707080239492989
500,501.0,cluster_317864209_317864212,1,9,330.0,2.7797658287530065
500,501.0,cluster_318319949_3665705327,0,0,0.0,17.090078195214225
500,501.0,cluster_444929591_444929853,2,2,15.0,0.0
500,501.0,cluster_453491193_453491196,0,0,0.0,13.851849212841401
500,501.0,joinedS_3056282982_cluster_500010834_500010835_500010836_500010837,0,0,0.0,0.0
500,501.0,joinedS_4159783704_4159783713,2,1,60.0,0.0
510,511.0,317267021,2,1,5.0,2.8930739167521393
510,511.0,318319948,2,0,0.0,9.168345857576869
510,511.0,318319950,2,1,8.0,3.706608061233317
510,511.0,344715428,0,0,0.0,0.0
510,511.0,459095577,0,1,1.0,0.00993510899541742
510,511.0,459095593,2,0,0.0,0.0
510,511.0,5672981203,0,0,0.0,0.0
510,511.0,6734642660,0,0,0.0,0.0
510,511.0,728359174,2,1,0.0,16.67
510,511.0,931498932,0,1,20.0,0.0
510,511.0,cluster_12485993451_12485993457_444743027_999091207,1,0,0.0,11.46561907647711
510,511.0,cluster_12485993454_12485993455_12485993456_12485993458_#4more,2,1,14.0,5.083033702983055
510,511.0,cluster_12497859354_12497859355,2,0,0.0,19.80609292307983
510,511.0,cluster_1846673394_455570130,0,0,0.0,0.0
510,511.0,cluster_1933957591_1944596256_1944596258_500010840,3,0,0.0,7.691774466214702
510,511.0,cluster_286141464_317863064,2,0,0.0,8.379255310488876
510,511.0,cluster_317864209_317864212,2,5,101.0,0.45368453754326926
510,511.0,cluster_318319949_3665705327,2,0,0.0,18.288025502378677
510,511.0,cluster_444929591_444929853,4,1,14.0,6.002938243183316
510,511.0,cluster_453491193_453491196,2,0,0.0,0.0
510,511.0,joinedS_3056282982_cluster_500010834_500010835_500010836_500010837,2,0,0.0,0.0
510,511.0,joinedS_4159783704_4159783713,3,2,73.0,0.00017252649126559504
520,521.0,317267021,0,2,13.0,0.000382534152925658
520,521.0,318319948,0,0,0.0,0.0
520,521.0,318319950,0,0,0.0,5.5931062208713085
520,521.0,344715428,2,0,0.0,0.0
520,521.0,459095577,2,1,11.0,0.0
520,521.0,459095593,2,0,0.0,0.0
520,521.0,5672981203,2,0,0.0,0.0
520,521.0,6734642660,0,0,0.0,0.0
520,521.0,728359174,2,1,0.0,16.67
520,521.0,931498932,0,1,30.0,4.281467938634099
520,521.0,cluster_12485993451_12485993457_444743027_999091207,2,3,15.0,1.7772831953463406
520,521.0,cluster_12485993454_12485993455_12485993456_12485993458_#4more,2,3,32.0,0.8439524738129148
520,521.0,cluster_12497859354_12497859355,0,0,0.0,0.0
520,521.0,cluster_1846673394_455570130,0,0,0.0,0.0
520,521.0,cluster_1933957591_1944596256_1944596258_500010840,0,0,0.0,8.61208753325767
520,521.0,cluster_286141464_317863064,0,0,0.0,0.0
520,521.0,cluster_317864209_317864212,2,9,180.0,0.0008601092803917522
520,521.0,cluster_318319949_3665705327,0,0,0.0,0.0
520,521.0,cluster_444929591_444929853,4,0,0.0,12.832963110171274
520,521.0,cluster_453491193_453491196,0,0,0.0,0.0
520,521.0,joinedS_3056282982_cluster_500010834_500010835_500010836_500010837,2,0,0.0,8.415781718354404
520,521.0,joinedS_4159783704_4159783713,5,2,93.0,0.0
530,531.0,317267021,0,0,0.0,0.0
530,531.0,318319948,2,0,0.0,0.0
530,531.0,318319950,2,0,0.0,7.545970542462049
530,531.0,344715428,0,0,0.0,0.0
530,531.0,459095577,4,0,0.0,0.0
530,531.0,459095593,0,0,0.0,0.0
530,531.0,5672981203,0,0,0.0,0.0
530,531.0,6734642660,0,0,0.0,0.0
530,531.0,728359174,2,1,0.0,16.67
530,531.0,931498932,0,1,40.0,6.968488545389706
530,531.0,cluster_12485993451_12485993457_444743027_999091207,4,0,0.0,14.74256059371686
530,531.0,cluster_12485993454_12485993455_12485993456_12485993458_#4more,4,3,54.0,0.0
530,531.0,cluster_12497859354_12497859355,0,0,0.0,0.0
530,531.0,cluster_1846673394_455570130,0,0,0.0,0.0
530,531.0,cluster_1933957591_1944596256_1944596258_500010840,2,0,0.0,0.0
530,531.0,cluster_286141464_317863064,2,0,0.0,13.139963398480218
530,531.0,cluster_317864209_317864212,2,9,270.0,1.2058126498572526
530,531.0,cluster_318319949_3665705327,2,0,0.0,13.084997309865305
530,531.0,cluster_444929591_444929853,4,0,0.0,12.14288244111465
530,531.0,cluster_453491193_453491196,2,0,0.0,0.0
530,531.0,joinedS_3056282982_cluster_500010834_500010835_500010836_500010837,2,0,0.0,16.41198571043089
530,531.0,joinedS_4159783704_4159783713,1,2,113.0,0.0
540,541.0,317267021,0,2,6.0,0.5728687557297464
540,541.0,318319948,0,0,0.0,0.0
540,541.0,318319950,0,0,0.0,0.0
540,541.0,344715428,2,0,0.0,0.12792948299308476
540,541.0,459095577,6,0,0.0,16.818925410655282
540,541.0,459095593,2,0,0.0,0.20892165816660685
540,541.0,5672981203,2,0,0.0,0.0
540,541.0,6734642660,0,0,0.0,0.0
540,541.0,728359174,0,1,1.0,1.3063297503541946
540,541.0,931498932,0,2,57.0,0.06180905928128233
540,541.0,cluster_12485993451_12485993457_444743027_999091207,0,0,0.0,9.918110269811926
540,541.0,cluster_12485993454_12485993455_12485993456_12485993458_#4more,4,3,84.0,0.0
540,541.0,cluster_12497859354_12497859355,2,0,0.0,0.0
540,541.0,cluster_1846673394_455570130,0,0,0.0,0.0
540,541.0,cluster_1933957591_1944596256_1944596258_500010840,0,0,0.0,11.56238568771472
540,541.0,cluster_286141464_317863064,2,2,10.0,6.992594825717224
540,541.0,cluster_317864209_317864212,3,9,303.0,0.08459597818119308
540,541.0,cluster_318319949_3665705327,0,0,0.0,8.419088056792496
540,541.0,cluster_444929591_444929853,6,0,0.0,7.895361155152797
540,541.0,cluster_453491193_453491196,0,0,0.0,0.0
540,541.0,joinedS_3056282982_cluster_500010834_500010835_500010836_500010837,2,0,0.0,16.421594216981905
540,541.0,joinedS_4159783704_4159783713,2,2,133.0,0.0
550,551.0,317267021,2,1,2.0,5.268500369130938
550,551.0,318319948,0,0,0.0,16.405254646888956
550,551.0,318319950,2,0,0.0,2.8136534221004696
550,551.0,344715428,0,0,0.0,0.0
550,551.0,459095577,6,1,5.0,0.0
550,551.0,459095593,0,0,0.0,4.156231008585621
550,551.0,5672981203,0,0,0.0,0.0
550,551.0,6734642660,0,0,0.0,0.0
550,551.0,728359174,2,0,0.0,0.0
550,551.0,931498932,2,1,3.0,2.5078242683271763
550,551.0,cluster_12485993451_12485993457_444743027_999091207,2,2,9.0,5.427040763417914
550,551.0,cluster_12485993454_12485993455_12485993456_12485993458_#4more,4,3,114.0,4.087547858275939
550,551.0,cluster_12497859354_12497859355,0,0,0.0,17.35436281722236
550,551.0,cluster_1846673394_455570130,0,0,0.0,0.0
550,551.0,cluster_1933957591_1944596256_1944596258_500010840,2,0,0.0,0.0
550,551.0,cluster_286141464_317863064,2,6,55.0,5.000931814182101
550,551.0,cluster_317864209_317864212,4,9,292.0,0.041795646282776454
550,551.0,cluster_318319949_3665705327,1,0,0.0,2.689962969425257
550,551.0,cluster_444929591_444929853,0,1,7.0,2.4380024104379117
550,551.0,cluster_453491193_453491196,0,0,0.0,10.801306695030267
550,551.0,joinedS_3056282982_cluster_500010834_500010835_500010836_500010837,2,1,6.0,0.00011254718085624016
550,551.0,joinedS_4159783704_4159783713,4,2,153.0,1.645763821801398
560,561.0,317267021,0,0,0.0,3.134566854881463
560,561.0,318319948,0,1,3.0,5.822960612407287
560,561.0,318319950,0,0,0.0,0.0
560,561.0,344715428,2,0,0.0,0.0
560,561.0,459095577,6,1,15.0,0.0
560,561.0,459095593,2,0,0.0,10.929558201429998
560,561.0,5672981203,2,0,0.0,0.0
560,561.0,6734642660,0,0,0.0,0.0
560,561.0,728359174,0,0,0.0,0.0
560,561.0,931498932,0,1,5.0,0.0
560,561.0,cluster_12485993451_12485993457_444743027_999091207,4,0,0.0,16.07044732987881
560,561.0,cluster_12485993454_12485993455_12485993456_12485993458_#4more,4,4,148.0,0.0002905142607726099
560,561.0,cluster_12497859354_12497859355,0,0,0.0,0.0
560,561.0,cluster_1846673394_455570130,0,0,0.0,11.69616330306331
560,561.0,cluster_1933957591_1944596256_1944596258_500010840,0,0,0.0,14.394492678377155
560,561.0,cluster_286141464_317863064,2,9,122.0,3.158499235589728
560,561.0,cluster_317864209_317864212,0,4,47.0,0.8690157097522118
560,561.0,cluster_318319949_3665705327,3,1,9.0,0.0
560,561.0,cluster_444929591_444929853,1,1,17.0,8.67058788948492
560,561.0,cluster_453491193_453491196,0,3,19.0,0.0
560,561.0,joinedS_3056282982_cluster_500010834_500010835_500010836_500010837,2,1,16.0,9.157054776909188
560,561.0,joinedS_4159783704_4159783713,4,3,182.0,0.0
570,571.0,317267021,2,0,0.0,0.0
570,571.0,318319948,2,0,0.0,0.0
570,571.0,318319950,0,0,0.0,0.0
570,571.0,344715428,2,0,0.0,0.0
570,571.0,459095577,6,1,25.0,0.0
570,571.0,459095593,0,0,0.0,0.0
570,571.0,5672981203,2,0,0.0,0.0
570,571.0,6734642660,0,0,0.0,0.0
570,571.0,728359174,2,0,0.0,0.0
570,571.0,931498932,2,0,0.0,12.678230965466113
570,571.0,cluster_12485993451_12485993457_444743027_999091207,4,0,0.0,8.895056281103297
570,571.0,cluster_12485993454_12485993455_12485993456_12485993458_#4more,5,4,188.0,0.0
570,571.0,cluster_12497859354_12497859355,2,0,0.0,17.135940912123765
570,571.0,cluster_1846673394_455570130,0,0,0.0,14.413374546991461
570,571.0,cluster_1933957591_1944596256_1944596258_500010840,0,1,6.0,0.0
570,571.0,cluster_286141464_317863064,2,12,219.0,0.001992006293650785
570,571.0,cluster_317864209_317864212,2,5,22.0,0.5864989265242826
570,571.0,cluster_318319949_3665705327,1,0,0.0,0.0
570,571.0,cluster_444929591_444929853,3,1,27.0,9.053921985272643
570,571.0,cluster_453491193_453491196,0,3,49.0,1.3204302144865516
570,571.0,joinedS_3056282982_cluster_500010834_500010835_500010836_500010837,0,0,0.0,14.75919251597478
570,571.0,joinedS_4159783704_4159783713,4,3,212.0,0.0
580,581.0,317267021,0,0,0.0,8.534516053685962
580,581.0,318319948,0,0,0.0,15.723305204528266
580,581.0,318319950,0,0,0.0,0.0
580,581.0,344715428,2,0,0.0,0.0
580,581.0,459095577,6,1,35.0,2.224427042581673
580,581.0,459095593,0,0,0.0,0.0
580,581.0,5672981203,2,0,0.0,0.0
580,581.0,6734642660,0,0,0.0,0.0
580,581.0,728359174,0,0,0.0,0.0
580,581.0,931498932,0,1,2.0,0.019349362386934573
580,581.0,cluster_12485993451_12485993457_444743027_999091207,4,1,10.0,0.0
580,581.0,cluster_12485993454_12485993455_12485993456_12485993458_#4more,7,3,144.0,0.0
580,581.0,cluster_12497859354_12497859355,0,0,0.0,0.0
580,581.0,cluster_1846673394_455570130,0,0,0.0,0.0
580,581.0,cluster_1933957591_1944596256_1944596258_500010840,0,1,16.0,7.795813677521643
580,581.0,cluster_286141464_317863064,2,12,339.0,2.012472948037158
580,581.0,cluster_317864209_317864212,3,5,72.0,0.0
580,581.0,cluster_318319949_3665705327,3,0,0.0,0.0
580,581.0,cluster_444929591_444929853,4,0,0.0,14.068087382039481
580,581.0,cluster_453491193_453491196,0,4,88.0,0.0
580,581.0,joinedS_3056282982_cluster_500010834_500010835_500010836_500010837,2,1,2.0,10.483772528183444
580,581.0,joinedS_4159783704_4159783713,5,3,242.0,0.0
590,591.0,317267021,2,0,0.0,0.0
590,591.0,318319948,1,0,0.0,16.67463775023633
590,591.0,318319950,0,0,0.0,0.0
590,591.0,344715428,2,0,0.0,0.0
590,591.0,459095577,6,2,53.0,0.0
590,591.0,459095593,0,1,3.0,10.994936229923193
590,591.0,5672981203,2,0,0.0,0.0
590,591.0,6734642660,0,0,0.0,0.0
590,591.0,728359174,2,0,0.0,0.0
590,591.0,931498932,1,1,12.0,0.2102579432094091
590,591.0,cluster_12485993451_12485993457_444743027_999091207,4,1,20.0,0.0
590,591.0,cluster_12485993454_12485993455_12485993456_12485993458_#4more,0,1,1.0,6.679999015307492
590,591.0,cluster_12497859354_12497859355,0,0,0.0,0.0
590,591.0,cluster_1846673394_455570130,0,0,0.0,0.0
590,591.0,cluster_1933957591_1944596256_1944596258_500010840,2,0,0.0,14.6162561023908
590,591.0,cluster_286141464_317863064,0,1,4.0,4.602118378009534
590,591.0,cluster_317864209_317864212,4,5,122.0,0.0
590,591.0,cluster_318319949_3665705327,0,0,0.0,0.0
590,591.0,cluster_444929591_444929853,6,0,0.0,9.413038732731927
590,591.0,cluster_453491193_453491196,0,4,128.0,0.0
590,591.0,joinedS_3056282982_cluster_500010834_500010835_500010836_500010837,0,0,0.0,12.505806080645437
590,591.0,joinedS_4159783704_4159783713,1,3,272.0,0.0
600,601.0,317267021,2,0,0.0,0.0
600,601.0,318319948,3,0,0.0,16.937162877870563
600,601.0,318319950,0,0,0.0,0.0
600,601.0,344715428,2,0,0.0,0.0
600,601.0,459095577,0,1,18.0,0.0
600,601.0,459095593,2,3,7.0,0.01351827582407481
600,601.0,5672981203,2,0,0.0,0.0
600,601.0,6734642660,0,0,0.0,0.0
600,601.0,728359174,2,0,0.0,17.738300523924085
600,601.0,931498932,3,0,0.0,4.058541140620088
600,601.0,cluster_12485993451_12485993457_444743027_999091207,4,1,30.0,7.489379349106456
600,601.0,cluster_12485993454_12485993455_12485993456_12485993458_#4more,2,1,11.0,7.338001839581125
600,601.0,cluster_12497859354_12497859355,2,0,0.0,3.604028576379642
600,601.0,cluster_1846673394_455570130,0,0,0.0,0.0
600,601.0,cluster_1933957591_1944596256_1944596258_500010840,0,1,3.0,5.583380272979793
600,601.0,cluster_286141464_317863064,2,2,12.0,0.913354745005287
600,601.0,cluster_317864209_317864212,0,0,0.0,1.8621876898069978
600,601.0,cluster_318319949_3665705327,2,0,0.0,17.047167717142365
600,601.0,cluster_444929591_444929853,0,0,0.0,14.070822401584552
600,601.0,cluster_453491193_453491196,2,0,0.0,2.457511004759052
600,601.0,joinedS_3056282982_cluster_500010834_500010835_500010836_500010837,2,0,0.0,3.643633112413455
600,601.0,joinedS_4159783704_4159783713,3,4,305.0,0.0007407149342105561
610,611.0,317267021,2,1,3.0,0.0011146824462290078
610,611.0,318319948,1,0,0.0,15.570954703724006
610,611.0,318319950,0,1,4.0,0.00023665108185667722
610,611.0,344715428,2,0,0.0,0.0
610,611.0,459095577,2,1,28.0,0.0
610,611.0,459095593,0,0,0.0,2.6503082033539735
610,611.0,5672981203,2,0,0.0,16.318491378035397
610,611.0,6734642660,0,0,0.0,0.0
610,611.0,728359174,0,1,2.0,0.00044851598981883266
610,611.0,931498932,0,0,0.0,11.370872370153663
610,611.0,cluster_12485993451_12485993457_444743027_999091207,4,1,40.0,5.544899496410788
610,611.0,cluster_12485993454_12485993455_12485993456_12485993458_#4more,2,4,31.0,1.7492450340537364
610,611.0,cluster_12497859354_12497859355,0,0,0.0,0.0
610,611.0,cluster_1846673394_455570130,0,0,0.0,0.0
610,611.0,cluster_1933957591_1944596256_1944596258_500010840,2,0,0.0,7.728609736566507
610,611.0,cluster_286141464_317863064,2,3,31.0,0.0
610,611.0,cluster_317864209_317864212,2,3,15.0,6.94662105618927
610,611.0,cluster_318319949_3665705327,0,0,0.0,12.270457593448224
610,611.0,cluster_444929591_444929853,2,0,0.0,0.0
610,611.0,cluster_453491193_453491196,3,1,1.0,2.7175867982331514
610,611.0,joinedS_3056282982_cluster_500010834_500010835_500010836_500010837,0,0,0.0,15.49607389090007
610,611.0,joinedS_4159783704_4159783713,5,5,350.0,0.0
620,621.0,317267021,2,1,13.0,0.0
620,621.0,318319948,2,0,0.0,15.27251226961475
620,621.0,318319950,2,0,0.0,0.6998993525251296
620,621.0,344715428,0,0,0.0,0.0
620,621.0,459095577,4,0,0.0,0.0
620,621.0,459095593,2,0,0.0,12.897941094439458
620,621.0,5672981203,0,0,0.0,16.159047452108936
620,621.0,6734642660,0,0,0.0,0.0
620,621.0,728359174,2,0,0.0,0.0
620,621.0,931498932,2,0,0.0,8.217972359384415
620,621.0,cluster_12485993451_12485993457_444743027_999091207,0,3,7.0,3.8888651568733916
620,621.0,cluster_12485993454_12485993455_12485993456_12485993458_#4more,2,5,78.0,0.0
620,621.0,cluster_12497859354_12497859355,0,0,0.0,0.0
620,621.0,cluster_1846673394_455570130,0,0,0.0,0.0
620,621.0,cluster_1933957591_1944596256_1944596258_500010840,0,0,0.0,11.965608701671348
620,621.0,cluster_286141464_317863064,2,3,61.0,0.0
620,621.0,cluster_317864209_317864212,4,6,64.0,2.8826540813347265e-05
620,621.0,cluster_318319949_3665705327,2,0,0.0,15.886789059578355
620,621.0,cluster_444929591_444929853,4,0,0.0,0.0
620,621.0,cluster_453491193_453491196,1,2,18.0,0.0
620,621.0,joinedS_3056282982_cluster_500010834_500010835_500010836_500010837,0,0,0.0,16.385311519775797
620,621.0,joinedS_4159783704_4159783713,0,5,400.0,0.0
630,631.0,317267021,2,1,23.0,8.340576210544038
630,631.0,318319948,0,0,0.0,8.69726693407095
630,631.0,318319950,0,1,3.0,0.004327381411199458
630,631.0,344715428,2,0,0.0,7.02886625044048
630,631.0,459095577,6,0,0.0,0.0
630,631.0,459095593,0,0,0.0,14.7066843391355
630,631.0,5672981203,2,1,1.0,0.04227133170550118
630,631.0,6734642660,0,0,0.0,0.0
630,631.0,728359174,0,1,2.0,0.06721678453737126
630,631.0,931498932,2,2,14.0,0.0003083908143792912
630,631.0,cluster_12485993451_12485993457_444743027_999091207,2,4,42.0,0.0001438431524444527
630,631.0,cluster_12485993454_12485993455_12485993456_12485993458_#4more,3,5,128.0,3.029758383486964
630,631.0,cluster_12497859354_12497859355,2,0,0.0,21.787068726568684
630,631.0,cluster_1846673394_455570130,0,0,0.0,0.0
630,631.0,cluster_1933957591_1944596256_1944596258_500010840,0,0,0.0,0.0
630,631.0,cluster_286141464_317863064,2,3,68.0,3.5201182659985832
630,631.0,cluster_317864209_317864212,0,4,92.0,5.879336174336779
630,631.0,cluster_318319949_3665705327,3,0,0.0,10.571114898632457
630,631.0,cluster_444929591_444929853,6,0,0.0,11.132843096659517
630,631.0,cluster_453491193_453491196,3,0,0.0,0.0
630,631.0,joinedS_3056282982_cluster_500010834_500010835_500010836_500010837,2,1,3.0,3.1566785380458846
630,631.0,joinedS_4159783704_4159783713,0,5,450.0,0.0
640,641.0,317267021,2,2,38.0,0.0
640,641.0,318319948,2,0,0.0,9.185673538955484
640,641.0,318319950,2,0,0.0,0.0
640,641.0,344715428,0,0,0.0,0.4506600971325728
640,641.0,459095577,0,0,0.0,0.0
640,641.0,459095593,0,0,0.0,8.619055491239328
640,641.0,5672981203,0,0,0.0,0.0
640,641.0,6734642660,0,0,0.0,0.0
640,641.0,728359174,2,0,0.0,0.0
640,641.0,931498932,2,2,34.0,5.541307733698439
640,641.0,cluster_12485993451_12485993457_444743027_999091207,4,0,0.0,1.9167381814484503
640,641.0,cluster_12485993454_12485993455_12485993456_12485993458_#4more,5,7,141.0,0.008761223887493086
640,641.0,cluster_12497859354_12497859355,0,0,0.0,14.490136051960285
640,641.0,cluster_1846673394_455570130,0,0,0.0,11.53819604614473
640,641.0,cluster_1933957591_1944596256_1944596258_500010840,2,0,0.0,16.660527448337525
640,641.0,cluster_286141464_317863064,2,5,114.0,0.0
640,641.0,cluster_317864209_317864212,2,5,136.0,0.15488510650409562
640,641.0,cluster_318319949_3665705327,1,1,7.0,5.9616838529255585
640,641.0,cluster_444929591_444929853,0,0,0.0,15.350454318058672
640,641.0,cluster_453491193_453491196,0,1,2.0,1.5066428099757667
640,641.0,joinedS_3056282982_cluster_500010834_500010835_500010836_500010837,0,0,0.0,2.694999872194603
640,641.0,joinedS_4159783704_4159783713,2,5,500.0,0.0
650,651.0,317267021,0,0,0.0,0.0
650,651.0,318319948,0,1,5.0,0.0
650,651.0,318319950,0,0,0.0,16.19044512694702
650,651.0,344715428,2,0,0.0,0.0
650,651.0,459095577,2,0,0.0,0.0
650,651.0,459095593,0,1,10.0,0.0
650,651.0,5672981203,2,0,0.0,0.0
650,651.0,6734642660,0,0,0.0,16.177617658749224
650,651.0,728359174,0,0,0.0,11.981648408872694
650,651.0,931498932,2,3,56.0,2.2669962168528794
650,651.0,cluster_12485993451_12485993457_444743027_999091207,5,0,0.0,3.4916033564046978
650,651.0,cluster_12485993454_12485993455_12485993456_12485993458_#4more,7,6,194.0,0.0
650,651.0,cluster_12497859354_12497859355,0,0,0.0,24.98173074371271
650,651.0,cluster_1846673394_455570130,0,0,0.0,9.228919007144865
650,651.0,cluster_1933957591_1944596256_1944596258_500010840,0,0,0.0,16.344290631410683
650,651.0,cluster_286141464_317863064,2,5,164.0,0.0
650,651.0,cluster_317864209_317864212,2,6,189.0,1.4855808975883484
650,651.0,cluster_318319949_3665705327,2,1,2.0,8.660710971047651
650,651.0,cluster_444929591_444929853,2,0,0.0,11.729657260340604
650,651.0,cluster_453491193_453491196,2,0,0.0,2.9800699887829265
650,651.0,joinedS_3056282982_cluster_500010834_500010835_500010836_500010837,2,0,0.0,13.794540402955295
650,651.0,joinedS_4159783704_4159783713,2,5,550.0,0.0
660,661.0,317267021,2,0,0.0,0.0
660,661.0,318319948,0,0,0.0,0.0
660,661.0,318319950,0,0,0.0,0.0
660,661.0,344715428,0,0,0.0,0.0
660,661.0,459095577,4,0,0.0,0.0
660,661.0,459095593,0,1,20.0,0.0
660,661.0,5672981203,0,0,0.0,0.0
660,661.0,6734642660,0,0,0.0,0.0
660,661.0,728359174,0,1,7.0,0.18523830712526773
660,661.0,931498932,2,6,99.0,0.018758295998346056
660,661.0,cluster_12485993451_12485993457_444743027_999091207,1,2,15.0,0.7270834724111523
660,661.0,cluster_12485993454_12485993455_12485993456_12485993458_#4more,0,0,0.0,2.410302946631097
660,661.0,cluster_12497859354_12497859355,2,1,4.0,7.521136056111364
660,661.0,cluster_1846673394_455570130,0,0,0.0,0.0
660,661.0,cluster_1933957591_1944596256_1944596258_500010840,0,0,0.0,0.0
660,661.0,cluster_286141464_317863064,0,1,2.0,0.014099585471643977
660,661.0,cluster_317864209_317864212,2,8,260.0,3.903531489923336e-05
660,661.0,cluster_318319949_3665705327,0,0,0.0,16.292305711986636
660,661.0,cluster_444929591_444929853,4,0,0.0,0.0
660,661.0,cluster_453491193_453491196,0,1,8.0,3.4746426325120034
660,661.0,joinedS_3056282982_cluster_500010834_500010835_500010836_500010837,0,0,0.0,14.74155274120737
660,661.0,joinedS_4159783704_4159783713,2,5,600.0,0.0
670,671.0,317267021,0,0,0.0,0.0
670,671.0,318319948,0,0,0.0,0.0
670,671.0,318319950,2,0,0.0,0.3561785671676129
670,671.0,344715428,2,0,0.0,6.558888385957107
670,671.0,459095577,6,0,0.0,0.0
670,671.0,459095593,0,2,36.0,7.679687382776353
670,671.0,5672981203,2,0,0.0,0.0
670,671.0,6734642660,0,0,0.0,17.545641952646534
670,671.0,728359174,0,2,27.0,0.07342964281917573
670,671.0,931498932,2,6,159.0,0.9228164321681402
670,671.0,cluster_12485993451_12485993457_444743027_999091207,3,4,46.0,0.0051691411141410355
670,671.0,cluster_12485993454_12485993455_12485993456_12485993458_#4more,1,1,3.0,0.0
670,671.0,cluster_12497859354_12497859355,0,0,0.0,2.5937695687168967
670,671.0,cluster_1846673394_455570130,0,0,0.0,9.387599400104953
670,671.0,cluster_1933957591_1944596256_1944596258_500010840,2,0,0.0,16.347585861366245
670,671.0,cluster_286141464_317863064,2,1,2.0,0.8925061842616168
670,671.0,cluster_317864209_317864212,3,8,340.0,0.0
670,671.0,cluster_318319949_3665705327,0,1,1.0,7.986251700751917
670,671.0,cluster_444929591_444929853,6,0,0.0,5.428048606356605
670,671.0,cluster_453491193_453491196,2,1,2.0,0.6856350711958145
670,671.0,joinedS_3056282982_cluster_500010834_500010835_500010836_500010837,2,0,0.0,0.0
670,671.0,joinedS_4159783704_4159783713,2,5,650.0,0.0
680,681.0,317267021,2,0,0.0,17.468806287749306
680,681.0,318319948,0,0,0.0,0.0
680,681.0,318319950,0,0,0.0,16.158865926349538
680,681.0,344715428,2,1,3.0,5.426795042546436
680,681.0,459095577,6,0,0.0,0.0
680,681.0,459095593,0,2,56.0,0.0
680,681.0,5672981203,2,0,0.0,0.0
680,681.0,6734642660,0,0,0.0,0.0
680,681.0,728359174,2,0,0.0,3.1351303918752818
680,681.0,931498932,0,0,0.0,7.058705152214809
680,681.0,cluster_12485993451_12485993457_444743027_999091207,5,0,0.0,0.0
680,681.0,cluster_12485993454_12485993455_12485993456_12485993458_#4more,2,1,13.0,13.282889480887825
680,681.0,cluster_12497859354_12497859355,0,0,0.0,0.0
680,681.0,cluster_1846673394_455570130,0,1,1.0,8.643595141042208
680,681.0,cluster_1933957591_1944596256_1944596258_500010840,0,0,0.0,3.8896489376167045
680,681.0,cluster_286141464_317863064,0,0,0.0,9.833802790363178
680,681.0,cluster_317864209_317864212,5,10,427.0,0.289431704996018
680,681.0,cluster_318319949_3665705327,0,2,14.0,0.0009460044761712806
680,681.0,cluster_444929591_444929853,6,1,4.0,0.0004941005770166883
680,681.0,cluster_453491193_453491196,3,0,0.0,1.6931180041070615
680,681.0,joinedS_3056282982_cluster_500010834_500010835_500010836_500010837,2,0,0.0,0.0
680,681.0,joinedS_4159783704_4159783713,3,5,700.0,0.0
690,691.0,317267021,3,1,5.0,0.0
690,691.0,318319948,2,0,0.0,0.0
690,691.0,318319950,2,0,0.0,9.727342509754973
690,691.0,344715428,2,4,39.0,4.595652242417011
690,691.0,459095577,6,0,0.0,0.0
690,691.0,459095593,2,1,1.0,6.301617634593966
690,691.0,5672981203,2,0,0.0,11.351010209048585
690,691.0,6734642660,0,0,0.0,0.0
690,691.0,728359174,0,0,0.0,6.150581848082925
690,691.0,931498932,2,2,10.0,4.00217059557112
690,691.0,cluster_12485993451_12485993457_444743027_999091207,0,0,0.0,0.0
690,691.0,cluster_12485993454_12485993455_12485993456_12485993458_#4more,3,2,31.0,0.0
690,691.0,cluster_12497859354_12497859355,2,0,0.0,6.648774667208004
690,691.0,cluster_1846673394_455570130,0,0,0.0,17.022050356355447
690,691.0,cluster_1933957591_1944596256_1944596258_500010840,2,0,0.0,15.636391540965487
690,691.0,cluster_286141464_317863064,2,0,0.0,0.0
690,691.0,cluster_317864209_317864212,0,1,10.0,2.4235442528130458
690,691.0,cluster_318319949_3665705327,0,2,34.0,0.0
690,691.0,cluster_444929591_444929853,0,0,0.0,0.0
690,691.0,cluster_453491193_453491196,1,1,10.0,0.0
690,691.0,joinedS_3056282982_cluster_500010834_500010835_500010836_500010837,2,0,0.0,0.0
690,691.0,joinedS_4159783704_4159783713,5,5,750.0,0.0
700,701.0,317267021,0,1,3.0,7.165532214707163
700,701.0,318319948,0,0,0.0,0.0
700,701.0,318319950,2,1,7.0,1.6984503375845885
700,701.0,344715428,2,5,85.0,2.220395167705751
700,701.0,459095577,6,0,0.0,0.0
700,701.0,459095593,0,0,0.0,2.704340013466922
700,701.0,5672981203,2,1,1.0,1.984255159829694
700,701.0,6734642660,0,0,0.0,0.0
700,701.0,728359174,2,0,0.0,0.0
700,701.0,931498932,0,0,0.0,0.26610882108927997
700,701.0,cluster_12485993451_12485993457_444743027_999091207,2,0,0.0,13.001193685127266
700,701.0,cluster_12485993454_12485993455_12485993456_12485993458_#4more,5,2,51.0,4.146014045435893
700,701.0,cluster_12497859354_12497859355,0,0,0.0,7.746416552268382
700,701.0,cluster_1846673394_455570130,0,0,0.0,0.0
700,701.0,cluster_1933957591_1944596256_1944596258_500010840,0,0,0.0,8.370895758333488
700,701.0,cluster_286141464_317863064,0,0,0.0,0.0
700,701.0,cluster_317864209_317864212,0,4,8.0,0.40626984594857274
700,701.0,cluster_318319949_3665705327,0,2,54.0,4.246211879474577
700,701.0,cluster_444929591_444929853,2,0,0.0,0.0
700,701.0,cluster_453491193_453491196,2,0,0.0,0.0
700,701.0,joinedS_3056282982_cluster_500010834_500010835_500010836_500010837,2,0,0.0,4.759044990056337
700,701.0,joinedS_4159783704_4159783713,1,5,800.0,0.0
710,711.0,317267021,2,0,0.0,10.202562718318244
710,711.0,318319948,2,0,0.0,0.0
710,711.0,318319950,2,3,28.0,0.1239417964553531
710,711.0,344715428,2,6,139.0,0.0001572382005881179
710,711.0,459095577,0,0,0.0,0.0
710,711.0,459095593,0,1,9.0,0.0
710,711.0,5672981203,2,1,11.0,0.0
710,711.0,6734642660,0,0,0.0,0.0
710,711.0,728359174,0,0,0.0,0.0
710,711.0,931498932,2,0,0.0,2.370030043636345
710,711.0,cluster_12485993451_12485993457_444743027_999091207,4,0,0.0,16.345043314136568
710,711.0,cluster_12485993454_12485993455_12485993456_12485993458_#4more,7,2,71.0,9.263111221725538
710,711.0,cluster_12497859354_12497859355,0,0,0.0,0.0
710,711.0,cluster_1846673394_455570130,0,0,0.0,12.261889431714499
710,711.0,cluster_1933957591_1944596256_1944596258_500010840,2,0,0.0,9.211329476488753
710,711.0,cluster_286141464_317863064,1,1,1.0,6.709398089321026
710,711.0,cluster_317864209_317864212,0,6,63.0,0.9315075852740147
710,711.0,cluster_318319949_3665705327,0,2,74.0,5.492119667797039
710,711.0,cluster_444929591_444929853,4,0,0.0,7.58269419176504
710,711.0,cluster_453491193_453491196,0,0,0.0,0.0
710,711.0,joinedS_3056282982_cluster_500010834_500010835_500010836_500010837,2,0,0.0,13.717493362045985
710,711.0,joinedS_4159783704_4159783713,3,5,850.0,0.0
720,721.0,317267021,3,1,8.0,0.0
720,721.0,318319948,0,0,0.0,13.9374434647148
720,721.0,318319950,0,0,0.0,9.517727630875365
720,721.0,344715428,0,0,0.0,2.9385732182223387
720,721.0,459095577,2,0,0.0,0.0
720,721.0,459095593,0,1,19.0,8.086735577499494
720,721.0,5672981203,2,1,21.0,0.0
720,721.0,6734642660,0,0,0.0,0.0
720,721.0,728359174,2,0,0.0,0.0
720,721.0,931498932,3,0,0.0,0.0
720,721.0,cluster_12485993451_12485993457_444743027_999091207,0,0,0.0,0.0
720,721.0,cluster_12485993454_12485993455_12485993456_12485993458_#4more,0,3,10.0,2.579337492189477
720,721.0,cluster_12497859354_12497859355,2,0,0.0,0.0
720,721.0,cluster_1846673394_455570130,0,0,0.0,3.9371146316979493
720,721.0,cluster_1933957591_1944596256_1944596258_500010840,2,0,0.0,13.032093472314667
720,721.0,cluster_286141464_317863064,3,1,2.0,5.522055064818048
720,721.0,cluster_317864209_317864212,0,8,137.0,0.0
720,721.0,cluster_318319949_3665705327,2,0,0.0,8.799920071761779
720,721.0,cluster_444929591_444929853,4,1,7.0,4.608734001533595
720,721.0,cluster_453491193_453491196,2,0,0.0,0.0
720,721.0,joinedS_3056282982_cluster_500010834_500010835_500010836_500010837,2,0,0.0,16.197353370562197
720,721.0,joinedS_4159783704_4159783713,4,6,904.0,0.0
730,731.0,317267021,1,0,0.0,13.142819401109591
730,731.0,318319948,2,0,0.0,0.0
730,731.0,318319950,2,0,0.0,0.0
730,731.0,344715428,2,1,3.0,0.00016586264420560842
730,731.0,459095577,4,0,0.0,0.0
730,731.0,459095593,2,0,0.0,11.326408840990876
730,731.0,5672981203,0,0,0.0,0.0
730,731.0,6734642660,0,0,0.0,0.0
730,731.0,728359174,2,0,0.0,0.0
730,731.0,931498932,0,0,0.0,0.0
730,731.0,cluster_12485993451_12485993457_444743027_999091207,2,0,0.0,0.3246982945906365
730,731.0,cluster_12485993454_12485993455_12485993456_12485993458_#4more,2,2,20.0,6.783467919015822e-05
730,731.0,cluster_12497859354_12497859355,0,0,0.0,0.0
730,731.0,cluster_1846673394_455570130,0,0,0.0,0.0
730,731.0,cluster_1933957591_1944596256_1944596258_500010840,2,3,9.0,3.5289396779774487
730,731.0,cluster_286141464_317863064,0,0,0.0,10.199552066388291
730,731.0,cluster_317864209_317864212,1,8,217.0,0.0
730,731.0,cluster_318319949_3665705327,0,0,0.0,0.0
730,731.0,cluster_444929591_444929853,4,1,17.0,11.178632312365766
730,731.0,cluster_453491193_453491196,0,0,0.0,15.188577920064114
730,731.0,joinedS_3056282982_cluster_500010834_500010835_500010836_500010837,0,0,0.0,0.0
730,731.0,joinedS_4159783704_4159783713,0,6,964.0,0.0
740,741.0,317267021,3,1,4.0,0.0
740,741.0,318319948,2,0,0.0,8.118158107660587
740,741.0,318319950,0,0,0.0,0.0
740,741.0,344715428,0,0,0.0,11.826840786741565
740,741.0,459095577,4,0,0.0,0.0
740,741.0,459095593,0,1,1.0,0.04150005041712378
740,741.0,5672981203,2,0,0.0,0.0
740,741.0,6734642660,0,0,0.0,0.0
740,741.0,728359174,2,0,0.0,0.0
740,741.0,931498932,2,0,0.0,0.0
740,741.0,cluster_12485993451_12485993457_444743027_999091207,4,0,0.0,0.0
740,741.0,cluster_12485993454_12485993455_12485993456_12485993458_#4more,3,3,45.0,0.572936051522914
740,741.0,cluster_12497859354_12497859355,0,0,0.0,0.0
740,741.0,cluster_1846673394_455570130,0,0,0.0,7.371549670335341
740,741.0,cluster_1933957591_1944596256_1944596258_500010840,2,4,45.0,2.3480197865055774
740,741.0,cluster_286141464_317863064,1,1,6.0,8.196361362901516
740,741.0,cluster_317864209_317864212,3,5,207.0,1.587747954537848
740,741.0,cluster_318319949_3665705327,2,0,0.0,15.661320706851418
740,741.0,cluster_444929591_444929853,6,1,27.0,10.815182718861275
740,741.0,cluster_453491193_453491196,2,0,0.0,11.715948943344515
740,741.0,joinedS_3056282982_cluster_500010834_500010835_500010836_500010837,2,0,0.0,0.0
740,741.0,joinedS_4159783704_4159783713,2,4,767.0,0.0
750,751.0,317267021,0,0,0.0,0.0
750,751.0,318319948,2,2,14.0,0.00027461844278807294
750,751.0,318319950,2,0,0.0,10.485600482609387
750,751.0,344715428,2,0,0.0,15.124371475538888
750,751.0,459095577,4,0,0.0,0.0
750,751.0,459095593,2,0,0.0,0.0
750,751.0,5672981203,0,0,0.0,16.587813719895877
750,751.0,6734642660,0,0,0.0,0.0
750,751.0,728359174,2,0,0.0,0.0
750,751.0,931498932,0,0,0.0,11.071317887780504
750,751.0,cluster_12485993451_12485993457_444743027_999091207,4,0,0.0,0.0
750,751.0,cluster_12485993454_12485993455_12485993456_12485993458_#4more,4,4,76.0,0.27680431465084027
750,751.0,cluster_12497859354_12497859355,2,0,0.0,21.616568174863342
750,751.0,cluster_1846673394_455570130,0,0,0.0,0.0
750,751.0,cluster_1933957591_1944596256_1944596258_500010840,2,6,93.0,0.00015442804980049396
750,751.0,cluster_286141464_317863064,3,1,5.0,11.336364305574328
750,751.0,cluster_317864209_317864212,5,8,267.0,2.2426077689180777
750,751.0,cluster_318319949_3665705327,0,0,0.0,15.910524460252944
750,751.0,cluster_444929591_444929853,0,0,0.0,14.488806130916268
750,751.0,cluster_453491193_453491196,0,0,0.0,15.577988141894338
750,751.0,joinedS_3056282982_cluster_500010834_500010835_500010836_500010837,0,0,0.0,0.0
750,751.0,joinedS_4159783704_4159783713,2,3,7.0,1.265266577725438
760,761.0,317267021,2,1,2.0,4.84812974717263
760,761.0,318319948,2,2,34.0,5.264170914147387
760,761.0,318319950,2,3,19.0,4.176830070176481
760,761.0,344715428,2,0,0.0,15.885349659346081
760,761.0,459095577,4,0,0.0,0.0
760,761.0,459095593,0,0,0.0,0.0
760,761.0,5672981203,2,0,0.0,11.879338679018316
760,761.0,6734642660,0,0,0.0,16.56059829870239
760,761.0,728359174,2,0,0.0,0.0
760,761.0,931498932,2,0,0.0,0.0
760,761.0,cluster_12485993451_12485993457_444743027_999091207,5,0,0.0,0.0
760,761.0,cluster_12485993454_12485993455_12485993456_12485993458_#4more,6,3,23.0,1.0136753182997233
760,761.0,cluster_12497859354_12497859355,0,0,0.0,20.20230307569523
760,761.0,cluster_1846673394_455570130,0,0,0.0,0.0
760,761.0,cluster_1933957591_1944596256_1944596258_500010840,2,6,153.0,0.0
760,761.0,cluster_286141464_317863064,0,0,0.0,14.133507339015964
760,761.0,cluster_317864209_317864212,0,3,20.0,2.7123410099934007
760,761.0,cluster_318319949_3665705327,2,0,0.0,0.0
760,761.0,cluster_444929591_444929853,2,3,10.0,0.0012514930532638426
760,761.0,cluster_453491193_453491196,0,0,0.0,15.3186267287014
760,761.0,joinedS_3056282982_cluster_500010834_500010835_500010836_500010837,2,1,0.0,0.0
760,761.0,joinedS_4159783704_4159783713,4,4,45.0,0.0
770,771.0,317267021,0,0,0.0,12.341240361426024
770,771.0,318319948,2,2,54.0,4.985673445055501
770,771.0,318319950,2,5,56.0,0.0011826927846409433
770,771.0,344715428,2,3,5.0,5.141730337293842
770,771.0,459095577,4,0,0.0,0.0
770,771.0,459095593,2,0,0.0,0.0
770,771.0,5672981203,0,0,0.0,0.0
770,771.0,6734642660,0,0,0.0,0.0
770,771.0,728359174,0,0,0.0,0.0
770,771.0,931498932,0,0,0.0,5.9805850237379765
770,771.0,cluster_12485993451_12485993457_444743027_999091207,1,1,1.0,8.058256028674602
770,771.0,cluster_12485993454_12485993455_12485993456_12485993458_#4more,0,1,6.0,0.471259510377422
770,771.0,cluster_12497859354_12497859355,0,0,0.0,0.0
770,771.0,cluster_1846673394_455570130,0,0,0.0,0.0
770,771.0,cluster_1933957591_1944596256_1944596258_500010840,0,0,0.0,5.8666169819936895
770,771.0,cluster_286141464_317863064,2,0,0.0,0.0
770,771.0,cluster_317864209_317864212,2,6,23.0,0.7689983016844015
770,771.0,cluster_318319949_3665705327,2,0,0.0,16.971664707281708
770,771.0,cluster_444929591_444929853,4,0,0.0,1.6519716830567381
770,771.0,cluster_453491193_453491196,2,0,0.0,15.853564293729134
770,771.0,joinedS_3056282982_cluster_500010834_500010835_500010836_500010837,0,0,0.0,11.636575569871056
770,771.0,joinedS_4159783704_4159783713,0,4,85.0,0.0
780,781.0,317267021,2,0,0.0,0.0
780,781.0,318319948,2,3,83.0,0.05716686840150009
780,781.0,318319950,2,5,106.0,4.880377024679833
780,781.0,344715428,2,7,64.0,2.066517674553042
780,781.0,459095577,4,0,0.0,0.0
780,781.0,459095593,2,0,0.0,0.0
780,781.0,5672981203,2,0,0.0,10.665010663350047
780,781.0,6734642660,0,0,0.0,0.0
780,781.0,728359174,2,1,0.0,16.67
780,781.0,931498932,0,0,0.0,0.0
780,781.0,cluster_12485993451_12485993457_444743027_999091207,3,1,11.0,9.448868385962607
780,781.0,cluster_12485993454_12485993455_12485993456_12485993458_#4more,1,1,16.0,0.0
780,781.0,cluster_12497859354_12497859355,2,0,0.0,0.0
780,781.0,cluster_1846673394_455570130,0,0,0.0,16.45260448113101
780,781.0,cluster_1933957591_1944596256_1944596258_500010840,2,0,0.0,13.76943191811582
780,781.0,cluster_286141464_317863064,0,0,0.0,15.129833275561145
780,781.0,cluster_317864209_317864212,4,9,107.0,1.4206488853205974
780,781.0,cluster_318319949_3665705327,2,0,0.0,15.82619790954262
780,781.0,cluster_444929591_444929853,5,1,1.0,4.576000845339662
780,781.0,cluster_453491193_453491196,0,1,2.0,3.351325690051755
780,781.0,joinedS_3056282982_cluster_500010834_500010835_500010836_500010837,0,0,0.0,15.730262267898942
780,781.0,joinedS_4159783704_4159783713,2,4,125.0,0.3473886320000806
790,791.0,317267021,0,0,0.0,0.0
790,791.0,318319948,0,1,1.0,0.23400167239358516
790,791.0,318319950,2,6,160.0,2.228569255854001
790,791.0,344715428,2,8,131.0,1.1252812221682464
790,791.0,459095577,7,0,0.0,0.0
790,791.0,459095593,2,0,0.0,0.0
790,791.0,5672981203,2,0,0.0,9.687579356241326
790,791.0,6734642660,0,0,0.0,0.0
790,791.0,728359174,0,1,0.0,16.67
790,791.0,931498932,0,0,0.0,0.0
790,791.0,cluster_12485993451_12485993457_444743027_999091207,5,1,5.0,0.0002844150271310544
790,791.0,cluster_12485993454_12485993455_12485993456_12485993458_#4more,2,3,32.0,0.0003043391269119209
790,791.0,cluster_12497859354_12497859355,0,0,0.0,0.0
790,791.0,cluster_1846673394_455570130,0,0,0.0,0.0
790,791.0,cluster_1933957591_1944596256_1944596258_500010840,0,0,0.0,0.0
790,791.0,cluster_286141464_317863064,2,1,3.0,0.8072902753703103
790,791.0,cluster_317864209_317864212,0,9,178.0,2.0576897478962306
790,791.0,cluster_318319949_3665705327,2,1,6.0,7.553935074094434
790,791.0,cluster_444929591_444929853,6,3,21.0,0.01834628103100479
790,791.0,cluster_453491193_453491196,2,0,0.0,7.602410520869018
790,791.0,joinedS_3056282982_cluster_500010834_500010835_500010836_500010837,0,1,4.0,8.052322734626943
790,791.0,joinedS_4159783704_4159783713,4,5,166.0,0.0
800,801.0,317267021,0,0,0.0,0.0
800,801.0,318319948,2,2,12.0,0.0
800,801.0,318319950,0,0,0.0,2.5306497857971344
800,801.0,344715428,2,8,211.0,1.822243992061251
800,801.0,459095577,0,0,0.0,0.0
800,801.0,459095593,2,1,0.0,0.06366172788602809
800,801.0,5672981203,2,1,7.0,4.631479437568616
800,801.0,6734642660,0,0,0.0,0.0
800,801.0,728359174,2,1,0.0,16.67
800,801.0,931498932,0,0,0.0,11.58093720183351
800,801.0,cluster_12485993451_12485993457_444743027_999091207,0,1,7.0,0.0
800,801.0,cluster_12485993454_12485993455_12485993456_12485993458_#4more,3,4,64.0,0.013650427235115776
800,801.0,cluster_12497859354_12497859355,0,0,0.0,0.0
800,801.0,cluster_1846673394_455570130,0,0,0.0,0.0
800,801.0,cluster_1933957591_1944596256_1944596258_500010840,2,0,0.0,0.0
800,801.0,cluster_286141464_317863064,2,0,0.0,12.448836919052715
800,801.0,cluster_317864209_317864212,2,8,256.0,2.771442461317475
800,801.0,cluster_318319949_3665705327,2,2,23.0,4.764457500735011
800,801.0,cluster_444929591_444929853,6,3,51.0,0.0
800,801.0,cluster_453491193_453491196,3,0,0.0,8.245348461153045
800,801.0,joinedS_3056282982_cluster_500010834_500010835_500010836_500010837,0,1,14.0,0.0
800,801.0,joinedS_4159783704_4159783713,4,5,216.0,0.0
810,811.0,317267021,0,0,0.0,10.677581440843428
810,811.0,318319948,0,0,0.0,12.44783389167295
810,811.0,318319950,2,2,11.0,0.0
810,811.0,344715428,0,1,2.0,1.4119109450439384
810,811.0,459095577,2,0,0.0,0.0
810,811.0,459095593,2,2,11.0,4.193367553712745
810,811.0,5672981203,0,0,0.0,0.0
810,811.0,6734642660,0,0,0.0,0.0
810,811.0,728359174,0,0,0.0,7.041468670115835
810,811.0,931498932,0,2,7.0,1.1190952138461667
810,811.0,cluster_12485993451_12485993457_444743027_999091207,2,2,21.0,0.0
810,811.0,cluster_12485993454_12485993455_12485993456_12485993458_#4more,5,5,108.0,1.6120643611648184
810,811.0,cluster_12497859354_12497859355,2,0,0.0,3.854889910712693
810,811.0,cluster_1846673394_455570130,0,0,0.0,6.02191943444846
810,811.0,cluster_1933957591_1944596256_1944596258_500010840,0,0,0.0,9.092701459906348
810,811.0,cluster_286141464_317863064,2,2,12.0,1.5460878480004467
810,811.0,cluster_317864209_317864212,3,10,347.0,0.001120077724063815
810,811.0,cluster_318319949_3665705327,2,2,43.0,4.811622574693858
810,811.0,cluster_444929591_444929853,6,3,81.0,2.4796667557442555
810,811.0,cluster_453491193_453491196,1,1,10.0,0.0
810,811.0,joinedS_3056282982_cluster_500010834_500010835_500010836_500010837,0,1,24.0,8.750698233501458
810,811.0,joinedS_4159783704_4159783713,4,5,266.0,0.0
820,821.0,317267021,0,1,7.0,3.0554028527119126
820,821.0,318319948,1,1,5.0,0.00015019348999578404
820,821.0,318319950,0,0,0.0,3.387453121913281
820,821.0,344715428,2,2,11.0,0.00015461352476544958
820,821.0,459095577,4,0,0.0,0.0
820,821.0,459095593,2,2,31.0,4.797277553121641
820,821.0,5672981203,2,0,0.0,0.0
820,821.0,6734642660,0,0,0.0,0.0
820,821.0,728359174,0,2,17.0,0.0
820,821.0,931498932,0,3,36.0,5.377746476204743
820,821.0,cluster_12485993451_12485993457_444743027_999091207,4,0,0.0,4.933168610007305
820,821.0,cluster_12485993454_12485993455_12485993456_12485993458_#4more,7,4,76.0,2.0212553289067
820,821.0,cluster_12497859354_12497859355,0,0,0.0,0.0
820,821.0,cluster_1846673394_455570130,0,0,0.0,0.0
820,821.0,cluster_1933957591_1944596256_1944596258_500010840,2,1,6.0,5.806090060633841
820,821.0,cluster_286141464_317863064,0,1,3.0,0.6902629204563748
820,821.0,cluster_317864209_317864212,5,11,454.0,1.513066660499566
820,821.0,cluster_318319949_3665705327,0,1,2.0,5.408795647416263
820,821.0,cluster_444929591_444929853,7,3,111.0,6.620179318003196
820,821.0,cluster_453491193_453491196,3,0,0.0,12.953375600061385
820,821.0,joinedS_3056282982_cluster_500010834_500010835_500010836_500010837,0,1,34.0,8.580684214877834
820,821.0,joinedS_4159783704_4159783713,5,5,316.0,0.0
830,831.0,317267021,0,6,43.0,0.07776240787697657
830,831.0,318319948,3,0,0.0,0.0
830,831.0,318319950,1,0,0.0,0.0
830,831.0,344715428,0,0,0.0,0.0
830,831.0,459095577,6,0,0.0,0.0
830,831.0,459095593,0,0,0.0,0.0
830,831.0,5672981203,0,0,0.0,0.0
830,831.0,6734642660,0,0,0.0,16.68811372852826
830,831.0,728359174,0,2,37.0,0.0
830,831.0,931498932,2,1,1.0,2.9284495257915553
830,831.0,cluster_12485993451_12485993457_444743027_999091207,5,0,0.0,17.07764634151043
830,831.0,cluster_12485993454_12485993455_12485993456_12485993458_#4more,0,0,0.0,8.353579067019306
830,831.0,cluster_12497859354_12497859355,0,0,0.0,0.0
830,831.0,cluster_1846673394_455570130,0,0,0.0,8.698339134822977
830,831.0,cluster_1933957591_1944596256_1944596258_500010840,2,0,0.0,4.490356863294455
830,831.0,cluster_286141464_317863064,2,1,2.0,8.646033074376973
830,831.0,cluster_317864209_317864212,1,4,99.0,3.164788182736079
830,831.0,cluster_318319949_3665705327,2,0,0.0,7.97297610728095
830,831.0,cluster_444929591_444929853,1,0,0.0,16.749946311278798
830,831.0,cluster_453491193_453491196,0,1,7.0,8.235149426516147
830,831.0,joinedS_3056282982_cluster_500010834_500010835_500010836_500010837,2,0,0.0,14.036691695281327
830,831.0,joinedS_4159783704_4159783713,1,5,366.0,0.0
840,841.0,317267021,0,7,113.0,0.0
840,841.0,318319948,1,0,0.0,16.2354224217276
840,841.0,318319950,3,0,0.0,0.0
840,841.0,344715428,2,0,0.0,0.0
840,841.0,459095577,0,0,0.0,0.0
840,841.0,459095593,2,1,2.0,0.02972290743666063
840,841.0,5672981203,2,0,0.0,17.83308403942676
840,841.0,6734642660,0,0,0.0,0.0
840,841.0,728359174,0,3,59.0,0.002031944284558133
840,841.0,931498932,0,1,1.0,2.482587808946038
840,841.0,cluster_12485993451_12485993457_444743027_999091207,1,0,0.0,0.0
840,841.0,cluster_12485993454_12485993455_12485993456_12485993458_#4more,2,0,0.0,0.0
840,841.0,cluster_12497859354_12497859355,2,0,0.0,2.3259968770676878
840,841.0,cluster_1846673394_455570130,0,0,0.0,0.0
840,841.0,cluster_1933957591_1944596256_1944596258_500010840,2,3,12.0,5.694742704151231
840,841.0,cluster_286141464_317863064,3,2,22.0,9.51709332493717
840,841.0,cluster_317864209_317864212,2,6,32.0,3.427439675238498
840,841.0,cluster_318319949_3665705327,0,1,1.0,0.014284655519077122
840,841.0,cluster_444929591_444929853,3,0,0.0,7.49101717699812
840,841.0,cluster_453491193_453491196,2,0,0.0,9.990848335948847
840,841.0,joinedS_3056282982_cluster_500010834_500010835_500010836_500010837,0,0,0.0,17.152845818160394
840,841.0,joinedS_4159783704_4159783713,3,4,365.0,0.0
850,851.0,317267021,2,0,0.0,4.355033174687714
850,851.0,318319948,3,1,5.0,8.208371709464119
850,851.0,318319950,0,0,0.0,14.708582188671716
850,851.0,344715428,0,0,0.0,0.0
850,851.0,459095577,2,1,7.0,0.0
850,851.0,459095593,0,0,0.0,0.0
850,851.0,5672981203,0,0,0.0,8.682857702390052
850,851.0,6734642660,0,0,0.0,17.29238729295278
850,851.0,728359174,0,3,89.0,0.0
850,851.0,931498932,0,0,0.0,0.0
850,851.0,cluster_12485993451_12485993457_444743027_999091207,2,0,0.0,5.488990689118964
850,851.0,cluster_12485993454_12485993455_12485993456_12485993458_#4more,2,1,4.0,5.575841505867334
850,851.0,cluster_12497859354_12497859355,0,0,0.0,0.0
850,851.0,cluster_1846673394_455570130,0,0,0.0,0.0
850,851.0,cluster_1933957591_1944596256_1944596258_500010840,2,3,25.0,0.002109189104191647
850,851.0,cluster_286141464_317863064,1,1,4.0,6.237155382174976
850,851.0,cluster_317864209_317864212,3,9,112.0,0.26325690573783256
850,851.0,cluster_318319949_3665705327,2,0,0.0,15.33669720733584
850,851.0,cluster_444929591_444929853,4,0,0.0,16.392135179117325
850,851.0,cluster_453491193_453491196,0,0,0.0,6.028811509730854
850,851.0,joinedS_3056282982_cluster_500010834_500010835_500010836_500010837,0,0,0.0,12.21944146114324
850,851.0,joinedS_4159783704_4159783713,4,4,405.0,0.0
860,861.0,317267021,2,1,2.0,6.3919439530576
860,861.0,318319948,0,1,5.0,0.0006578159408170187
860,861.0,318319950,2,0,0.0,0.0
860,861.0,344715428,0,0,0.0,0.0
860,861.0,459095577,4,0,0.0,0.0
860,861.0,459095593,2,0,0.0,0.4866004545878785
860,861.0,5672981203,0,2,13.0,0.0
860,861.0,6734642660,0,0,0.0,0.0
860,861.0,728359174,2,0,0.0,2.2968167039472984
860,861.0,931498932,2,1,2.0,0.030217413151899
860,861.0,cluster_12485993451_12485993457_444743027_999091207,4,0,0.0,0.0
860,861.0,cluster_12485993454_12485993455_12485993456_12485993458_#4more,2,2,20.0,7.934159164115165
860,861.0,cluster_12497859354_12497859355,0,0,0.0,0.0
860,861.0,cluster_1846673394_455570130,0,0,0.0,0.8771147862052222
860,861.0,cluster_1933957591_1944596256_1944596258_500010840,2,3,55.0,0.0
860,861.0,cluster_286141464_317863064,3,1,8.0,0.07311926946401487
860,861.0,cluster_317864209_317864212,5,10,211.0,0.0
860,861.0,cluster_318319949_3665705327,0,0,0.0,15.817075854205052
860,861.0,cluster_444929591_444929853,6,0,0.0,16.418430587281478
860,861.0,cluster_453491193_453491196,2,0,0.0,0.0
860,861.0,joinedS_3056282982_cluster_500010834_500010835_500010836_500010837,0,0,0.0,16.167132808854806
860,861.0,joinedS_4159783704_4159783713,0,2,219.0,0.39902268508449196
870,871.0,317267021,3,4,20.0,0.0048906027988529326
870,871.0,318319948,2,0,0.0,0.0
870,871.0,318319950,0,0,0.0,0.0
870,871.0,344715428,0,0,0.0,13.129822735718491
870,871.0,459095577,6,0,0.0,0.0
870,871.0,459095593,0,0,0.0,0.0
870,871.0,5672981203,0,2,33.0,5.366551378704703
870,871.0,6734642660,0,0,0.0,0.0
870,871.0,728359174,0,2,2.0,9.710272112121892
870,871.0,931498932,0,0,0.0,0.0
870,871.0,cluster_12485993451_12485993457_444743027_999091207,0,0,0.0,0.0
870,871.0,cluster_12485993454_12485993455_12485993456_12485993458_#4more,3,3,42.0,4.147801840313276
870,871.0,cluster_12497859354_12497859355,2,0,0.0,0.0
870,871.0,cluster_1846673394_455570130,0,0,0.0,0.0
870,871.0,cluster_1933957591_1944596256_1944596258_500010840,0,0,0.0,5.691070137312636
870,871.0,cluster_286141464_317863064,0,0,0.0,16.50778069796972
870,871.0,cluster_317864209_317864212,1,1,2.0,1.5615763708757653
870,871.0,cluster_318319949_3665705327,2,0,0.0,0.0
870,871.0,cluster_444929591_444929853,0,1,2.0,7.92339513529795
870,871.0,cluster_453491193_453491196,2,0,0.0,15.080012767136434
870,871.0,joinedS_3056282982_cluster_500010834_500010835_500010836_500010837,0,0,0.0,16.438269836483524
870,871.0,joinedS_4159783704_4159783713,0,0,0.0,5.65992531854646
880,881.0,317267021,1,1,12.0,0.06014747054836363
880,881.0,318319948,0,0,0.0,0.0
880,881.0,318319950,2,0,0.0,10.742984195106395
880,881.0,344715428,0,0,0.0,8.645817478792743
880,881.0,459095577,0,0,0.0,0.0
880,881.0,459095593,2,0,0.0,0.0
880,881.0,5672981203,0,2,53.0,0.0
880,881.0,6734642660,0,0,0.0,0.0
880,881.0,728359174,2,1,0.0,9.046494028801476
880,881.0,931498932,2,1,2.0,0.3595326018393898
880,881.0,cluster_12485993451_12485993457_444743027_999091207,2,1,6.0,7.975668109896883
880,881.0,cluster_12485993454_12485993455_12485993456_12485993458_#4more,5,4,44.0,2.8150709164463934
880,881.0,cluster_12497859354_12497859355,0,0,0.0,0.0
880,881.0,cluster_1846673394_455570130,0,0,0.0,0.0
880,881.0,cluster_1933957591_1944596256_1944596258_500010840,2,0,0.0,12.210834060670354
880,881.0,cluster_286141464_317863064,2,3,4.0,4.453470887164629
880,881.0,cluster_317864209_317864212,3,7,44.0,1.3487840180651594
880,881.0,cluster_318319949_3665705327,2,0,0.0,12.783736431781412
880,881.0,cluster_444929591_444929853,2,1,12.0,10.822871865410017
880,881.0,cluster_453491193_453491196,2,1,6.0,12.158286877605027
880,881.0,joinedS_3056282982_cluster_500010834_500010835_500010836_500010837,2,1,4.0,6.982673018635412
880,881.0,joinedS_4159783704_4159783713,0,0,0.0,4.488282483492359
890,891.0,317267021,3,3,13.0,0.030806488101538656
890,891.0,318319948,2,0,0.0,0.0
890,891.0,318319950,2,3,19.0,3.350496306803521
890,891.0,344715428,0,0,0.0,16.433155627779534
890,891.0,459095577,0,0,0.0,0.0
890,891.0,459095593,2,0,0.0,10.21133574514826
890,891.0,5672981203,0,2,73.0,0.0
890,891.0,6734642660,0,0,0.0,0.0
890,891.0,728359174,3,0,0.0,0.0
890,891.0,931498932,0,0,0.0,8.254302876053206
890,891.0,cluster_12485993451_12485993457_444743027_999091207,4,0,0.0,3.5100133049848785
890,891.0,cluster_12485993454_12485993455_12485993456_12485993458_#4more,7,6,100.0,2.292978854308037
890,891.0,cluster_12497859354_12497859355,0,0,0.0,0.0
890,891.0,cluster_1846673394_455570130,0,0,0.0,0.0
890,891.0,cluster_1933957591_1944596256_1944596258_500010840,0,1,5.0,5.824936303250224
890,891.0,cluster_286141464_317863064,0,3,24.0,2.8637044308553703
890,891.0,cluster_317864209_317864212,4,10,134.0,0.0
890,891.0,cluster_318319949_3665705327,2,1,7.0,8.653082654809479
890,891.0,cluster_444929591_444929853,4,0,0.0,15.772791441507128
890,891.0,cluster_453491193_453491196,0,0,0.0,5.872876759766959
890,891.0,joinedS_3056282982_cluster_500010834_500010835_500010836_500010837,0,0,0.0,0.0
890,891.0,joinedS_4159783704_4159783713,2,1,5.0,0.0
900,901.0,317267021,1,1,3.0,5.54191162046045
900,901.0,318319948,0,0,0.0,0.0
900,901.0,318319950,2,5,62.0,2.7651756265796457
900,901.0,344715428,2,0,0.0,16.693706203855445
900,901.0,459095577,0,1,3.0,0.0027480682371356854
900,901.0,459095593,2,3,13.0,4.135393601211258
900,901.0,5672981203,2,0,0.0,15.364771770667648
900,901.0,6734642660,0,0,0.0,0.0
900,901.0,728359174,1,0,0.0,0.17392472825485575
900,901.0,931498932,1,0,0.0,0.0
900,901.0,cluster_12485993451_12485993457_444743027_999091207,5,0,0.0,0.0
900,901.0,cluster_12485993454_12485993455_12485993456_12485993458_#4more,0,1,17.0,1.787685645004866
900,901.0,cluster_12497859354_12497859355,2,0,0.0,0.0
900,901.0,cluster_1846673394_455570130,0,0,0.0,0.0
900,901.0,cluster_1933957591_1944596256_1944596258_500010840,0,2,10.0,0.0007500243425195992
900,901.0,cluster_286141464_317863064,1,0,0.0,5.098324369262166
900,901.0,cluster_317864209_317864212,0,4,77.0,0.7421896106157551
900,901.0,cluster_318319949_3665705327,2,2,20.0,0.4397207706694834
900,901.0,cluster_444929591_444929853,6,0,0.0,8.556514137628113
900,901.0,cluster_453491193_453491196,2,0,0.0,5.382699676470699
900,901.0,joinedS_3056282982_cluster_500010834_500010835_500010836_500010837,2,0,0.0,5.613319226028398
900,901.0,joinedS_4159783704_4159783713,2,2,15.0,0.0
910,911.0,317267021,2,1,3.0,0.015787124171592837
910,911.0,318319948,2,0,0.0,4.115419061498507
910,911.0,318319950,0,0,0.0,8.253498383951381
910,911.0,344715428,0,0,0.0,0.0
910,911.0,459095577,0,1,13.0,0.0
910,911.0,459095593,0,0,0.0,3.105490100757888
910,911.0,5672981203,0,0,0.0,0.0
910,911.0,6734642660,0,0,0.0,0.0
910,911.0,728359174,2,1,0.0,16.261252961634405
910,911.0,931498932,3,0,0.0,0.0
910,911.0,cluster_12485993451_12485993457_444743027_999091207,1,0,0.0,1.9258420331560773
910,911.0,cluster_12485993454_12485993455_12485993456_12485993458_#4more,2,1,27.0,2.415606742088422
910,911.0,cluster_12497859354_12497859355,0,0,0.0,21.22383693801062
910,911.0,cluster_1846673394_455570130,0,0,0.0,0.0
910,911.0,cluster_1933957591_1944596256_1944596258_500010840,0,0,0.0,7.408257298897859
910,911.0,cluster_286141464_317863064,2,1,8.0,7.81570961060845
910,911.0,cluster_317864209_317864212,2,5,21.0,2.2891343097367582
910,911.0,cluster_318319949_3665705327,2,2,40.0,4.185780763251375
910,911.0,cluster_444929591_444929853,0,2,10.0,0.8289332056419713
910,911.0,cluster_453491193_453491196,3,1,3.0,6.374398293672718
910,911.0,joinedS_3056282982_cluster_500010834_500010835_500010836_500010837,0,0,0.0,14.350894016632806
910,911.0,joinedS_4159783704_4159783713,3,3,29.0,0.0
920,921.0,317267021,0,1,3.0,0.0009653620494331625
920,921.0,318319948,2,2,12.0,0.0
920,921.0,318319950,2,0,0.0,0.0
920,921.0,344715428,2,1,3.0,0.0008491419866838277
920,921.0,459095577,2,1,23.0,0.0
920,921.0,459095593,2,1,4.0,0.39252440335586314
920,921.0,5672981203,0,0,0.0,0.0
920,921.0,6734642660,0,0,0.0,0.0
920,921.0,728359174,0,1,0.0,16.67
920,921.0,931498932,0,3,11.0,3.809164856732749
920,921.0,cluster_12485993451_12485993457_444743027_999091207,2,4,14.0,3.186775570993
920,921.0,cluster_12485993454_12485993455_12485993456_12485993458_#4more,2,3,48.0,4.213894435775264
920,921.0,cluster_12497859354_12497859355,0,0,0.0,0.0
920,921.0,cluster_1846673394_455570130,0,0,0.0,0.0
920,921.0,cluster_1933957591_1944596256_1944596258_500010840,2,0,0.0,16.342770623689383
920,921.0,cluster_286141464_317863064,0,3,12.0,2.510435708609233
920,921.0,cluster_317864209_317864212,4,10,107.0,1.568020815800562
920,921.0,cluster_318319949_3665705327,2,4,74.0,2.7656213367123863
920,921.0,cluster_444929591_444929853,2,2,30.0,0.0
920,921.0,cluster_453491193_453491196,0,2,16.0,4.333510123798622
920,921.0,joinedS_3056282982_cluster_500010834_500010835_500010836_500010837,2,0,0.0,11.183790388240363
920,921.0,joinedS_4159783704_4159783713,4,2,37.0,1.580239391242513
930,931.0,317267021,2,0,0.0,0.0
930,931.0,318319948,0,0,0.0,0.0
930,931.0,318319950,2,0,0.0,3.3169043658974537
930,931.0,344715428,0,0,0.0,0.0
930,931.0,459095577,4,0,0.0,0.0
930,931.0,459095593,0,0,0.0,14.71544155085798
930,931.0,5672981203,0,0,0.0,0.0
930,931.0,6734642660,0,0,0.0,0.0
930,931.0,728359174,2,0,0.0,0.0
930,931.0,931498932,2,1,14.0,0.874105820298651
930,931.0,cluster_12485993451_12485993457_444743027_999091207,4,0,0.0,8.798056342654297
930,931.0,cluster_12485993454_12485993455_12485993456_12485993458_#4more,4,1,12.0,0.0
930,931.0,cluster_12497859354_12497859355,2,0,0.0,0.0
930,931.0,cluster_1846673394_455570130,0,0,0.0,0.0
930,931.0,cluster_1933957591_1944596256_1944596258_500010840,0,1,1.0,0.057048301551442235
930,931.0,cluster_286141464_317863064,0,4,39.0,6.9513194610191436
930,931.0,cluster_317864209_317864212,0,7,135.0,0.11366661983950511
930,931.0,cluster_318319949_3665705327,0,0,0.0,0.0
930,931.0,cluster_444929591_444929853,4,0,0.0,1.109317795559764
930,931.0,cluster_453491193_453491196,2,0,0.0,9.986385960452358
930,931.0,joinedS_3056282982_cluster_500010834_500010835_500010836_500010837,2,1,2.0,9.89200024728846
930,931.0,joinedS_4159783704_4159783713,0,1,12.0,2.5286292436479503
940,941.0,317267021,0,0,0.0,0.0
940,941.0,318319948,2,0,0.0,7.750245805873641
940,941.0,318319950,2,3,13.0,2.3451056255120957
940,941.0,344715428,2,0,0.0,8.889316375668516
940,941.0,459095577,6,0,0.0,0.0
940,941.0,459095593,2,0,0.0,16.495787807695503
940,941.0,5672981203,2,0,0.0,0.0
940,941.0,6734642660,0,0,0.0,0.0
940,941.0,728359174,0,0,0.0,0.0
940,941.0,931498932,0,1,4.0,8.06539473024459
940,941.0,cluster_12485993451_12485993457_444743027_999091207,5,2,5.0,1.6741227308886049
940,941.0,cluster_12485993454_12485993455_12485993456_12485993458_#4more,4,2,23.0,0.005852733497875051
940,941.0,cluster_12497859354_12497859355,0,0,0.0,0.0
940,941.0,cluster_1846673394_455570130,0,0,0.0,0.0
940,941.0,cluster_1933957591_1944596256_1944596258_500010840,2,0,0.0,10.583230544550124
940,941.0,cluster_286141464_317863064,2,0,0.0,8.316300031278795
940,941.0,cluster_317864209_317864212,0,2,6.0,1.0508203378143535
940,941.0,cluster_318319949_3665705327,2,1,1.0,11.036726388926468
940,941.0,cluster_444929591_444929853,6,0,0.0,0.0
940,941.0,cluster_453491193_453491196,0,0,0.0,0.0
940,941.0,joinedS_3056282982_cluster_500010834_500010835_500010836_500010837,2,2,15.0,4.390112081593083
940,941.0,joinedS_4159783704_4159783713,0,5,47.0,0.000510042769073215
950,951.0,317267021,2,0,0.0,4.568582146156748
950,951.0,318319948,0,0,0.0,12.912304571787358
950,951.0,318319950,2,5,59.0,2.7058578196804355
950,951.0,344715428,2,2,11.0,0.0006816008306099047
950,951.0,459095577,0,0,0.0,0.0
950,951.0,459095593,3,1,2.0,6.833586487239545
950,951.0,5672981203,0,0,0.0,0.0
950,951.0,6734642660,0,0,0.0,0.0
950,951.0,728359174,0,0,0.0,0.0
950,951.0,931498932,0,1,14.0,7.898722508564613
950,951.0,cluster_12485993451_12485993457_444743027_999091207,1,5,36.0,2.4650224974099193
950,951.0,cluster_12485993454_12485993455_12485993456_12485993458_#4more,4,3,44.0,0.03291249654761569
950,951.0,cluster_12497859354_12497859355,0,0,0.0,18.483981460978328
950,951.0,cluster_1846673394_455570130,0,0,0.0,9.322025457109667
950,951.0,cluster_1933957591_1944596256_1944596258_500010840,0,2,8.0,0.003893815116235831
950,951.0,cluster_286141464_317863064,2,2,13.0,8.830078223600085
950,951.0,cluster_317864209_317864212,0,8,66.0,0.0005731839599840376
950,951.0,cluster_318319949_3665705327,0,0,0.0,4.030953615822362
950,951.0,cluster_444929591_444929853,6,0,0.0,0.0
950,951.0,cluster_453491193_453491196,2,0,0.0,0.0
950,951.0,joinedS_3056282982_cluster_500010834_500010835_500010836_500010837,2,4,44.0,3.2576477586533876
950,951.0,joinedS_4159783704_4159783713,0,5,97.0,0.0
960,961.0,317267021,0,0,0.0,5.480481414750514
960,961.0,318319948,2,0,0.0,0.0
960,961.0,318319950,2,7,116.0,1.8653173586197747
960,961.0,344715428,2,2,31.0,0.0
960,961.0,459095577,2,0,0.0,0.0
960,961.0,459095593,0,1,2.0,7.228508707032387
960,961.0,5672981203,2,0,0.0,16.440384666090832
960,961.0,6734642660,0,0,0.0,0.0
960,961.0,728359174,0,0,0.0,3.8353502182415866
960,961.0,931498932,0,1,24.0,0.0
960,961.0,cluster_12485993451_12485993457_444743027_999091207,3,6,89.0,3.9482292199866333
960,961.0,cluster_12485993454_12485993455_12485993456_12485993458_#4more,4,5,78.0,0.24412303551474235
960,961.0,cluster_12497859354_12497859355,1,0,0.0,0.0
960,961.0,cluster_1846673394_455570130,0,0,0.0,0.0
960,961.0,cluster_1933957591_1944596256_1944596258_500010840,0,0,0.0,14.984402180864208
960,961.0,cluster_286141464_317863064,2,5,39.0,6.165944042703604
960,961.0,cluster_317864209_317864212,0,4,47.0,1.301752834575514
960,961.0,cluster_318319949_3665705327,2,0,0.0,0.0
960,961.0,cluster_444929591_444929853,6,0,0.0,0.0
960,961.0,cluster_453491193_453491196,3,0,0.0,1.0682990150520826
960,961.0,joinedS_3056282982_cluster_500010834_500010835_500010836_500010837,2,4,77.0,4.661797722905763
960,961.0,joinedS_4159783704_4159783713,0,5,147.0,0.0
970,971.0,317267021,0,2,12.0,0.6925536727482294
970,971.0,318319948,0,0,0.0,17.056046577674067
970,971.0,318319950,0,1,1.0,5.9939763054840745
970,971.0,344715428,2,2,51.0,0.0
970,971.0,459095577,4,0,0.0,0.0
970,971.0,459095593,2,0,0.0,0.0
970,971.0,5672981203,0,0,0.0,0.0
970,971.0,6734642660,0,0,0.0,0.0
970,971.0,728359174,2,1,0.0,16.67
970,971.0,931498932,0,1,34.0,3.91382784525631
970,971.0,cluster_12485993451_12485993457_444743027_999091207,5,3,7.0,1.675881284775415
970,971.0,cluster_12485993454_12485993455_12485993456_12485993458_#4more,5,7,139.0,1.3478168198955216
970,971.0,cluster_12497859354_12497859355,3,0,0.0,0.0
970,971.0,cluster_1846673394_455570130,0,0,0.0,0.0
970,971.0,cluster_1933957591_1944596256_1944596258_500010840,0,0,0.0,13.639084638709903
970,971.0,cluster_286141464_317863064,0,1,2.0,3.3720362308903953
970,971.0,cluster_317864209_317864212,0,7,41.0,2.004375319449923
970,971.0,cluster_318319949_3665705327,0,0,0.0,0.0
970,971.0,cluster_444929591_444929853,6,0,0.0,0.0
970,971.0,cluster_453491193_453491196,0,1,10.0,0.0
970,971.0,joinedS_3056282982_cluster_500010834_500010835_500010836_500010837,2,6,128.0,1.248233070421388
970,971.0,joinedS_4159783704_4159783713,2,3,108.0,0.0
980,981.0,317267021,2,1,9.0,2.6843944308557015
980,981.0,318319948,0,1,5.0,7.482017395739467
980,981.0,318319950,1,1,7.0,0.00019097652113228677
980,981.0,344715428,2,2,71.0,0.0
980,981.0,459095577,4,0,0.0,16.49366026020227
980,981.0,459095593,0,0,0.0,3.4138356644167738
980,981.0,5672981203,2,0,0.0,0.0
980,981.0,6734642660,0,0,0.0,0.0
980,981.0,728359174,0,1,0.0,16.67
980,981.0,931498932,0,1,44.0,8.574723403069688
980,981.0,cluster_12485993451_12485993457_444743027_999091207,0,3,20.0,5.721912960599468
980,981.0,cluster_12485993454_12485993455_12485993456_12485993458_#4more,7,7,197.0,0.0
980,981.0,cluster_12497859354_12497859355,0,0,0.0,4.597545371903107
980,981.0,cluster_1846673394_455570130,0,0,0.0,0.0
980,981.0,cluster_1933957591_1944596256_1944596258_500010840,0,1,4.0,8.121829311214388
980,981.0,cluster_286141464_317863064,1,4,31.0,5.170620736201826
980,981.0,cluster_317864209_317864212,1,10,133.0,0.0003096313073302236
980,981.0,cluster_318319949_3665705327,2,0,0.0,0.0
980,981.0,cluster_444929591_444929853,0,0,0.0,0.0
980,981.0,cluster_453491193_453491196,2,0,0.0,0.0
980,981.0,joinedS_3056282982_cluster_500010834_500010835_500010836_500010837,0,0,0.0,5.398630186592904
980,981.0,joinedS_4159783704_4159783713,3,3,138.0,0.04232020122104483
990,991.0,317267021,0,2,25.0,1.868497819738649
990,991.0,318319948,0,1,15.0,10.323589327285339
990,991.0,318319950,3,0,0.0,0.0
990,991.0,344715428,2,2,91.0,0.0
990,991.0,459095577,6,2,6.0,0.032673816833210995
990,991.0,459095593,1,0,0.0,0.0
990,991.0,5672981203,2,0,0.0,0.0
990,991.0,6734642660,0,0,0.0,0.0
990,991.0,728359174,2,0,0.0,1.6319743172602437
990,991.0,931498932,0,1,54.0,6.2421127466484885
990,991.0,cluster_12485993451_12485993457_444743027_999091207,2,4,51.0,6.969179053804185
990,991.0,cluster_12485993454_12485993455_12485993456_12485993458_#4more,0,1,30.0,6.9074511720220855
990,991.0,cluster_12497859354_12497859355,1,0,0.0,17.3978032355879
990,991.0,cluster_1846673394_455570130,0,0,0.0,0.0
990,991.0,cluster_1933957591_1944596256_1944596258_500010840,0,1,14.0,8.22533909966238
990,991.0,cluster_286141464_317863064,2,1,4.0,8.60995043250772
990,991.0,cluster_317864209_317864212,3,8,170.0,2.046985098553916e-05
990,991.0,cluster_318319949_3665705327,2,0,0.0,0.4821079526043163
990,991.0,cluster_444929591_444929853,2,0,0.0,0.0
990,991.0,cluster_453491193_453491196,0,0,0.0,3.817502780684059
990,991.0,joinedS_3056282982_cluster_500010834_500010835_500010836_500010837,2,2,4.0,9.05977682612564
990,991.0,joinedS_4159783704_4159783713,4,4,178.0,0.0
1000,1001.0,317267021,2,0,0.0,4.28956517651632
1000,1001.0,318319948,0,2,28.0,0.0102649912183786
1000,1001.0,318319950,0,0,0.0,0.0
1000,1001.0,344715428,0,0,0.0,0.0
1000,1001.0,459095577,0,0,0.0,0.0
1000,1001.0,459095593,3,0,0.0,14.15514262265147
1000,1001.0,5672981203,2,0,0.0,0.0
1000,1001.0,6734642660,0,0,0.0,0.0
1000,1001.0,728359174,0,1,0.0,16.67
1000,1001.0,931498932,2,1,5.0,4.559585735333128
1000,1001.0,cluster_12485993451_12485993457_444743027_999091207,4,1,5.0,2.433504008700995
1000,1001.0,cluster_12485993454_12485993455_12485993456_12485993458_#4more,1,1,40.0,3.934849126128247
1000,1001.0,cluster_12497859354_12497859355,3,1,3.0,0.003442729738494901
1000,1001.0,cluster_1846673394_455570130,0,0,0.0,0.0
1000,1001.0,cluster_1933957591_1944596256_1944596258_500010840,0,1,24.0,0.0
1000,1001.0,cluster_286141464_317863064,3,1,14.0,3.190861279560548
1000,1001.0,cluster_317864209_317864212,4,10,256.0,0.0008484069235341068
1000,1001.0,cluster_318319949_3665705327,2,1,9.0,8.572937548947063
1000,1001.0,cluster_444929591_444929853,4,0,0.0,11.87634327088017
1000,1001.0,cluster_453491193_453491196,2,0,0.0,6.219796536289498
1000,1001.0,joinedS_3056282982_cluster_500010834_500010835_500010836_500010837,0,0,0.0,10.562062001634553
1000,1001.0,joinedS_4159783704_4159783713,0,2,28.0,0.785842201664543
1010,1011.0,317267021,3,2,5.0,0.011470508914352103
1010,1011.0,318319948,0,2,48.0,6.005202263468288
1010,1011.0,318319950,2,0,0.0,0.0
1010,1011.0,344715428,2,0,0.0,0.0
1010,1011.0,459095577,2,0,0.0,0.0
1010,1011.0,459095593,0,1,3.0,0.0016073805736144678
1010,1011.0,5672981203,0,0,0.0,0.0
1010,1011.0,6734642660,0,0,0.0,0.0
1010,1011.0,728359174,2,1,0.0,16.67
1010,1011.0,931498932,0,0,0.0,11.376012873710678
1010,1011.0,cluster_12485993451_12485993457_444743027_999091207,5,2,22.0,0.0
1010,1011.0,cluster_12485993454_12485993455_12485993456_12485993458_#4more,2,3,13.0,0.02348553908785254
1010,1011.0,cluster_12497859354_12497859355,0,0,0.0,0.0
1010,1011.0,cluster_1846673394_455570130,0,0,0.0,16.010064904382617
1010,1011.0,cluster_1933957591_1944596256_1944596258_500010840,2,0,0.0,6.639886843522241
1010,1011.0,cluster_286141464_317863064,1,1,8.0,8.314948120009078
1010,1011.0,cluster_317864209_317864212,0,4,126.0,1.385649980946342
1010,1011.0,cluster_318319949_3665705327,2,5,42.0,2.6029599656494113
1010,1011.0,cluster_444929591_444929853,4,1,1.0,8.4926176162278
1010,1011.0,cluster_453491193_453491196,3,0,0.0,0.0
1010,1011.0,joinedS_3056282982_cluster_500010834_500010835_500010836_500010837,1,0,0.0,9.92207305083249
1010,1011.0,joinedS_4159783704_4159783713,0,2,48.0,0.0
1020,1021.0,317267021,1,1,1.0,0.006472153896346863
1020,1021.0,318319948,2,0,0.0,8.409217346335062
1020,1021.0,318319950,0,0,0.0,0.0
1020,1021.0,344715428,0,0,0.0,16.646675804192203
1020,1021.0,459095577,4,0,0.0,0.0
1020,1021.0,459095593,2,0,0.0,13.984553184461236
1020,1021.0,5672981203,2,0,0.0,12.02343399482779
1020,1021.0,6734642660,0,0,0.0,0.0
1020,1021.0,728359174,2,0,0.0,0.0
1020,1021.0,931498932,2,0,0.0,3.190875517664856
1020,1021.0,cluster_12485993451_12485993457_444743027_999091207,0,0,0.0,0.0
1020,1021.0,cluster_12485993454_12485993455_12485993456_12485993458_#4more,4,3,43.0,2.1385583967137074
1020,1021.0,cluster_12497859354_12497859355,1,0,0.0,15.446521683624796
1020,1021.0,cluster_1846673394_455570130,0,0,0.0,0.0
1020,1021.0,cluster_1933957591_1944596256_1944596258_500010840,0,0,0.0,16.473410549229012
1020,1021.0,cluster_286141464_317863064,3,1,4.0,0.2420272709952622
1020,1021.0,cluster_317864209_317864212,0,1,24.0,6.217211112209356
1020,1021.0,cluster_318319949_3665705327,2,9,117.0,1.822111123554747
1020,1021.0,cluster_444929591_444929853,4,1,11.0,7.58267353549024
1020,1021.0,cluster_453491193_453491196,1,0,0.0,0.0
1020,1021.0,joinedS_3056282982_cluster_500010834_500010835_500010836_500010837,3,0,0.0,16.21937914600596
1020,1021.0,joinedS_4159783704_4159783713,0,2,68.0,0.0
1030,1031.0,317267021,3,0,0.0,17.857536465566586
1030,1031.0,318319948,0,0,0.0,0.0
1030,1031.0,318319950,2,0,0.0,0.0
1030,1031.0,344715428,2,0,0.0,15.407596010563504
1030,1031.0,459095577,6,0,0.0,0.0
1030,1031.0,459095593,0,0,0.0,0.0
1030,1031.0,5672981203,0,0,0.0,0.0
1030,1031.0,6734642660,0,0,0.0,0.0
1030,1031.0,728359174,2,0,0.0,0.0
1030,1031.0,931498932,0,0,0.0,0.21696010341256727
1030,1031.0,cluster_12485993451_12485993457_444743027_999091207,2,0,0.0,0.0
1030,1031.0,cluster_12485993454_12485993455_12485993456_12485993458_#4more,4,6,80.0,2.217855166655244
1030,1031.0,cluster_12497859354_12497859355,3,1,6.0,0.0
1030,1031.0,cluster_1846673394_455570130,0,0,0.0,16.29273839572445
1030,1031.0,cluster_1933957591_1944596256_1944596258_500010840,2,0,0.0,18.263532694144548
1030,1031.0,cluster_286141464_317863064,1,0,0.0,15.611792447534466
1030,1031.0,cluster_317864209_317864212,0,7,65.0,0.10113736731216963
1030,1031.0,cluster_318319949_3665705327,2,9,207.0,3.011776356637539
1030,1031.0,cluster_444929591_444929853,4,2,28.0,7.226053331187206
1030,1031.0,cluster_453491193_453491196,3,0,0.0,0.0
1030,1031.0,joinedS_3056282982_cluster_500010834_500010835_500010836_500010837,1,0,0.0,16.3281439882708
1030,1031.0,joinedS_4159783704_4159783713,2,0,0.0,0.8235066315159201
1040,1041.0,317267021,0,0,0.0,9.673750902133381
1040,1041.0,318319948,2,1,1.0,6.977282948548233
1040,1041.0,318319950,0,0,0.0,0.0
1040,1041.0,344715428,0,0,0.0,0.0
1040,1041.0,459095577,0,0,0.0,0.0
1040,1041.0,459095593,2,0,0.0,0.42196424105328645
1040,1041.0,5672981203,2,0,0.0,0.0
1040,1041.0,6734642660,0,0,0.0,0.0
1040,1041.0,728359174,2,0,0.0,0.0
1040,1041.0,931498932,0,1,4.0,0.000992986910315299
1040,1041.0,cluster_12485993451_12485993457_444743027_999091207,4,0,0.0,0.0
1040,1041.0,cluster_12485993454_12485993455_12485993456_12485993458_#4more,4,8,143.0,1.7238113193023434
1040,1041.0,cluster_12497859354_12497859355,0,0,0.0,16.808220680773655
1040,1041.0,cluster_1846673394_455570130,0,0,0.0,0.8045998979964601
1040,1041.0,cluster_1933957591_1944596256_1944596258_500010840,0,0,0.0,6.51378537692246
1040,1041.0,cluster_286141464_317863064,2,2,6.0,5.546695537610925
1040,1041.0,cluster_317864209_317864212,0,10,156.0,1.1186061104140477
1040,1041.0,cluster_318319949_3665705327,0,0,0.0,3.5213682195553737
1040,1041.0,cluster_444929591_444929853,6,3,50.0,6.106489848446362
1040,1041.0,cluster_453491193_453491196,0,0,0.0,0.0
1040,1041.0,joinedS_3056282982_cluster_500010834_500010835_500010836_500010837,3,1,6.0,13.206286169613785
1040,1041.0,joinedS_4159783704_4159783713,2,1,2.0,0.007538641810145694
1050,1051.0,317267021,2,0,0.0,6.06208159866872
1050,1051.0,318319948,0,0,0.0,6.248080972511444
1050,1051.0,318319950,1,1,4.0,1.8076056274864813
1050,1051.0,344715428,2,0,0.0,0.0
1050,1051.0,459095577,0,0,0.0,0.0
1050,1051.0,459095593,0,0,0.0,3.735585486725153
1050,1051.0,5672981203,0,0,0.0,0.0
1050,1051.0,6734642660,0,0,0.0,0.0
1050,1051.0,728359174,2,0,0.0,0.0
1050,1051.0,931498932,2,0,0.0,0.0
1050,1051.0,cluster_12485993451_12485993457_444743027_999091207,0,0,0.0,8.97985315635542
1050,1051.0,cluster_12485993454_12485993455_12485993456_12485993458_#4more,5,9,228.0,0.9671815246693811
1050,1051.0,cluster_12497859354_12497859355,1,0,0.0,0.0
1050,1051.0,cluster_1846673394_455570130,0,0,0.0,7.638502724095888
1050,1051.0,cluster_1933957591_1944596256_1944596258_500010840,0,1,8.0,8.413475772019611
1050,1051.0,cluster_286141464_317863064,0,1,8.0,6.818018723608134
1050,1051.0,cluster_317864209_317864212,0,8,103.0,1.2325212455950252
1050,1051.0,cluster_318319949_3665705327,2,2,8.0,0.00027022933398722945
1050,1051.0,cluster_444929591_444929853,0,0,0.0,7.592942851465882
1050,1051.0,cluster_453491193_453491196,2,0,0.0,0.0
1050,1051.0,joinedS_3056282982_cluster_500010834_500010835_500010836_500010837,0,0,0.0,13.287557835598019
1050,1051.0,joinedS_4159783704_4159783713,2,1,12.0,0.0
1060,1061.0,317267021,0,1,6.0,0.0
1060,1061.0,318319948,2,0,0.0,14.807839703247176
1060,1061.0,318319950,3,1,3.0,0.0026487395439334697
1060,1061.0,344715428,2,0,0.0,14.984459789722722
1060,1061.0,459095577,0,0,0.0,0.0
1060,1061.0,459095593,1,1,8.0,0.0
1060,1061.0,5672981203,0,0,0.0,16.86857240013235
1060,1061.0,6734642660,0,0,0.0,16.260130495326596
1060,1061.0,728359174,0,0,0.0,5.81262323445943
1060,1061.0,931498932,0,0,0.0,0.0
1060,1061.0,cluster_12485993451_12485993457_444743027_999091207,2,3,21.0,1.8725000660466196
1060,1061.0,cluster_12485993454_12485993455_12485993456_12485993458_#4more,6,8,210.0,0.4832532512081726
1060,1061.0,cluster_12497859354_12497859355,3,1,0.0,0.0
1060,1061.0,cluster_1846673394_455570130,0,0,0.0,0.0
1060,1061.0,cluster_1933957591_1944596256_1944596258_500010840,0,1,18.0,8.052680034763181
1060,1061.0,cluster_286141464_317863064,1,2,21.0,5.443737005882638
1060,1061.0,cluster_317864209_317864212,2,8,92.0,0.0450693121126202
1060,1061.0,cluster_318319949_3665705327,0,0,0.0,16.248353404688814
1060,1061.0,cluster_444929591_444929853,2,2,16.0,0.0
1060,1061.0,cluster_453491193_453491196,0,0,0.0,12.88930981807566
1060,1061.0,joinedS_3056282982_cluster_500010834_500010835_500010836_500010837,2,1,3.0,9.757602654599062
1060,1061.0,joinedS_4159783704_4159783713,2,1,22.0,0.0
1070,1071.0,317267021,0,0,0.0,0.0
1070,1071.0,318319948,2,0,0.0,16.479378865780312
1070,1071.0,318319950,0,0,0.0,15.448902247647414
1070,1071.0,344715428,2,0,0.0,16.933353623890554
1070,1071.0,459095577,0,0,0.0,0.0
1070,1071.0,459095593,3,0,0.0,0.0
1070,1071.0,5672981203,0,0,0.0,0.0
1070,1071.0,6734642660,0,0,0.0,0.0
1070,1071.0,728359174,2,1,0.0,16.67
1070,1071.0,931498932,2,0,0.0,1.3657271121400518
1070,1071.0,cluster_12485993451_12485993457_444743027_999091207,4,2,19.0,5.049627561382704
1070,1071.0,cluster_12485993454_12485993455_12485993456_12485993458_#4more,0,2,51.0,0.8336861125409509
1070,1071.0,cluster_12497859354_12497859355,0,0,0.0,0.0
1070,1071.0,cluster_1846673394_455570130,0,0,0.0,10.157318843861676
1070,1071.0,cluster_1933957591_1944596256_1944596258_500010840,0,2,29.0,0.037067648185700616
1070,1071.0,cluster_286141464_317863064,2,0,0.0,12.727634614681369
1070,1071.0,cluster_317864209_317864212,3,9,182.0,0.0
1070,1071.0,cluster_318319949_3665705327,2,0,0.0,16.08761714675135
1070,1071.0,cluster_444929591_444929853,4,0,0.0,0.5074764873079043
1070,1071.0,cluster_453491193_453491196,2,0,0.0,5.290065034091525
1070,1071.0,joinedS_3056282982_cluster_500010834_500010835_500010836_500010837,0,0,0.0,7.064998029981776
1070,1071.0,joinedS_4159783704_4159783713,2,1,32.0,0.0
1080,1081.0,317267021,0,0,0.0,15.236883235044605
1080,1081.0,318319948,2,0,0.0,6.436246539279819
1080,1081.0,318319950,2,0,0.0,12.317832656270694
1080,1081.0,344715428,2,0,0.0,17.464238984548253
1080,1081.0,459095577,0,0,0.0,0.0
1080,1081.0,459095593,1,1,7.0,7.951568456538109
1080,1081.0,5672981203,2,0,0.0,0.0
1080,1081.0,6734642660,0,0,0.0,0.0
1080,1081.0,728359174,0,1,0.0,16.67
1080,1081.0,931498932,2,1,8.0,0.0
1080,1081.0,cluster_12485993451_12485993457_444743027_999091207,4,1,22.0,6.035332678231787
1080,1081.0,cluster_12485993454_12485993455_12485993456_12485993458_#4more,1,2,27.0,0.25772534317226053
1080,1081.0,cluster_12497859354_12497859355,1,0,0.0,21.100258013955326
1080,1081.0,cluster_1846673394_455570130,0,0,0.0,0.0
1080,1081.0,cluster_1933957591_1944596256_1944596258_500010840,0,2,49.0,5.545350639640044
1080,1081.0,cluster_286141464_317863064,0,0,0.0,6.155412229639424
1080,1081.0,cluster_317864209_317864212,5,9,272.0,2.3543612914121166
1080,1081.0,cluster_318319949_3665705327,2,0,0.0,14.533715955340464
1080,1081.0,cluster_444929591_444929853,6,1,4.0,0.9713874097442574
1080,1081.0,cluster_453491193_453491196,0,0,0.0,0.8290739301904243
1080,1081.0,joinedS_3056282982_cluster_500010834_500010835_500010836_500010837,2,1,5.0,5.811534831345381
1080,1081.0,joinedS_4159783704_4159783713,2,2,46.0,0.00013705480130888552
1090,1091.0,317267021,0,0,0.0,0.0
1090,1091.0,318319948,2,1,1.0,10.861291545553224
1090,1091.0,318319950,2,2,10.0,8.168830701761191
1090,1091.0,344715428,2,2,7.0,7.426973707543165
1090,1091.0,459095577,0,0,0.0,0.0
1090,1091.0,459095593,2,1,3.0,0.00030619190496733093
1090,1091.0,5672981203,0,0,0.0,0.0
1090,1091.0,6734642660,0,0,0.0,18.774799787062875
1090,1091.0,728359174,2,1,0.0,16.67
1090,1091.0,931498932,2,2,18.0,0.0
1090,1091.0,cluster_12485993451_12485993457_444743027_999091207,4,2,36.0,5.235370457881562
1090,1091.0,cluster_12485993454_12485993455_12485993456_12485993458_#4more,2,2,19.0,5.104244667039224
1090,1091.0,cluster_12497859354_12497859355,3,1,1.0,9.850580788441937
1090,1091.0,cluster_1846673394_455570130,0,0,0.0,16.39657197918743
1090,1091.0,cluster_1933957591_1944596256_1944596258_500010840,0,2,69.0,1.4319509737769642
1090,1091.0,cluster_286141464_317863064,2,0,0.0,4.833806317016201
1090,1091.0,cluster_317864209_317864212,1,8,332.0,1.5676334995957504
1090,1091.0,cluster_318319949_3665705327,2,0,0.0,0.0
1090,1091.0,cluster_444929591_444929853,0,1,14.0,3.9147059464330476
1090,1091.0,cluster_453491193_453491196,2,0,0.0,0.0
1090,1091.0,joinedS_3056282982_cluster_500010834_500010835_500010836_500010837,0,0,0.0,16.526019821949305
1090,1091.0,joinedS_4159783704_4159783713,4,3,71.0,0.0
1100,1101.0,317267021,0,0,0.0,18.475266247890616
1100,1101.0,318319948,2,2,16.0,0.0
1100,1101.0,318319950,2,4,40.0,0.0
1100,1101.0,344715428,0,0,0.0,0.0
1100,1101.0,459095577,2,0,0.0,0.0
1100,1101.0,459095593,0,0,0.0,0.0
1100,1101.0,5672981203,2,0,0.0,0.0
1100,1101.0,6734642660,0,0,0.0,0.0
1100,1101.0,728359174,0,1,0.0,13.60423379943855
1100,1101.0,931498932,2,2,29.0,3.732473853358121
1100,1101.0,cluster_12485993451_12485993457_444743027_999091207,4,2,56.0,0.2577341224958471
1100,1101.0,cluster_12485993454_12485993455_12485993456_12485993458_#4more,3,4,52.0,0.0004047297004251991
1100,1101.0,cluster_12497859354_12497859355,0,0,0.0,4.028630466479802
1100,1101.0,cluster_1846673394_455570130,0,0,0.0,0.0
1100,1101.0,cluster_1933957591_1944596256_1944596258_500010840,2,0,0.0,3.6066866539627505
1100,1101.0,cluster_286141464_317863064,2,0,0.0,11.404768728480096
1100,1101.0,cluster_317864209_317864212,2,8,412.0,0.0
1100,1101.0,cluster_318319949_3665705327,2,0,0.0,0.0
1100,1101.0,cluster_444929591_444929853,0,1,24.0,6.0274265003078495
1100,1101.0,cluster_453491193_453491196,2,0,0.0,0.0
1100,1101.0,joinedS_3056282982_cluster_500010834_500010835_500010836_500010837,2,0,0.0,5.426662505675317
1100,1101.0,joinedS_4159783704_4159783713,4,3,101.0,0.0
1110,1111.0,317267021,0,1,2.0,4.046524764234509
1110,1111.0,318319948,2,2,36.0,0.0
1110,1111.0,318319950,2,5,83.0,0.0014118237097645904
1110,1111.0,344715428,2,0,0.0,0.0
1110,1111.0,459095577,4,0,0.0,0.0
1110,1111.0,459095593,2,0,0.0,16.301839097244667
1110,1111.0,5672981203,0,0,0.0,0.0
1110,1111.0,6734642660,0,0,0.0,0.0
1110,1111.0,728359174,0,2,7.0,0.0
1110,1111.0,931498932,2,4,65.0,0.19570680797846637
1110,1111.0,cluster_12485993451_12485993457_444743027_999091207,4,3,86.0,3.003723789540686
1110,1111.0,cluster_12485993454_12485993455_12485993456_12485993458_#4more,5,3,74.0,7.896822765936383
1110,1111.0,cluster_12497859354_12497859355,1,0,0.0,12.37971529514905
1110,1111.0,cluster_1846673394_455570130,0,0,0.0,0.0
1110,1111.0,cluster_1933957591_1944596256_1944596258_500010840,0,0,0.0,12.651878946364548
1110,1111.0,cluster_286141464_317863064,2,4,27.0,6.281835261627498
1110,1111.0,cluster_317864209_317864212,4,8,492.0,0.0812667429953703
1110,1111.0,cluster_318319949_3665705327,2,0,0.0,0.0
1110,1111.0,cluster_444929591_444929853,2,1,34.0,7.785954102591094
1110,1111.0,cluster_453491193_453491196,2,0,0.0,16.37702147530392
1110,1111.0,joinedS_3056282982_cluster_500010834_500010835_500010836_500010837,2,1,8.0,8.575956651234804
1110,1111.0,joinedS_4159783704_4159783713,4,3,131.0,0.0
1120,1121.0,317267021,2,1,1.0,7.5173926307568015
1120,1121.0,318319948,0,0,0.0,9.0258734134374
1120,1121.0,318319950,2,6,135.0,0.001580359487959073
1120,1121.0,344715428,0,0,0.0,0.0
1120,1121.0,459095577,6,0,0.0,0.0
1120,1121.0,459095593,0,0,0.0,0.6381846963156683
1120,1121.0,5672981203,2,0,0.0,0.0
1120,1121.0,6734642660,0,0,0.0,0.0
1120,1121.0,728359174,0,2,17.0,0.0
1120,1121.0,931498932,2,6,113.0,1.5066854247560626
1120,1121.0,cluster_12485993451_12485993457_444743027_999091207,4,3,116.0,1.5087299039956998
1120,1121.0,cluster_12485993454_12485993455_12485993456_12485993458_#4more,7,4,106.0,0.7394519222290293
1120,1121.0,cluster_12497859354_12497859355,2,1,1.0,1.6901992068443126
1120,1121.0,cluster_1846673394_455570130,0,0,0.0,7.92690103198839
1120,1121.0,cluster_1933957591_1944596256_1944596258_500010840,2,0,0.0,0.0
1120,1121.0,cluster_286141464_317863064,2,8,90.0,1.8486769605488342
1120,1121.0,cluster_317864209_317864212,0,4,275.0,2.8119772826373093
1120,1121.0,cluster_318319949_3665705327,2,0,0.0,5.244157904572785
1120,1121.0,cluster_444929591_444929853,4,0,0.0,15.50335705631216
1120,1121.0,cluster_453491193_453491196,2,1,1.0,10.655977555491809
1120,1121.0,joinedS_3056282982_cluster_500010834_500010835_500010836_500010837,2,2,23.0,5.387399365341207
1120,1121.0,joinedS_4159783704_4159783713,4,3,161.0,0.0
1130,1131.0,317267021,0,1,9.0,2.0956412335746015
1130,1131.0,318319948,2,0,0.0,14.597390996286252
1130,1131.0,318319950,0,0,0.0,3.695080852504484
1130,1131.0,344715428,2,0,0.0,0.0
1130,1131.0,459095577,0,0,0.0,0.0
1130,1131.0,459095593,0,0,0.0,0.0
1130,1131.0,5672981203,2,0,0.0,0.0
1130,1131.0,6734642660,0,0,0.0,0.0
1130,1131.0,728359174,2,2,5.0,0.0
1130,1131.0,931498932,0,0,0.0,3.583407382702855
1130,1131.0,cluster_12485993451_12485993457_444743027_999091207,0,0,0.0,3.4715068218733425
1130,1131.0,cluster_12485993454_12485993455_12485993456_12485993458_#4more,0,2,22.0,2.206360441860528
1130,1131.0,cluster_12497859354_12497859355,0,1,8.0,0.0
1130,1131.0,cluster_1846673394_455570130,0,0,0.0,0.0
1130,1131.0,cluster_1933957591_1944596256_1944596258_500010840,0,0,0.0,16.245956219478156
1130,1131.0,cluster_286141464_317863064,2,9,165.0,0.009819329224709385
1130,1131.0,cluster_317864209_317864212,0,1,1.0,5.559808345854356
1130,1131.0,cluster_318319949_3665705327,0,0,0.0,14.574713241239728
1130,1131.0,cluster_444929591_444929853,6,0,0.0,5.737304075448049
1130,1131.0,cluster_453491193_453491196,2,1,11.0,5.195958768716565
1130,1131.0,joinedS_3056282982_cluster_500010834_500010835_500010836_500010837,2,2,43.0,0.7128431653049526
1130,1131.0,joinedS_4159783704_4159783713,0,0,0.0,1.777205721609531
1140,1141.0,317267021,2,0,0.0,4.374369570648185
1140,1141.0,318319948,0,0,0.0,0.0
1140,1141.0,318319950,2,0,0.0,12.391955718004942
1140,1141.0,344715428,0,0,0.0,0.0
1140,1141.0,459095577,2,0,0.0,0.0
1140,1141.0,459095593,0,0,0.0,0.0
1140,1141.0,5672981203,2,0,0.0,15.130155528802419
1140,1141.0,6734642660,0,0,0.0,0.0
1140,1141.0,728359174,2,0,0.0,2.4292347880186647
1140,1141.0,931498932,2,1,3.0,7.321976526113911
1140,1141.0,cluster_12485993451_12485993457_444743027_999091207,2,1,8.0,0.49287533894253865
1140,1141.0,cluster_12485993454_12485993455_12485993456_12485993458_#4more,2,5,38.0,0.5905785151524269
1140,1141.0,cluster_12497859354_12497859355,0,0,0.0,13.02811742157849
1140,1141.0,cluster_1846673394_455570130,0,0,0.0,0.0
1140,1141.0,cluster_1933957591_1944596256_1944596258_500010840,2,0,0.0,15.889408754721849
1140,1141.0,cluster_286141464_317863064,2,8,228.0,2.1364692353796007
1140,1141.0,cluster_317864209_317864212,0,8,48.0,0.8375403841067914
1140,1141.0,cluster_318319949_3665705327,2,0,0.0,15.366833482720612
1140,1141.0,cluster_444929591_444929853,0,1,8.0,0.0
1140,1141.0,cluster_453491193_453491196,2,3,33.0,4.2474993954628
1140,1141.0,joinedS_3056282982_cluster_500010834_500010835_500010836_500010837,2,3,73.0,3.938073036564624
1140,1141.0,joinedS_4159783704_4159783713,2,2,15.0,6.398596582495662e-05
1150,1151.0,317267021,3,0,0.0,0.0
1150,1151.0,318319948,2,0,0.0,0.0
1150,1151.0,318319950,0,0,0.0,17.87199402829876
1150,1151.0,344715428,0,0,0.0,0.0
1150,1151.0,459095577,4,0,0.0,0.0
1150,1151.0,459095593,0,0,0.0,15.67847706097352
1150,1151.0,5672981203,2,1,2.0,7.843292057174001
1150,1151.0,6734642660,0,0,0.0,0.0
1150,1151.0,728359174,0,1,0.0,16.67
1150,1151.0,931498932,0,0,0.0,11.210067576158512
1150,1151.0,cluster_12485993451_12485993457_444743027_999091207,4,1,18.0,6.524311397928399
1150,1151.0,cluster_12485993454_12485993455_12485993456_12485993458_#4more,2,6,97.0,4.186367979745705
1150,1151.0,cluster_12497859354_12497859355,0,0,0.0,0.0
1150,1151.0,cluster_1846673394_455570130,0,0,0.0,0.0
1150,1151.0,cluster_1933957591_1944596256_1944596258_500010840,0,0,0.0,9.145209696187905
1150,1151.0,cluster_286141464_317863064,0,1,9.0,7.399953352091611
1150,1151.0,cluster_317864209_317864212,0,11,152.0,0.8159020436074566
1150,1151.0,cluster_318319949_3665705327,3,0,0.0,0.0
1150,1151.0,cluster_444929591_444929853,2,1,18.0,2.2690742089413107
1150,1151.0,cluster_453491193_453491196,0,1,1.0,0.08351016609232534
1150,1151.0,joinedS_3056282982_cluster_500010834_500010835_500010836_500010837,2,4,109.0,0.0
1150,1151.0,joinedS_4159783704_4159783713,4,3,36.0,0.02306404600798587
1160,1161.0,317267021,1,1,5.0,3.9652177826265
1160,1161.0,318319948,0,0,0.0,10.681832440184483
1160,1161.0,318319950,2,0,0.0,16.62621898972957
1160,1161.0,344715428,2,0,0.0,12.961597356414487
1160,1161.0,459095577,6,0,0.0,0.0
1160,1161.0,459095593,0,0,0.0,0.0
1160,1161.0,5672981203,2,2,15.0,0.00010873402978121102
1160,1161.0,6734642660,0,0,0.0,0.0
1160,1161.0,728359174,2,1,0.0,16.67
1160,1161.0,931498932,0,0,0.0,0.0
1160,1161.0,cluster_12485993451_12485993457_444743027_999091207,5,1,28.0,6.839161784032479
1160,1161.0,cluster_12485993454_12485993455_12485993456_12485993458_#4more,4,5,117.0,0.5229763634168435
1160,1161.0,cluster_12497859354_12497859355,1,0,0.0,23.36192992283082
1160,1161.0,cluster_1846673394_455570130,0,0,0.0,0.0
1160,1161.0,cluster_1933957591_1944596256_1944596258_500010840,0,0,0.0,14.718767651548555
1160,1161.0,cluster_286141464_317863064,2,3,18.0,4.471638386701843
1160,1161.0,cluster_317864209_317864212,0,5,108.0,1.2324059020324265
1160,1161.0,cluster_318319949_3665705327,1,0,0.0,16.35082767711021
1160,1161.0,cluster_444929591_444929853,3,1,28.0,0.0
1160,1161.0,cluster_453491193_453491196,2,1,4.0,7.344963698684825
1160,1161.0,joinedS_3056282982_cluster_500010834_500010835_500010836_500010837,0,0,0.0,9.94483934785846
1160,1161.0,joinedS_4159783704_4159783713,4,3,66.0,0.0
1170,1171.0,317267021,2,1,7.0,1.1565363121276044
1170,1171.0,318319948,2,0,0.0,0.0
1170,1171.0,318319950,0,0,0.0,0.0
1170,1171.0,344715428,0,0,0.0,0.0
1170,1171.0,459095577,0,0,0.0,0.0
1170,1171.0,459095593,0,0,0.0,0.0
1170,1171.0,5672981203,2,2,35.0,0.0
1170,1171.0,6734642660,0,0,0.0,0.0
1170,1171.0,728359174,0,1,2.0,0.045099412920251075
1170,1171.0,931498932,0,2,3.0,0.000306439199016213
1170,1171.0,cluster_12485993451_12485993457_444743027_999091207,1,1,1.0,0.06685655791616732
1170,1171.0,cluster_12485993454_12485993455_12485993456_12485993458_#4more,4,4,104.0,1.7864847387970788
1170,1171.0,cluster_12497859354_12497859355,2,1,3.0,0.0
1170,1171.0,cluster_1846673394_455570130,0,0,0.0,0.0
1170,1171.0,cluster_1933957591_1944596256_1944596258_500010840,0,1,6.0,0.0
1170,1171.0,cluster_286141464_317863064,0,1,4.0,1.4748526360477878
1170,1171.0,cluster_317864209_317864212,1,11,172.0,0.6797819205059561
1170,1171.0,cluster_318319949_3665705327,3,1,3.0,0.003291234150389871
1170,1171.0,cluster_444929591_444929853,5,0,0.0,8.248306261932575
1170,1171.0,cluster_453491193_453491196,0,0,0.0,14.250724948306328
1170,1171.0,joinedS_3056282982_cluster_500010834_500010835_500010836_500010837,2,0,0.0,14.545704558924037
1170,1171.0,joinedS_4159783704_4159783713,4,3,96.0,0.0
1180,1181.0,317267021,0,3,17.0,3.543082369325304e-05
1180,1181.0,318319948,2,1,1.0,7.809517893700194
1180,1181.0,318319950,0,0,0.0,14.196298305984499
1180,1181.0,344715428,2,0,0.0,0.0
1180,1181.0,459095577,0,0,0.0,0.0
1180,1181.0,459095593,2,0,0.0,0.0
1180,1181.0,5672981203,0,0,0.0,0.0
1180,1181.0,6734642660,0,0,0.0,0.0
1180,1181.0,728359174,0,1,12.0,0.0
1180,1181.0,931498932,0,1,13.0,9.19050065496963
1180,1181.0,cluster_12485993451_12485993457_444743027_999091207,2,2,15.0,2.8052819154101996
1180,1181.0,cluster_12485993454_12485993455_12485993456_12485993458_#4more,4,4,144.0,0.0
1180,1181.0,cluster_12497859354_12497859355,0,0,0.0,0.0
1180,1181.0,cluster_1846673394_455570130,0,0,0.0,0.0
1180,1181.0,cluster_1933957591_1944596256_1944596258_500010840,0,1,16.0,0.0
1180,1181.0,cluster_286141464_317863064,1,3,18.0,5.233794715722161
1180,1181.0,cluster_317864209_317864212,3,9,116.0,1.257647155682017e-05
1180,1181.0,cluster_318319949_3665705327,1,0,0.0,11.239263756746478
1180,1181.0,cluster_444929591_444929853,7,0,0.0,15.447055399258934
1180,1181.0,cluster_453491193_453491196,2,0,0.0,10.103763021779276
1180,1181.0,joinedS_3056282982_cluster_500010834_500010835_500010836_500010837,0,0,0.0,15.194314362843848
1180,1181.0,joinedS_4159783704_4159783713,4,3,126.0,0.0
1190,1191.0,317267021,2,0,0.0,3.7320454599584796
1190,1191.0,318319948,2,1,11.0,7.7655367015344865
1190,1191.0,318319950,0,0,0.0,0.0
1190,1191.0,344715428,0,0,0.0,0.0
1190,1191.0,459095577,0,0,0.0,0.0
1190,1191.0,459095593,0,0,0.0,11.649808752077274
1190,1191.0,5672981203,2,0,0.0,0.0
1190,1191.0,6734642660,0,0,0.0,0.0
1190,1191.0,728359174,0,3,27.0,0.0070285138574584126
1190,1191.0,931498932,0,2,32.0,0.0
1190,1191.0,cluster_12485993451_12485993457_444743027_999091207,4,0,0.0,14.400631341141715
1190,1191.0,cluster_12485993454_12485993455_12485993456_12485993458_#4more,4,4,184.0,5.497763527155577
1190,1191.0,cluster_12497859354_12497859355,0,0,0.0,0.0
1190,1191.0,cluster_1846673394_455570130,0,0,0.0,0.0
1190,1191.0,cluster_1933957591_1944596256_1944596258_500010840,0,1,26.0,11.194124812138318
1190,1191.0,cluster_286141464_317863064,3,5,43.0,0.002990686865101405
1190,1191.0,cluster_317864209_317864212,5,9,206.0,1.895155085962376
1190,1191.0,cluster_318319949_3665705327,2,0,0.0,10.670151548563556
1190,1191.0,cluster_444929591_444929853,1,0,0.0,10.183109371226438
1190,1191.0,cluster_453491193_453491196,3,1,8.0,7.156822011586149
1190,1191.0,joinedS_3056282982_cluster_500010834_500010835_500010836_500010837,2,0,0.0,15.613117969422127
1190,1191.0,joinedS_4159783704_4159783713,0,3,156.0,0.0
1200,1201.0,317267021,0,1,1.0,0.020926173275273213
1200,1201.0,318319948,2,2,30.0,0.0
1200,1201.0,318319950,0,0,0.0,17.46204651560069
1200,1201.0,344715428,2,0,0.0,0.0
1200,1201.0,459095577,0,1,5.0,0.0
1200,1201.0,459095593,1,0,0.0,0.0
1200,1201.0,5672981203,0,0,0.0,0.0
1200,1201.0,6734642660,0,0,0.0,0.0
1200,1201.0,728359174,0,3,57.0,0.0
1200,1201.0,931498932,0,2,52.0,0.0
1200,1201.0,cluster_12485993451_12485993457_444743027_999091207,0,0,0.0,0.0
1200,1201.0,cluster_12485993454_12485993455_12485993456_12485993458_#4more,5,6,232.0,0.00011431010468867602
1200,1201.0,cluster_12497859354_12497859355,2,0,0.0,0.0
1200,1201.0,cluster_1846673394_455570130,0,0,0.0,0.0
1200,1201.0,cluster_1933957591_1944596256_1944596258_500010840,0,2,44.0,5.640874699480817
1200,1201.0,cluster_286141464_317863064,0,0,0.0,10.020811957860854
1200,1201.0,cluster_317864209_317864212,0,1,7.0,3.2390825749309013
1200,1201.0,cluster_318319949_3665705327,0,0,0.0,12.618113995440034
1200,1201.0,cluster_444929591_444929853,3,0,0.0,9.854178310709555
1200,1201.0,cluster_453491193_453491196,1,1,6.0,0.0
1200,1201.0,joinedS_3056282982_cluster_500010834_500010835_500010836_500010837,0,0,0.0,0.0
1200,1201.0,joinedS_4159783704_4159783713,2,2,135.0,0.0
1210,1211.0,317267021,1,2,16.0,0.00039079958361709757
1210,1211.0,318319948,2,3,51.0,0.025269714989189868
1210,1211.0,318319950,0,0,0.0,0.0
1210,1211.0,344715428,2,0,0.0,2.290919806796904
1210,1211.0,459095577,0,1,15.0,0.0
1210,1211.0,459095593,3,1,2.0,0.002026521001409292
1210,1211.0,5672981203,2,0,0.0,0.0
1210,1211.0,6734642660,0,0,0.0,0.0
1210,1211.0,728359174,0,3,87.0,0.0
1210,1211.0,931498932,2,0,0.0,7.536372515724818
1210,1211.0,cluster_12485993451_12485993457_444743027_999091207,2,0,0.0,0.0
1210,1211.0,cluster_12485993454_12485993455_12485993456_12485993458_#4more,6,4,152.0,6.593930010487149
1210,1211.0,cluster_12497859354_12497859355,0,0,0.0,0.0
1210,1211.0,cluster_1846673394_455570130,0,0,0.0,0.0
1210,1211.0,cluster_1933957591_1944596256_1944596258_500010840,2,0,0.0,10.164381035565995
1210,1211.0,cluster_286141464_317863064,2,0,0.0,0.0
1210,1211.0,cluster_317864209_317864212,0,9,52.0,1.5062513987525021
1210,1211.0,cluster_318319949_3665705327,2,0,0.0,15.293334711919314
1210,1211.0,cluster_444929591_444929853,4,0,0.0,0.0
1210,1211.0,cluster_453491193_453491196,3,0,0.0,0.0
1210,1211.0,joinedS_3056282982_cluster_500010834_500010835_500010836_500010837,0,0,0.0,11.399441096381022
1210,1211.0,joinedS_4159783704_4159783713,4,2,155.0,0.0
1220,1221.0,317267021,2,0,0.0,0.0
1220,1221.0,318319948,2,4,82.0,5.100333556409746
1220,1221.0,318319950,2,0,0.0,12.368639264977537
1220,1221.0,344715428,2,2,17.0,0.0
1220,1221.0,459095577,0,1,25.0,0.0
1220,1221.0,459095593,1,0,0.0,0.0
1220,1221.0,5672981203,0,0,0.0,17.93723930986018
1220,1221.0,6734642660,0,0,0.0,0.0
1220,1221.0,728359174,2,0,0.0,3.418587444459721
1220,1221.0,931498932,3,1,10.0,8.419006336825316
1220,1221.0,cluster_12485993451_12485993457_444743027_999091207,4,0,0.0,10.84648271280898
1220,1221.0,cluster_12485993454_12485993455_12485993456_12485993458_#4more,0,2,85.0,1.8783802433461834
1220,1221.0,cluster_12497859354_12497859355,0,0,0.0,0.0
1220,1221.0,cluster_1846673394_455570130,0,0,0.0,0.0
1220,1221.0,cluster_1933957591_1944596256_1944596258_500010840,0,0,0.0,11.643426496399105
1220,1221.0,cluster_286141464_317863064,3,0,0.0,16.476203380286687
1220,1221.0,cluster_317864209_317864212,0,5,50.0,2.3308751465266417
1220,1221.0,cluster_318319949_3665705327,0,0,0.0,0.0
1220,1221.0,cluster_444929591_444929853,6,0,0.0,0.0
1220,1221.0,cluster_453491193_453491196,1,0,0.0,15.862288036563331
1220,1221.0,joinedS_3056282982_cluster_500010834_500010835_500010836_500010837,0,0,0.0,16.114906831625852
1220,1221.0,joinedS_4159783704_4159783713,0,2,175.0,0.0
1230,1231.0,317267021,0,0,0.0,0.0
1230,1231.0,318319948,0,0,0.0,4.767738916831979
1230,1231.0,318319950,0,0,0.0,0.0
1230,1231.0,344715428,2,2,37.0,1.794259066603457
1230,1231.0,459095577,2,1,35.0,0.0
1230,1231.0,459095593,2,0,0.0,0.0
1230,1231.0,5672981203,2,0,0.0,0.0
1230,1231.0,6734642660,0,0,0.0,15.076546676470162
1230,1231.0,728359174,0,0,0.0,0.7015470757649138
1230,1231.0,931498932,1,0,0.0,10.026562391873446
1230,1231.0,cluster_12485993451_12485993457_444743027_999091207,0,0,0.0,0.0
1230,1231.0,cluster_12485993454_12485993455_12485993456_12485993458_#4more,1,4,110.0,0.0029865204586636725
1230,1231.0,cluster_12497859354_12497859355,2,0,0.0,24.472717184280963
1230,1231.0,cluster_1846673394_455570130,0,0,0.0,0.0
1230,1231.0,cluster_1933957591_1944596256_1944596258_500010840,2,0,0.0,5.3334912423742935
1230,1231.0,cluster_286141464_317863064,0,0,0.0,12.591092327546228
1230,1231.0,cluster_317864209_317864212,0,11,140.0,0.011119021146282363
1230,1231.0,cluster_318319949_3665705327,2,0,0.0,16.076225611859428
1230,1231.0,cluster_444929591_444929853,0,0,0.0,11.041264746509961
1230,1231.0,cluster_453491193_453491196,2,0,0.0,15.269238179193707
1230,1231.0,joinedS_3056282982_cluster_500010834_500010835_500010836_500010837,0,0,0.0,9.533533460972588
1230,1231.0,joinedS_4159783704_4159783713,2,2,195.0,1.4491673879325393
1240,1241.0,317267021,2,0,0.0,0.0
1240,1241.0,318319948,0,2,15.0,0.629859657473797
1240,1241.0,318319950,2,0,0.0,0.0
1240,1241.0,344715428,2,3,59.0,0.00015183711277240412
1240,1241.0,459095577,4,0,0.0,0.0
1240,1241.0,459095593,0,0,0.0,0.0
1240,1241.0,5672981203,2,0,0.0,0.0
1240,1241.0,6734642660,0,0,0.0,0.0
1240,1241.0,728359174,2,0,0.0,0.0
1240,1241.0,931498932,2,1,2.0,0.006040553338698403
1240,1241.0,cluster_12485993451_12485993457_444743027_999091207,0,0,0.0,0.0
1240,1241.0,cluster_12485993454_12485993455_12485993456_12485993458_#4more,2,2,25.0,3.6917563298375655
1240,1241.0,cluster_12497859354_12497859355,0,0,0.0,0.0
1240,1241.0,cluster_1846673394_455570130,0,0,0.0,16.171866184687243
1240,1241.0,cluster_1933957591_1944596256_1944596258_500010840,2,0,0.0,17.40924061070938
1240,1241.0,cluster_286141464_317863064,1,0,0.0,7.484395094651394
1240,1241.0,cluster_317864209_317864212,0,12,260.0,0.0
1240,1241.0,cluster_318319949_3665705327,0,0,0.0,11.27869220687005
1240,1241.0,cluster_444929591_444929853,2,0,0.0,16.224796244297178
1240,1241.0,cluster_453491193_453491196,0,0,0.0,0.0
1240,1241.0,joinedS_3056282982_cluster_500010834_500010835_500010836_500010837,0,0,0.0,14.658681474602536
1240,1241.0,joinedS_4159783704_4159783713,4,3,221.0,0.0
1250,1251.0,317267021,0,0,0.0,0.0
1250,1251.0,318319948,1,1,18.0,2.470648309757038
1250,1251.0,318319950,0,0,0.0,13.610217347946069
1250,1251.0,344715428,2,3,89.0,0.0
1250,1251.0,459095577,6,0,0.0,0.0
1250,1251.0,459095593,2,0,0.0,0.0
1250,1251.0,5672981203,2,0,0.0,0.0
1250,1251.0,6734642660,0,0,0.0,16.228030491182583
1250,1251.0,728359174,0,0,0.0,0.0
1250,1251.0,931498932,0,0,0.0,0.0
1250,1251.0,cluster_12485993451_12485993457_444743027_999091207,0,1,1.0,3.3634706958861216
1250,1251.0,cluster_12485993454_12485993455_12485993456_12485993458_#4more,4,2,45.0,2.784975997136513
1250,1251.0,cluster_12497859354_12497859355,0,0,0.0,0.0
1250,1251.0,cluster_1846673394_455570130,0,0,0.0,0.0
1250,1251.0,cluster_1933957591_1944596256_1944596258_500010840,2,1,2.0,9.78465012012879
1250,1251.0,cluster_286141464_317863064,3,1,5.0,0.0010886810222667492
1250,1251.0,cluster_317864209_317864212,2,9,215.0,0.9202167936452834
1250,1251.0,cluster_318319949_3665705327,0,1,7.0,8.266625652441938
1250,1251.0,cluster_444929591_444929853,4,0,0.0,16.273700875770302
1250,1251.0,cluster_453491193_453491196,2,0,0.0,0.0
1250,1251.0,joinedS_3056282982_cluster_500010834_500010835_500010836_500010837,0,0,0.0,16.329681519679728
1250,1251.0,joinedS_4159783704_4159783713,5,3,251.0,0.0
1260,1261.0,317267021,2,0,0.0,0.0
1260,1261.0,318319948,2,1,9.0,0.0
1260,1261.0,318319950,0,0,0.0,11.927837583642326
1260,1261.0,344715428,0,0,0.0,3.9858030088840604
1260,1261.0,459095577,0,0,0.0,0.0
1260,1261.0,459095593,0,0,0.0,15.539479537468964
1260,1261.0,5672981203,2,0,0.0,14.76290069664828
1260,1261.0,6734642660,0,0,0.0,0.0
1260,1261.0,728359174,2,0,0.0,0.0
1260,1261.0,931498932,2,0,0.0,4.752451403958835
1260,1261.0,cluster_12485993451_12485993457_444743027_999091207,1,3,27.0,0.0
1260,1261.0,cluster_12485993454_12485993455_12485993456_12485993458_#4more,5,3,66.0,0.019755489263113327
1260,1261.0,cluster_12497859354_12497859355,2,0,0.0,0.0
1260,1261.0,cluster_1846673394_455570130,0,0,0.0,0.0
1260,1261.0,cluster_1933957591_1944596256_1944596258_500010840,0,0,0.0,5.388539481782896
1260,1261.0,cluster_286141464_317863064,0,0,0.0,0.0
1260,1261.0,cluster_317864209_317864212,2,9,305.0,1.615546444812157
1260,1261.0,cluster_318319949_3665705327,2,1,2.0,9.159636720963412
1260,1261.0,cluster_444929591_444929853,4,0,0.0,8.283619924250525
1260,1261.0,cluster_453491193_453491196,0,0,0.0,7.936834917293874
1260,1261.0,joinedS_3056282982_cluster_500010834_500010835_500010836_500010837,2,1,2.0,5.982639586311728
1260,1261.0,joinedS_4159783704_4159783713,1,3,281.0,0.0
1270,1271.0,317267021,0,0,0.0,0.0
1270,1271.0,318319948,0,1,19.0,0.0
1270,1271.0,318319950,0,0,0.0,0.0
1270,1271.0,344715428,2,0,0.0,0.0
1270,1271.0,459095577,2,0,0.0,0.0
1270,1271.0,459095593,2,1,1.0,4.7024550317115095
1270,1271.0,5672981203,2,1,1.0,6.943680317651723
1270,1271.0,6734642660,0,0,0.0,0.0
1270,1271.0,728359174,2,0,0.0,16.835240150711417
1270,1271.0,931498932,0,0,0.0,0.0
1270,1271.0,cluster_12485993451_12485993457_444743027_999091207,3,5,63.0,0.00016331205177959264
1270,1271.0,cluster_12485993454_12485993455_12485993456_12485993458_#4more,6,2,54.0,0.5107217046126464
1270,1271.0,cluster_12497859354_12497859355,0,0,0.0,15.181857276256567
1270,1271.0,cluster_1846673394_455570130,0,0,0.0,0.0
1270,1271.0,cluster_1933957591_1944596256_1944596258_500010840,1,0,0.0,7.521082938326619
1270,1271.0,cluster_286141464_317863064,2,0,0.0,10.769232293196538
1270,1271.0,cluster_317864209_317864212,4,9,395.0,0.21491378346308201
1270,1271.0,cluster_318319949_3665705327,0,1,3.0,8.057054621035395
1270,1271.0,cluster_444929591_444929853,6,0,0.0,11.318520580951827
1270,1271.0,cluster_453491193_453491196,2,0,0.0,4.828307447573446
1270,1271.0,joinedS_3056282982_cluster_500010834_500010835_500010836_500010837,0,0,0.0,0.0
1270,1271.0,joinedS_4159783704_4159783713,3,3,311.0,0.0
1280,1281.0,317267021,0,1,4.0,0.0013575584898792882
1280,1281.0,318319948,2,1,29.0,9.405247966374562
1280,1281.0,318319950,0,0,0.0,10.791560698619932
1280,1281.0,344715428,0,0,0.0,0.0
1280,1281.0,459095577,4,0,0.0,0.0
1280,1281.0,459095593,0,0,0.0,0.8759044957347214
1280,1281.0,5672981203,2,2,13.0,0.002612622860071925
1280,1281.0,6734642660,0,0,0.0,0.0
1280,1281.0,728359174,2,0,0.0,0.0
1280,1281.0,931498932,2,0,0.0,0.0
1280,1281.0,cluster_12485993451_12485993457_444743027_999091207,5,1,1.0,6.412202264753615
1280,1281.0,cluster_12485993454_12485993455_12485993456_12485993458_#4more,0,1,10.0,7.300184637105833
1280,1281.0,cluster_12497859354_12497859355,0,0,0.0,0.0
1280,1281.0,cluster_1846673394_455570130,0,0,0.0,0.6636531200327206
1280,1281.0,cluster_1933957591_1944596256_1944596258_500010840,3,2,16.0,5.296055125295667
1280,1281.0,cluster_286141464_317863064,0,0,0.0,16.589151219865307
1280,1281.0,cluster_317864209_317864212,0,10,469.0,0.0
1280,1281.0,cluster_318319949_3665705327,2,0,0.0,0.0
1280,1281.0,cluster_444929591_444929853,0,0,0.0,16.34280837596408
1280,1281.0,cluster_453491193_453491196,3,1,1.0,4.5302368283042
1280,1281.0,joinedS_3056282982_cluster_500010834_500010835_500010836_500010837,2,0,0.0,14.265054191962692
1280,1281.0,joinedS_4159783704_4159783713,4,3,341.0,0.0
1290,1291.0,317267021,0,1,14.0,0.0
1290,1291.0,318319948,0,0,0.0,5.055964677867748
1290,1291.0,318319950,2,2,8.0,0.001990021319515146
1290,1291.0,344715428,2,1,2.0,2.112638619146967
1290,1291.0,459095577,6,0,0.0,0.0
1290,1291.0,459095593,0,2,8.0,0.001453033067021894
1290,1291.0,5672981203,0,0,0.0,0.0
1290,1291.0,6734642660,0,0,0.0,0.0
1290,1291.0,728359174,2,0,0.0,16.99995527574248
1290,1291.0,931498932,0,0,0.0,13.105064900033174
1290,1291.0,cluster_12485993451_12485993457_444743027_999091207,0,2,6.0,3.4372807010206095
1290,1291.0,cluster_12485993454_12485993455_12485993456_12485993458_#4more,1,1,20.0,0.0
1290,1291.0,cluster_12497859354_12497859355,2,0,0.0,0.0
1290,1291.0,cluster_1846673394_455570130,0,1,3.0,5.685553864759993
1290,1291.0,cluster_1933957591_1944596256_1944596258_500010840,0,0,0.0,8.419193323134918
1290,1291.0,cluster_286141464_317863064,2,0,0.0,0.0
1290,1291.0,cluster_317864209_317864212,2,8,533.0,0.0
1290,1291.0,cluster_318319949_3665705327,0,0,0.0,0.0
1290,1291.0,cluster_444929591_444929853,2,0,0.0,14.608685740862517
1290,1291.0,cluster_453491193_453491196,0,2,17.0,5.399204688497509
1290,1291.0,joinedS_3056282982_cluster_500010834_500010835_500010836_500010837,0,0,0.0,14.370148059131454
1290,1291.0,joinedS_4159783704_4159783713,0,3,371.0,0.0
1300,1301.0,317267021,0,2,25.0,4.86096076717816
1300,1301.0,318319948,2,0,0.0,0.0
1300,1301.0,318319950,0,0,0.0,10.966357681921437
1300,1301.0,344715428,0,0,0.0,0.0
1300,1301.0,459095577,0,0,0.0,0.0
1300,1301.0,459095593,0,2,28.0,3.5344705868404973
1300,1301.0,5672981203,2,0,0.0,0.0
1300,1301.0,6734642660,0,0,0.0,0.0
1300,1301.0,728359174,2,0,0.0,0.0
1300,1301.0,931498932,2,0,0.0,0.0
1300,1301.0,cluster_12485993451_12485993457_444743027_999091207,2,5,36.0,0.0024394183961262395
1300,1301.0,cluster_12485993454_12485993455_12485993456_12485993458_#4more,2,2,33.0,0.000641662370036816
1300,1301.0,cluster_12497859354_12497859355,0,0,0.0,20.458238936939996
1300,1301.0,cluster_1846673394_455570130,0,0,0.0,0.0
1300,1301.0,cluster_1933957591_1944596256_1944596258_500010840,2,0,0.0,0.0
1300,1301.0,cluster_286141464_317863064,0,0,0.0,0.0
1300,1301.0,cluster_317864209_317864212,2,8,613.0,2.874134100547992
1300,1301.0,cluster_318319949_3665705327,2,0,0.0,12.246528389909106
1300,1301.0,cluster_444929591_444929853,4,0,0.0,17.16021026975678
1300,1301.0,cluster_453491193_453491196,2,0,0.0,5.200941470085017
1300,1301.0,joinedS_3056282982_cluster_500010834_500010835_500010836_500010837,2,1,1.0,8.613825259517201
1300,1301.0,joinedS_4159783704_4159783713,2,3,401.0,0.0
1310,1311.0,317267021,0,3,52.0,0.032518257597374735
1310,1311.0,318319948,0,0,0.0,0.0
1310,1311.0,318319950,1,0,0.0,16.058075883382628
1310,1311.0,344715428,2,0,0.0,0.0
1310,1311.0,459095577,2,0,0.0,0.0
1310,1311.0,459095593,0,2,48.0,0.0
1310,1311.0,5672981203,0,0,0.0,15.739947246295857
1310,1311.0,6734642660,0,0,0.0,0.0
1310,1311.0,728359174,0,0,0.0,0.0
1310,1311.0,931498932,2,0,0.0,4.302363059159432
1310,1311.0,cluster_12485993451_12485993457_444743027_999091207,4,1,15.0,1.9515649303932572
1310,1311.0,cluster_12485993454_12485993455_12485993456_12485993458_#4more,4,1,13.0,3.3812827389784883
1310,1311.0,cluster_12497859354_12497859355,0,0,0.0,18.16604258759757
1310,1311.0,cluster_1846673394_455570130,0,0,0.0,10.67551190550439
1310,1311.0,cluster_1933957591_1944596256_1944596258_500010840,0,0,0.0,0.0
1310,1311.0,cluster_286141464_317863064,1,0,0.0,10.731251094557914
1310,1311.0,cluster_317864209_317864212,2,9,698.0,1.0162251986371698
1310,1311.0,cluster_318319949_3665705327,2,0,0.0,14.57127166644686
1310,1311.0,cluster_444929591_444929853,6,0,0.0,7.552254658105705
1310,1311.0,cluster_453491193_453491196,0,2,8.0,0.01345130681791916
1310,1311.0,joinedS_3056282982_cluster_500010834_500010835_500010836_500010837,0,0,0.0,17.082420371113376
1310,1311.0,joinedS_4159783704_4159783713,4,3,431.0,0.0
1320,1321.0,317267021,0,4,92.0,0.0
1320,1321.0,318319948,0,0,0.0,17.770209161447525
1320,1321.0,318319950,3,1,5.0,0.0
1320,1321.0,344715428,2,0,0.0,0.0
1320,1321.0,459095577,4,0,0.0,0.0
1320,1321.0,459095593,0,2,68.0,0.0
1320,1321.0,5672981203,2,0,0.0,0.0
1320,1321.0,6734642660,0,0,0.0,0.0
1320,1321.0,728359174,2,0,0.0,0.0
1320,1321.0,931498932,2,1,9.0,5.506673967073801
1320,1321.0,cluster_12485993451_12485993457_444743027_999091207,5,2,25.0,0.4690848966437587
1320,1321.0,cluster_12485993454_12485993455_12485993456_12485993458_#4more,5,2,8.0,6.785632640808631
1320,1321.0,cluster_12497859354_12497859355,2,1,4.0,0.0
1320,1321.0,cluster_1846673394_455570130,0,0,0.0,0.0
1320,1321.0,cluster_1933957591_1944596256_1944596258_500010840,2,0,0.0,9.800571697527689
1320,1321.0,cluster_286141464_317863064,2,1,3.0,8.430921016706808
1320,1321.0,cluster_317864209_317864212,2,10,795.0,1.4784188040980901
1320,1321.0,cluster_318319949_3665705327,0,0,0.0,10.186185583702297
1320,1321.0,cluster_444929591_444929853,6,2,15.0,8.141731239450166
1320,1321.0,cluster_453491193_453491196,2,1,13.0,3.6875537973633463
1320,1321.0,joinedS_3056282982_cluster_500010834_500010835_500010836_500010837,0,0,0.0,16.59398760900833
1320,1321.0,joinedS_4159783704_4159783713,0,3,461.0,0.0
1330,1331.0,317267021,2,0,0.0,2.7886613290690443
1330,1331.0,318319948,0,1,5.0,0.0016294343766755748
1330,1331.0,318319950,1,0,0.0,16.42370767922141
1330,1331.0,344715428,2,0,0.0,10.03904498940344
1330,1331.0,459095577,4,0,0.0,0.0
1330,1331.0,459095593,2,0,0.0,11.852673080896908
1330,1331.0,5672981203,0,0,0.0,0.0
1330,1331.0,6734642660,0,0,0.0,0.0
1330,1331.0,728359174,0,0,0.0,8.574473326491193
1330,1331.0,931498932,2,2,26.0,5.406604635468589
1330,1331.0,cluster_12485993451_12485993457_444743027_999091207,1,1,9.0,9.814672502199734
1330,1331.0,cluster_12485993454_12485993455_12485993456_12485993458_#4more,7,4,36.0,0.4636812372514192
1330,1331.0,cluster_12497859354_12497859355,0,0,0.0,21.22368420851096
1330,1331.0,cluster_1846673394_455570130,0,0,0.0,0.0
1330,1331.0,cluster_1933957591_1944596256_1944596258_500010840,3,1,9.0,5.841867086665694
1330,1331.0,cluster_286141464_317863064,0,0,0.0,7.935996482147453
1330,1331.0,cluster_317864209_317864212,2,10,895.0,2.121865026679671
1330,1331.0,cluster_318319949_3665705327,2,0,0.0,14.186048907087875
1330,1331.0,cluster_444929591_444929853,6,2,35.0,8.053960592104122
1330,1331.0,cluster_453491193_453491196,2,0,0.0,5.845141749916047
1330,1331.0,joinedS_3056282982_cluster_500010834_500010835_500010836_500010837,0,0,0.0,0.0
1330,1331.0,joinedS_4159783704_4159783713,2,3,491.0,1.6350178608901234
1340,1341.0,317267021,0,1,3.0,0.138573912811754
1340,1341.0,318319948,2,0,0.0,0.0
1340,1341.0,318319950,3,1,4.0,0.0
1340,1341.0,344715428,2,1,8.0,0.0
1340,1341.0,459095577,4,0,0.0,0.0
1340,1341.0,459095593,3,1,5.0,0.0
1340,1341.0,5672981203,2,0,0.0,0.0
1340,1341.0,6734642660,0,0,0.0,0.0
1340,1341.0,728359174,2,0,0.0,1.0233887795358876
1340,1341.0,931498932,2,2,46.0,0.0
1340,1341.0,cluster_12485993451_12485993457_444743027_999091207,3,1,19.0,8.74474404262562
1340,1341.0,cluster_12485993454_12485993455_12485993456_12485993458_#4more,0,0,0.0,7.007334970786876
1340,1341.0,cluster_12497859354_12497859355,0,0,0.0,15.81916962512768
1340,1341.0,cluster_1846673394_455570130,0,0,0.0,0.0
1340,1341.0,cluster_1933957591_1944596256_1944596258_500010840,1,1,7.0,0.0
1340,1341.0,cluster_286141464_317863064,2,0,0.0,15.654437969398538
1340,1341.0,cluster_317864209_317864212,3,12,1002.0,0.0021306162546487527
1340,1341.0,cluster_318319949_3665705327,0,0,0.0,11.887009017529651
1340,1341.0,cluster_444929591_444929853,6,4,58.0,3.2197857066872175
1340,1341.0,cluster_453491193_453491196,2,0,0.0,0.0
1340,1341.0,joinedS_3056282982_cluster_500010834_500010835_500010836_500010837,0,1,7.0,10.837370206412869
1340,1341.0,joinedS_4159783704_4159783713,2,3,521.0,0.0
1350,1351.0,317267021,2,0,0.0,0.0
1350,1351.0,318319948,0,0,0.0,0.0
1350,1351.0,318319950,0,0,0.0,16.42210733516142
1350,1351.0,344715428,2,1,18.0,6.951104576157057
1350,1351.0,459095577,6,0,0.0,0.0
1350,1351.0,459095593,0,0,0.0,0.0
1350,1351.0,5672981203,2,0,0.0,0.0
1350,1351.0,6734642660,0,0,0.0,0.0
1350,1351.0,728359174,0,1,0.0,16.67
1350,1351.0,931498932,2,2,66.0,5.39076109353101
1350,1351.0,cluster_12485993451_12485993457_444743027_999091207,4,1,5.0,0.0
1350,1351.0,cluster_12485993454_12485993455_12485993456_12485993458_#4more,2,1,1.0,7.961820559319945
1350,1351.0,cluster_12497859354_12497859355,2,1,2.0,12.267722736403595
1350,1351.0,cluster_1846673394_455570130,0,0,0.0,12.189966244669629
1350,1351.0,cluster_1933957591_1944596256_1944596258_500010840,2,0,0.0,10.536715577412396
1350,1351.0,cluster_286141464_317863064,2,2,5.0,5.261039168415267
1350,1351.0,cluster_317864209_317864212,5,12,1122.0,0.5871078662687478
1350,1351.0,cluster_318319949_3665705327,2,0,0.0,18.530021530511952
1350,1351.0,cluster_444929591_444929853,6,4,98.0,2.9945465080166236
1350,1351.0,cluster_453491193_453491196,2,0,0.0,0.0
1350,1351.0,joinedS_3056282982_cluster_500010834_500010835_500010836_500010837,0,1,17.0,12.216368728252368
1350,1351.0,joinedS_4159783704_4159783713,3,3,551.0,0.0
1360,1361.0,317267021,0,0,0.0,0.0
1360,1361.0,318319948,2,0,0.0,15.894862938714912
1360,1361.0,318319950,2,0,0.0,6.34233904061839
1360,1361.0,344715428,2,1,28.0,0.0
1360,1361.0,459095577,0,0,0.0,0.0
1360,1361.0,459095593,2,0,0.0,0.0
1360,1361.0,5672981203,2,0,0.0,0.0
1360,1361.0,6734642660,0,0,0.0,16.370773819535973
1360,1361.0,728359174,0,1,0.0,16.67
1360,1361.0,931498932,0,0,0.0,0.0
1360,1361.0,cluster_12485993451_12485993457_444743027_999091207,0,1,2.0,0.0
1360,1361.0,cluster_12485993454_12485993455_12485993456_12485993458_#4more,2,3,21.0,1.2204661175487301
1360,1361.0,cluster_12497859354_12497859355,0,0,0.0,12.654926471145012
1360,1361.0,cluster_1846673394_455570130,0,0,0.0,0.0
1360,1361.0,cluster_1933957591_1944596256_1944596258_500010840,0,0,0.0,16.147910777507352
1360,1361.0,cluster_286141464_317863064,2,2,25.0,5.3972158700941755
1360,1361.0,cluster_317864209_317864212,0,2,10.0,3.2561652965529495
1360,1361.0,cluster_318319949_3665705327,0,0,0.0,0.17166626880133873
1360,1361.0,cluster_444929591_444929853,0,3,92.0,5.253604485323618
1360,1361.0,cluster_453491193_453491196,2,0,0.0,0.0
1360,1361.0,joinedS_3056282982_cluster_500010834_500010835_500010836_500010837,0,1,27.0,8.157450147895144
1360,1361.0,joinedS_4159783704_4159783713,5,3,581.0,0.0
1370,1371.0,317267021,0,1,2.0,7.0590735203161925
1370,1371.0,318319948,0,1,1.0,0.4028669031097084
1370,1371.0,318319950,2,2,2.0,0.04347234195034709
1370,1371.0,344715428,0,0,0.0,11.254791106889021
1370,1371.0,459095577,2,1,5.0,0.0
1370,1371.0,459095593,0,0,0.0,0.0
1370,1371.0,5672981203,2,0,0.0,11.896899763086642
1370,1371.0,6734642660,0,0,0.0,0.0
1370,1371.0,728359174,0,0,0.0,0.21620306741163667
1370,1371.0,931498932,2,0,0.0,0.0
1370,1371.0,cluster_12485993451_12485993457_444743027_999091207,0,1,12.0,4.8944289924501465
1370,1371.0,cluster_12485993454_12485993455_12485993456_12485993458_#4more,2,6,73.0,1.7938662441271478
1370,1371.0,cluster_12497859354_12497859355,0,0,0.0,24.950383230135788
1370,1371.0,cluster_1846673394_455570130,0,0,0.0,0.0
1370,1371.0,cluster_1933957591_1944596256_1944596258_500010840,1,0,0.0,7.071654014568776
1370,1371.0,cluster_286141464_317863064,2,3,50.0,3.0616601312848535
1370,1371.0,cluster_317864209_317864212,0,6,45.0,1.092554807509909
1370,1371.0,cluster_318319949_3665705327,0,1,9.0,0.0
1370,1371.0,cluster_444929591_444929853,2,4,128.0,3.748856278284445
1370,1371.0,cluster_453491193_453491196,2,0,0.0,0.0
1370,1371.0,joinedS_3056282982_cluster_500010834_500010835_500010836_500010837,2,0,0.0,4.615208378597762
1370,1371.0,joinedS_4159783704_4159783713,1,3,611.0,0.0
1380,1381.0,317267021,0,2,18.0,4.712981573819394
1380,1381.0,318319948,1,1,1.0,4.775854221160855
1380,1381.0,318319950,2,2,22.0,4.912948541528128
1380,1381.0,344715428,2,0,0.0,16.13281091347337
1380,1381.0,459095577,4,0,0.0,0.0
1380,1381.0,459095593,2,0,0.0,0.0
1380,1381.0,5672981203,2,0,0.0,2.6323371143170533
1380,1381.0,6734642660,0,0,0.0,0.0
1380,1381.0,728359174,2,0,0.0,0.0
1380,1381.0,931498932,0,0,0.0,14.798411751697103
1380,1381.0,cluster_12485993451_12485993457_444743027_999091207,0,2,28.0,0.00013509038157019697
1380,1381.0,cluster_12485993454_12485993455_12485993456_12485993458_#4more,3,7,139.0,4.650803550851989
1380,1381.0,cluster_12497859354_12497859355,2,0,0.0,0.0
1380,1381.0,cluster_1846673394_455570130,0,0,0.0,14.199316554767213
1380,1381.0,cluster_1933957591_1944596256_1944596258_500010840,2,0,0.0,4.425653588224387
1380,1381.0,cluster_286141464_317863064,2,4,87.0,0.0
1380,1381.0,cluster_317864209_317864212,0,4,60.0,1.9251665814035555
1380,1381.0,cluster_318319949_3665705327,0,1,19.0,8.08080175059382
1380,1381.0,cluster_444929591_444929853,4,2,57.0,7.791398780439048
1380,1381.0,cluster_453491193_453491196,0,0,0.0,14.600540597395671
1380,1381.0,joinedS_3056282982_cluster_500010834_500010835_500010836_500010837,0,1,6.0,7.848128293175248
1380,1381.0,joinedS_4159783704_4159783713,3,3,641.0,0.0
1390,1391.0,317267021,0,3,42.0,3.496981701352956e-05
1390,1391.0,318319948,3,1,11.0,7.774402063372666
1390,1391.0,318319950,2,3,46.0,1.735462595423158
1390,1391.0,344715428,0,0,0.0,16.29724176165648
1390,1391.0,459095577,6,0,0.0,0.14937714360857798
1390,1391.0,459095593,0,0,0.0,18.057865973895005
1390,1391.0,5672981203,2,1,9.0,0.0
1390,1391.0,6734642660,0,0,0.0,0.0
1390,1391.0,728359174,0,0,0.0,12.650132054323326
1390,1391.0,931498932,2,0,0.0,0.0
1390,1391.0,cluster_12485993451_12485993457_444743027_999091207,1,3,54.0,0.0
1390,1391.0,cluster_12485993454_12485993455_12485993456_12485993458_#4more,5,13,240.0,0.1544775287642684
1390,1391.0,cluster_12497859354_12497859355,0,0,0.0,0.0
1390,1391.0,cluster_1846673394_455570130,0,0,0.0,0.0
1390,1391.0,cluster_1933957591_1944596256_1944596258_500010840,0,0,0.0,14.9244884926672
1390,1391.0,cluster_286141464_317863064,2,4,127.0,0.930663988214168
1390,1391.0,cluster_317864209_317864212,0,8,94.0,0.4585409582873303
1390,1391.0,cluster_318319949_3665705327,0,1,29.0,11.184626642061843
1390,1391.0,cluster_444929591_444929853,5,1,1.0,8.325971932250807
1390,1391.0,cluster_453491193_453491196,2,0,0.0,0.9869060343899432
1390,1391.0,joinedS_3056282982_cluster_500010834_500010835_500010836_500010837,2,0,0.0,16.11209918617271
1390,1391.0,joinedS_4159783704_4159783713,4,3,671.0,0.0
1400,1401.0,317267021,0,3,72.0,0.0
1400,1401.0,318319948,1,1,4.0,0.0
1400,1401.0,318319950,2,5,89.0,2.220802269346032e-05
1400,1401.0,344715428,2,1,2.0,0.0016037806683015085
1400,1401.0,459095577,6,1,10.0,0.0
1400,1401.0,459095593,2,0,0.0,0.0
1400,1401.0,5672981203,0,0,0.0,0.0
1400,1401.0,6734642660,0,0,0.0,0.0
1400,1401.0,728359174,2,0,0.0,0.0
1400,1401.0,931498932,2,0,0.0,0.0
1400,1401.0,cluster_12485993451_12485993457_444743027_999091207,3,3,84.0,4.627425473775055
1400,1401.0,cluster_12485993454_12485993455_12485993456_12485993458_#4more,7,12,349.0,0.3322793468412406
1400,1401.0,cluster_12497859354_12497859355,0,0,0.0,0.0
1400,1401.0,cluster_1846673394_455570130,0,0,0.0,0.0
1400,1401.0,cluster_1933957591_1944596256_1944596258_500010840,1,0,0.0,13.639016023816072
1400,1401.0,cluster_286141464_317863064,0,0,0.0,10.372048473361279
1400,1401.0,cluster_317864209_317864212,0,11,198.0,7.009810548611213e-05
1400,1401.0,cluster_318319949_3665705327,0,1,39.0,6.784436256098967
1400,1401.0,cluster_444929591_444929853,7,1,11.0,7.095944314702443
1400,1401.0,cluster_453491193_453491196,0,0,0.0,0.0
1400,1401.0,joinedS_3056282982_cluster_500010834_500010835_500010836_500010837,2,1,3.0,7.892266433358426
1400,1401.0,joinedS_4159783704_4159783713,0,1,3.0,1.6219905358649793
1410,1411.0,317267021,0,3,102.0,0.0
1410,1411.0,318319948,3,0,0.0,0.0
1410,1411.0,318319950,0,0,0.0,3.475564714893689
1410,1411.0,344715428,0,0,0.0,0.0
1410,1411.0,459095577,6,2,22.0,0.0030515246065323646
1410,1411.0,459095593,2,0,0.0,5.603447516747377
1410,1411.0,5672981203,2,0,0.0,16.28477859442218
1410,1411.0,6734642660,0,0,0.0,0.0
1410,1411.0,728359174,3,0,0.0,11.666852708265072
1410,1411.0,931498932,2,0,0.0,11.63495424364196
1410,1411.0,cluster_12485993451_12485993457_444743027_999091207,5,1,3.0,7.254704556801793
1410,1411.0,cluster_12485993454_12485993455_12485993456_12485993458_#4more,0,4,83.0,0.8884928341130216
1410,1411.0,cluster_12497859354_12497859355,2,0,0.0,0.0
1410,1411.0,cluster_1846673394_455570130,0,0,0.0,16.645058583170176
1410,1411.0,cluster_1933957591_1944596256_1944596258_500010840,2,1,4.0,7.613229343262505
1410,1411.0,cluster_286141464_317863064,2,1,2.0,9.549052128627698
1410,1411.0,cluster_317864209_317864212,2,8,173.0,0.8572654952398604
1410,1411.0,cluster_318319949_3665705327,0,2,56.0,5.910096391608167
1410,1411.0,cluster_444929591_444929853,1,2,26.0,0.0
1410,1411.0,cluster_453491193_453491196,2,0,0.0,17.708618417470653
1410,1411.0,joinedS_3056282982_cluster_500010834_500010835_500010836_500010837,3,1,13.0,7.573795128356014
1410,1411.0,joinedS_4159783704_4159783713,2,2,16.0,0.5400856838688508
1420,1421.0,317267021,2,0,0.0,9.235781355304683
1420,1421.0,318319948,0,0,0.0,14.743730597611973
1420,1421.0,318319950,2,0,0.0,16.607035964243117
1420,1421.0,344715428,2,0,0.0,0.0
1420,1421.0,459095577,6,2,42.0,0.0
1420,1421.0,459095593,2,1,8.0,0.0
1420,1421.0,5672981203,0,0,0.0,1.9160278205203112
1420,1421.0,6734642660,0,0,0.0,0.0
1420,1421.0,728359174,1,1,7.0,8.97309086532214
1420,1421.0,931498932,2,1,7.0,7.307412832317268
1420,1421.0,cluster_12485993451_12485993457_444743027_999091207,1,3,6.0,0.015788026507838903
1420,1421.0,cluster_12485993454_12485993455_12485993456_12485993458_#4more,2,4,90.0,1.9507514075713175
1420,1421.0,cluster_12497859354_12497859355,0,0,0.0,0.0
1420,1421.0,cluster_1846673394_455570130,0,0,0.0,0.0
1420,1421.0,cluster_1933957591_1944596256_1944596258_500010840,0,0,0.0,12.915345820018947
1420,1421.0,cluster_286141464_317863064,0,0,0.0,8.489176868614875
1420,1421.0,cluster_317864209_317864212,4,10,261.0,2.117984477697006
1420,1421.0,cluster_318319949_3665705327,2,1,2.0,7.558608614081681
1420,1421.0,cluster_444929591_444929853,3,3,47.0,3.499787520288927
1420,1421.0,cluster_453491193_453491196,0,0,0.0,11.226692598390393
1420,1421.0,joinedS_3056282982_cluster_500010834_500010835_500010836_500010837,1,0,0.0,0.0
1420,1421.0,joinedS_4159783704_4159783713,2,3,44.0,0.2673129183068716
1430,1431.0,317267021,2,1,6.0,5.698470436690051
1430,1431.0,318319948,2,0,0.0,0.0
1430,1431.0,318319950,0,0,0.0,0.0
1430,1431.0,344715428,2,0,0.0,10.198546046962853
1430,1431.0,459095577,6,2,62.0,0.0
1430,1431.0,459095593,2,2,19.0,4.68670920863345
1430,1431.0,5672981203,2,0,0.0,0.0
1430,1431.0,6734642660,0,0,0.0,0.0
1430,1431.0,728359174,3,0,0.0,0.0
1430,1431.0,931498932,2,1,17.0,0.0
1430,1431.0,cluster_12485993451_12485993457_444743027_999091207,2,4,43.0,0.46994384182751003
1430,1431.0,cluster_12485993454_12485993455_12485993456_12485993458_#4more,2,4,53.0,0.0
1430,1431.0,cluster_12497859354_12497859355,0,0,0.0,17.364251127292576
1430,1431.0,cluster_1846673394_455570130,0,0,0.0,14.890781018265383
1430,1431.0,cluster_1933957591_1944596256_1944596258_500010840,2,0,0.0,0.0
1430,1431.0,cluster_286141464_317863064,0,1,3.0,7.766467300694151
1430,1431.0,cluster_317864209_317864212,0,10,352.0,0.0022312804439172064
1430,1431.0,cluster_318319949_3665705327,0,0,0.0,11.92889399870855
1430,1431.0,cluster_444929591_444929853,4,0,0.0,9.994781038369293
1430,1431.0,cluster_453491193_453491196,2,0,0.0,6.892596815886685
1430,1431.0,joinedS_3056282982_cluster_500010834_500010835_500010836_500010837,2,0,0.0,0.0
1430,1431.0,joinedS_4159783704_4159783713,3,3,74.0,0.0
1440,1441.0,317267021,0,1,4.0,0.0
1440,1441.0,318319948,0,0,0.0,18.898359739933447
1440,1441.0,318319950,2,0,0.0,0.0
1440,1441.0,344715428,2,0,0.0,13.256803144345742
1440,1441.0,459095577,6,2,82.0,0.0
1440,1441.0,459095593,2,3,45.0,1.012044938573661
1440,1441.0,5672981203,0,0,0.0,0.0
1440,1441.0,6734642660,0,0,0.0,17.583196608847917
1440,1441.0,728359174,0,0,0.0,0.0
1440,1441.0,931498932,2,2,28.0,4.2903920109793185
1440,1441.0,cluster_12485993451_12485993457_444743027_999091207,4,0,0.0,2.259043091790157
1440,1441.0,cluster_12485993454_12485993455_12485993456_12485993458_#4more,2,4,93.0,0.0
1440,1441.0,cluster_12497859354_12497859355,2,1,3.0,0.09378636375910065
1440,1441.0,cluster_1846673394_455570130,0,0,0.0,15.504542647063033
1440,1441.0,cluster_1933957591_1944596256_1944596258_500010840,0,0,0.0,6.168016221172013
1440,1441.0,cluster_286141464_317863064,0,1,13.0,10.352949983570808
1440,1441.0,cluster_317864209_317864212,2,1,1.0,3.0480672001689557
1440,1441.0,cluster_318319949_3665705327,2,0,0.0,15.039449315847866
1440,1441.0,cluster_444929591_444929853,7,2,15.0,0.0
1440,1441.0,cluster_453491193_453491196,2,1,8.0,6.514131610799228
1440,1441.0,joinedS_3056282982_cluster_500010834_500010835_500010836_500010837,0,0,0.0,14.859363568069831
1440,1441.0,joinedS_4159783704_4159783713,4,3,104.0,0.0
1450,1451.0,317267021,2,0,0.0,18.79730337754819
1450,1451.0,318319948,2,0,0.0,0.0
1450,1451.0,318319950,0,0,0.0,16.38066138604656
1450,1451.0,344715428,2,3,19.0,7.135520693032997
1450,1451.0,459095577,0,1,42.0,0.0
1450,1451.0,459095593,2,4,85.0,0.0
1450,1451.0,5672981203,2,0,0.0,16.02160715251229
1450,1451.0,6734642660,0,0,0.0,0.0
1450,1451.0,728359174,2,0,0.0,5.248293654540904
1450,1451.0,931498932,0,1,8.0,4.151751765321629
1450,1451.0,cluster_12485993451_12485993457_444743027_999091207,4,3,17.0,0.003609035166308896
1450,1451.0,cluster_12485993454_12485993455_12485993456_12485993458_#4more,3,4,133.0,2.214923422532156
1450,1451.0,cluster_12497859354_12497859355,0,0,0.0,0.7416135504928161
1450,1451.0,cluster_1846673394_455570130,0,0,0.0,0.0
1450,1451.0,cluster_1933957591_1944596256_1944596258_500010840,0,1,8.0,7.921094291685937
1450,1451.0,cluster_286141464_317863064,0,1,23.0,6.659629486749325
1450,1451.0,cluster_317864209_317864212,4,9,45.0,0.0633140229471454
1450,1451.0,cluster_318319949_3665705327,2,1,3.0,8.47865655574546
1450,1451.0,cluster_444929591_444929853,0,0,0.0,4.478689379734401
1450,1451.0,cluster_453491193_453491196,2,1,18.0,6.875528416531739
1450,1451.0,joinedS_3056282982_cluster_500010834_500010835_500010836_500010837,2,0,0.0,14.49740373092559
1450,1451.0,joinedS_4159783704_4159783713,0,3,134.0,0.0
1460,1461.0,317267021,0,0,0.0,0.9624782761954294
1460,1461.0,318319948,0,0,0.0,0.0
1460,1461.0,318319950,0,0,0.0,12.738687374709817
1460,1461.0,344715428,2,4,56.0,5.3837442674658975
1460,1461.0,459095577,2,2,56.0,0.0001611873870268799
1460,1461.0,459095593,0,1,4.0,2.5224481077595953
1460,1461.0,5672981203,2,0,0.0,0.0
1460,1461.0,6734642660,0,0,0.0,15.1033053399032
1460,1461.0,728359174,0,1,0.0,16.67
1460,1461.0,931498932,2,0,0.0,0.0
1460,1461.0,cluster_12485993451_12485993457_444743027_999091207,4,0,0.0,7.669146888356947
1460,1461.0,cluster_12485993454_12485993455_12485993456_12485993458_#4more,5,5,178.0,0.0
1460,1461.0,cluster_12497859354_12497859355,0,0,0.0,0.0
1460,1461.0,cluster_1846673394_455570130,0,0,0.0,7.0176743815604485
1460,1461.0,cluster_1933957591_1944596256_1944596258_500010840,0,1,18.0,8.105148445479573
1460,1461.0,cluster_286141464_317863064,2,0,0.0,11.365800893373223
1460,1461.0,cluster_317864209_317864212,5,10,145.0,0.0
1460,1461.0,cluster_318319949_3665705327,0,1,4.0,11.497106559133387
1460,1461.0,cluster_444929591_444929853,2,1,5.0,9.886569667309894
1460,1461.0,cluster_453491193_453491196,0,0,0.0,12.41072991681285
1460,1461.0,joinedS_3056282982_cluster_500010834_500010835_500010836_500010837,0,0,0.0,0.0
1460,1461.0,joinedS_4159783704_4159783713,2,3,164.0,0.0
1470,1471.0,317267021,2,0,0.0,5.880628670582592
1470,1471.0,318319948,2,0,0.0,16.52327061931603
1470,1471.0,318319950,0,0,0.0,0.0
1470,1471.0,344715428,2,5,103.0,2.7512043211799475
1470,1471.0,459095577,4,1,14.0,3.1815107213100413
1470,1471.0,459095593,2,0,0.0,3.720554241075081
1470,1471.0,5672981203,2,0,0.0,0.0
1470,1471.0,6734642660,0,0,0.0,0.0
1470,1471.0,728359174,2,1,0.0,18.342031555853566
1470,1471.0,931498932,0,0,0.0,0.0
1470,1471.0,cluster_12485993451_12485993457_444743027_999091207,0,1,1.0,0.04935878148433327
1470,1471.0,cluster_12485993454_12485993455_12485993456_12485993458_#4more,7,4,161.0,3.8556518621241613
1470,1471.0,cluster_12497859354_12497859355,2,0,0.0,15.861547274838625
1470,1471.0,cluster_1846673394_455570130,0,0,0.0,0.0
1470,1471.0,cluster_1933957591_1944596256_1944596258_500010840,2,0,0.0,0.0
1470,1471.0,cluster_286141464_317863064,0,0,0.0,15.758670532038686
1470,1471.0,cluster_317864209_317864212,0,0,0.0,4.0095882930264
1470,1471.0,cluster_318319949_3665705327,2,1,3.0,0.001985993585625824
1470,1471.0,cluster_444929591_444929853,4,0,0.0,1.342158243149272
1470,1471.0,cluster_453491193_453491196,2,0,0.0,12.0362042558662
1470,1471.0,joinedS_3056282982_cluster_500010834_500010835_500010836_500010837,0,0,0.0,15.370680236488553
1470,1471.0,joinedS_4159783704_4159783713,3,3,194.0,0.0
1480,1481.0,317267021,2,3,14.0,0.0025606255658179814
1480,1481.0,318319948,2,1,4.0,8.187342582473194
1480,1481.0,318319950,0,0,0.0,16.10243333762512
1480,1481.0,344715428,0,0,0.0,14.233655619228614
1480,1481.0,459095577,6,2,28.0,0.0
1480,1481.0,459095593,0,0,0.0,5.906529953713012
1480,1481.0,5672981203,0,0,0.0,0.0
1480,1481.0,6734642660,0,0,0.0,0.0
1480,1481.0,728359174,0,2,4.0,4.914078438675185
1480,1481.0,931498932,2,0,0.0,0.0
1480,1481.0,cluster_12485993451_12485993457_444743027_999091207,0,2,12.0,0.045785561827673536
1480,1481.0,cluster_12485993454_12485993455_12485993456_12485993458_#4more,0,2,16.0,2.3753927755195883
1480,1481.0,cluster_12497859354_12497859355,0,0,0.0,4.626926605395448
1480,1481.0,cluster_1846673394_455570130,0,0,0.0,11.146044396474938
1480,1481.0,cluster_1933957591_1944596256_1944596258_500010840,0,0,0.0,12.856324318546832
1480,1481.0,cluster_286141464_317863064,0,1,2.0,4.981902287857883
1480,1481.0,cluster_317864209_317864212,0,7,37.0,1.5753891449085078
1480,1481.0,cluster_318319949_3665705327,0,0,0.0,16.16421218271883
1480,1481.0,cluster_444929591_444929853,5,1,2.0,7.729237319285442
1480,1481.0,cluster_453491193_453491196,0,0,0.0,8.412114134527288
1480,1481.0,joinedS_3056282982_cluster_500010834_500010835_500010836_500010837,0,0,0.0,15.167626366948681
1480,1481.0,joinedS_4159783704_4159783713,4,3,224.0,0.0
1490,1491.0,317267021,2,4,46.0,1.86661801989539
1490,1491.0,318319948,2,2,19.0,0.00020421569140108699
1490,1491.0,318319950,2,0,0.0,16.115892904140058
1490,1491.0,344715428,2,0,0.0,16.66429838851255
1490,1491.0,459095577,0,1,14.0,0.0
1490,1491.0,459095593,2,0,0.0,0.0
1490,1491.0,5672981203,2,0,0.0,0.0
1490,1491.0,6734642660,0,0,0.0,0.0
1490,1491.0,728359174,0,3,30.0,0.29808831295098015
1490,1491.0,931498932,0,0,0.0,15.556824051690693
1490,1491.0,cluster_12485993451_12485993457_444743027_999091207,0,3,33.0,3.6507508671980933
1490,1491.0,cluster_12485993454_12485993455_12485993456_12485993458_#4more,2,2,21.0,0.27316600431193394
1490,1491.0,cluster_12497859354_12497859355,0,0,0.0,6.7547950927893
1490,1491.0,cluster_1846673394_455570130,0,0,0.0,0.0
1490,1491.0,cluster_1933957591_1944596256_1944596258_500010840,1,0,0.0,7.304600508146126
1490,1491.0,cluster_286141464_317863064,2,0,0.0,14.839861183550257
1490,1491.0,cluster_317864209_317864212,0,9,98.0,1.4742230586039318
1490,1491.0,cluster_318319949_3665705327,2,0,0.0,0.0
1490,1491.0,cluster_444929591_444929853,7,1,12.0,9.563617812931415
1490,1491.0,cluster_453491193_453491196,1,1,9.0,8.462983112260032
1490,1491.0,joinedS_3056282982_cluster_500010834_500010835_500010836_500010837,0,0,0.0,15.307770123831434
1490,1491.0,joinedS_4159783704_4159783713,5,3,254.0,0.0
1500,1501.0,317267021,2,5,92.0,2.6687600316022885e-05
1500,1501.0,318319948,2,2,39.0,5.269937476034033
1500,1501.0,318319950,0,0,0.0,0.0
1500,1501.0,344715428,0,0,0.0,16.090633147936316
1500,1501.0,459095577,2,1,24.0,0.0
1500,1501.0,459095593,0,0,0.0,0.0
1500,1501.0,5672981203,0,0,0.0,17.609365675785767
1500,1501.0,6734642660,0,0,0.0,0.0
1500,1501.0,728359174,0,4,70.0,0.0
1500,1501.0,931498932,2,0,0.0,9.656383393166038
1500,1501.0,cluster_12485993451_12485993457_444743027_999091207,0,4,68.0,7.871887830105161e-05
1500,1501.0,cluster_12485993454_12485993455_12485993456_12485993458_#4more,2,1,14.0,0.0
1500,1501.0,cluster_12497859354_12497859355,0,0,0.0,15.087245769840875
1500,1501.0,cluster_1846673394_455570130,0,0,0.0,12.275846324234365
1500,1501.0,cluster_1933957591_1944596256_1944596258_500010840,3,2,9.0,5.333868934615655
1500,1501.0,cluster_286141464_317863064,0,0,0.0,14.399999498507341
1500,1501.0,cluster_317864209_317864212,0,5,55.0,1.9668813617787453
1500,1501.0,cluster_318319949_3665705327,2,0,0.0,0.0
1500,1501.0,cluster_444929591_444929853,1,0,0.0,14.42810833803852
1500,1501.0,cluster_453491193_453491196,3,0,0.0,9.597867603771961
1500,1501.0,joinedS_3056282982_cluster_500010834_500010835_500010836_500010837,2,1,3.0,3.1099486945905346
1500,1501.0,joinedS_4159783704_4159783713,1,3,284.0,0.0
1510,1511.0,317267021,2,5,142.0,0.0
1510,1511.0,318319948,2,2,59.0,0.9177383054979146
1510,1511.0,318319950,2,0,0.0,10.935563713641582
1510,1511.0,344715428,2,1,2.0,0.0
1510,1511.0,459095577,4,0,0.0,0.0
1510,1511.0,459095593,2,0,0.0,0.0
1510,1511.0,5672981203,2,0,0.0,0.0
1510,1511.0,6734642660,0,0,0.0,0.0
1510,1511.0,728359174,2,0,0.0,1.519888201343666
1510,1511.0,931498932,2,2,13.0,0.00016277391739923937
1510,1511.0,cluster_12485993451_12485993457_444743027_999091207,0,4,108.0,5.098230820240269
1510,1511.0,cluster_12485993454_12485993455_12485993456_12485993458_#4more,2,2,26.0,7.886783339805191
1510,1511.0,cluster_12497859354_12497859355,0,0,0.0,0.0
1510,1511.0,cluster_1846673394_455570130,0,0,0.0,0.0
1510,1511.0,cluster_1933957591_1944596256_1944596258_500010840,0,0,0.0,4.784586095084391
1510,1511.0,cluster_286141464_317863064,1,0,0.0,0.0
1510,1511.0,cluster_317864209_317864212,0,12,154.0,2.2076849929133733
1510,1511.0,cluster_318319949_3665705327,2,2,3.0,0.015322839509800365
1510,1511.0,cluster_444929591_444929853,3,1,2.0,8.676421119221944
1510,1511.0,cluster_453491193_453491196,1,0,0.0,0.0
1510,1511.0,joinedS_3056282982_cluster_500010834_500010835_500010836_500010837,0,0,0.0,15.653167761819555
1510,1511.0,joinedS_4159783704_4159783713,2,3,314.0,0.0
1520,1521.0,317267021,2,5,192.0,0.0
1520,1521.0,318319948,2,4,84.0,3.3163308415617543
1520,1521.0,318319950,0,0,0.0,15.212993615322615
1520,1521.0,344715428,0,0,0.0,6.877398450532929
1520,1521.0,459095577,4,0,0.0,0.0
1520,1521.0,459095593,2,0,0.0,0.0
1520,1521.0,5672981203,0,0,0.0,0.0
1520,1521.0,6734642660,0,0,0.0,0.0
1520,1521.0,728359174,2,2,8.0,0.00011911530656502102
1520,1521.0,931498932,2,2,33.0,0.0
1520,1521.0,cluster_12485993451_12485993457_444743027_999091207,0,5,149.0,4.467291116139495
1520,1521.0,cluster_12485993454_12485993455_12485993456_12485993458_#4more,3,7,72.0,0.02706364734621809
1520,1521.0,cluster_12497859354_12497859355,0,0,0.0,0.0
1520,1521.0,cluster_1846673394_455570130,0,0,0.0,0.0
1520,1521.0,cluster_1933957591_1944596256_1944596258_500010840,2,0,0.0,13.722377844011632
1520,1521.0,cluster_286141464_317863064,3,0,0.0,4.212900274360024
1520,1521.0,cluster_317864209_317864212,2,8,146.0,3.0983966963346643
1520,1521.0,cluster_318319949_3665705327,2,2,23.0,0.0
1520,1521.0,cluster_444929591_444929853,4,2,9.0,0.6669896278745934
1520,1521.0,cluster_453491193_453491196,3,0,0.0,17.49041433572612
1520,1521.0,joinedS_3056282982_cluster_500010834_500010835_500010836_500010837,2,0,0.0,16.598017095290206
1520,1521.0,joinedS_4159783704_4159783713,2,3,344.0,0.0
1530,1531.0,317267021,0,0,0.0,1.637202137322294
1530,1531.0,318319948,0,0,0.0,5.833429610751445
1530,1531.0,318319950,1,0,0.0,0.0
1530,1531.0,344715428,2,0,0.0,15.435987122682848
1530,1531.0,459095577,4,0,0.0,0.0
1530,1531.0,459095593,2,0,0.0,0.0
1530,1531.0,5672981203,0,0,0.0,0.0
1530,1531.0,6734642660,0,0,0.0,0.0
1530,1531.0,728359174,2,2,18.0,3.9254654632901143
1530,1531.0,931498932,2,3,55.0,0.04196606550476473
1530,1531.0,cluster_12485993451_12485993457_444743027_999091207,2,6,203.0,3.7459585387560748
1530,1531.0,cluster_12485993454_12485993455_12485993456_12485993458_#4more,5,8,147.0,0.0
1530,1531.0,cluster_12497859354_12497859355,1,0,0.0,0.0
1530,1531.0,cluster_1846673394_455570130,0,0,0.0,0.0
1530,1531.0,cluster_1933957591_1944596256_1944596258_500010840,0,0,0.0,16.32749541260302
1530,1531.0,cluster_286141464_317863064,0,0,0.0,11.889514462653775
1530,1531.0,cluster_317864209_317864212,4,11,238.0,0.3385002688188637
1530,1531.0,cluster_318319949_3665705327,2,3,45.0,4.396833724513177
1530,1531.0,cluster_444929591_444929853,6,4,46.0,0.0
1530,1531.0,cluster_453491193_453491196,0,1,2.0,7.417793708423184
1530,1531.0,joinedS_3056282982_cluster_500010834_500010835_500010836_500010837,2,2,8.0,4.07170869089685
1530,1531.0,joinedS_4159783704_4159783713,3,3,374.0,0.0
1540,1541.0,317267021,2,2,7.0,3.8531761976001504
1540,1541.0,318319948,1,0,0.0,7.078676847078447
1540,1541.0,318319950,3,0,0.0,0.0
1540,1541.0,344715428,2,0,0.0,16.30741077068262
1540,1541.0,459095577,4,0,0.0,0.0
1540,1541.0,459095593,0,0,0.0,0.0
1540,1541.0,5672981203,0,0,0.0,0.0
1540,1541.0,6734642660,0,0,0.0,16.519802277295334
1540,1541.0,728359174,0,3,8.0,0.013910035209529858
1540,1541.0,931498932,2,4,95.0,1.1907593102393301
1540,1541.0,cluster_12485993451_12485993457_444743027_999091207,4,4,86.0,0.13357102504000068
1540,1541.0,cluster_12485993454_12485993455_12485993456_12485993458_#4more,7,7,158.0,3.900968648726524
1540,1541.0,cluster_12497859354_12497859355,2,0,0.0,0.0
1540,1541.0,cluster_1846673394_455570130,0,0,0.0,17.891986055441965
1540,1541.0,cluster_1933957591_1944596256_1944596258_500010840,1,0,0.0,8.253679753560572
1540,1541.0,cluster_286141464_317863064,2,0,0.0,16.512359603289518
1540,1541.0,cluster_317864209_317864212,0,9,225.0,0.21124778991092993
1540,1541.0,cluster_318319949_3665705327,2,3,75.0,5.548575240457683
1540,1541.0,cluster_444929591_444929853,0,0,0.0,3.142844430811408
1540,1541.0,cluster_453491193_453491196,2,0,0.0,11.575931521418214
1540,1541.0,joinedS_3056282982_cluster_500010834_500010835_500010836_500010837,2,3,38.0,5.635826916320589
1540,1541.0,joinedS_4159783704_4159783713,4,3,404.0,0.0
1550,1551.0,317267021,0,0,0.0,4.616412275152238
1550,1551.0,318319948,3,2,18.0,5.399874484284471
1550,1551.0,318319950,0,0,0.0,0.0
1550,1551.0,344715428,0,0,0.0,14.743902702144544
1550,1551.0,459095577,4,1,3.0,0.00031926798835632997
1550,1551.0,459095593,2,0,0.0,0.0
1550,1551.0,5672981203,2,0,0.0,0.0
1550,1551.0,6734642660,0,0,0.0,16.180303012235093
1550,1551.0,728359174,2,2,23.0,0.0
1550,1551.0,931498932,2,5,144.0,2.018179683457128
1550,1551.0,cluster_12485993451_12485993457_444743027_999091207,4,2,28.0,2.844888789751266
1550,1551.0,cluster_12485993454_12485993455_12485993456_12485993458_#4more,0,2,11.0,1.7167956927910475
1550,1551.0,cluster_12497859354_12497859355,0,0,0.0,0.0
1550,1551.0,cluster_1846673394_455570130,0,0,0.0,9.341303404854804
1550,1551.0,cluster_1933957591_1944596256_1944596258_500010840,3,0,0.0,17.011476183269796
1550,1551.0,cluster_286141464_317863064,0,2,3.0,6.094881833581852
1550,1551.0,cluster_317864209_317864212,2,2,2.0,4.056411613608366
1550,1551.0,cluster_318319949_3665705327,0,0,0.0,16.279292723052205
1550,1551.0,cluster_444929591_444929853,2,0,0.0,19.034931990330975
1550,1551.0,cluster_453491193_453491196,0,0,0.0,1.3116252245494067
1550,1551.0,joinedS_3056282982_cluster_500010834_500010835_500010836_500010837,2,4,70.0,3.285054647236779
1550,1551.0,joinedS_4159783704_4159783713,0,0,0.0,1.1254726936858814
1560,1561.0,317267021,0,0,0.0,6.524530355057313
1560,1561.0,318319948,0,0,0.0,3.6138195365120183
1560,1561.0,318319950,2,0,0.0,0.0
1560,1561.0,344715428,1,0,0.0,12.10139286087154
1560,1561.0,459095577,4,1,13.0,0.0
1560,1561.0,459095593,0,0,0.0,0.0
1560,1561.0,5672981203,0,0,0.0,0.0
1560,1561.0,6734642660,0,0,0.0,13.879061033707986
1560,1561.0,728359174,2,2,3.0,0.0
1560,1561.0,931498932,0,0,0.0,4.172062115403563
1560,1561.0,cluster_12485993451_12485993457_444743027_999091207,4,1,34.0,6.030899814735932
1560,1561.0,cluster_12485993454_12485993455_12485993456_12485993458_#4more,2,4,41.0,2.7147021545151224
1560,1561.0,cluster_12497859354_12497859355,0,0,0.0,0.0
1560,1561.0,cluster_1846673394_455570130,0,0,0.0,0.0
1560,1561.0,cluster_1933957591_1944596256_1944596258_500010840,0,0,0.0,16.750057180115924
1560,1561.0,cluster_286141464_317863064,1,3,23.0,1.6914603373023658
1560,1561.0,cluster_317864209_317864212,2,7,38.0,0.0370649403031754
1560,1561.0,cluster_318319949_3665705327,2,0,0.0,0.0
1560,1561.0,cluster_444929591_444929853,4,0,0.0,16.108991930498576
1560,1561.0,cluster_453491193_453491196,2,0,0.0,15.573325642653568
1560,1561.0,joinedS_3056282982_cluster_500010834_500010835_500010836_500010837,2,4,110.0,1.34675949211234
1560,1561.0,joinedS_4159783704_4159783713,2,1,1.0,2.6771724311245833
1570,1571.0,317267021,2,1,7.0,4.791071452881895
1570,1571.0,318319948,2,2,7.0,0.0027203543460583754
1570,1571.0,318319950,0,0,0.0,16.82619973542756
1570,1571.0,344715428,3,0,0.0,12.304695367159121
1570,1571.0,459095577,7,1,23.0,0.0
1570,1571.0,459095593,1,0,0.0,0.0
1570,1571.0,5672981203,2,0,0.0,12.086087103813005
1570,1571.0,6734642660,0,0,0.0,0.0
1570,1571.0,728359174,2,2,13.0,0.0
1570,1571.0,931498932,2,0,0.0,0.0
1570,1571.0,cluster_12485993451_12485993457_444743027_999091207,4,2,47.0,5.672718003951764
1570,1571.0,cluster_12485993454_12485993455_12485993456_12485993458_#4more,2,5,87.0,0.1590596451810392
1570,1571.0,cluster_12497859354_12497859355,2,0,0.0,23.150186446932466
1570,1571.0,cluster_1846673394_455570130,0,0,0.0,0.0
1570,1571.0,cluster_1933957591_1944596256_1944596258_500010840,2,0,0.0,13.131260373474037
1570,1571.0,cluster_286141464_317863064,3,1,8.0,5.5372277941415575
1570,1571.0,cluster_317864209_317864212,4,9,126.0,0.0
1570,1571.0,cluster_318319949_3665705327,0,0,0.0,0.0
1570,1571.0,cluster_444929591_444929853,6,0,0.0,16.571806655545963
1570,1571.0,cluster_453491193_453491196,0,0,0.0,13.973786183796404
1570,1571.0,joinedS_3056282982_cluster_500010834_500010835_500010836_500010837,2,6,167.0,1.4653255264796154
1570,1571.0,joinedS_4159783704_4159783713,4,4,33.0,0.0
1580,1581.0,317267021,3,2,25.0,4.08396882174863
1580,1581.0,318319948,0,0,0.0,8.368860116502185
1580,1581.0,318319950,2,1,2.0,6.918698266926046
1580,1581.0,344715428,1,0,0.0,14.836731244728437
1580,1581.0,459095577,0,0,0.0,0.0
1580,1581.0,459095593,3,0,0.0,0.24748664214716953
1580,1581.0,5672981203,0,0,0.0,0.0
1580,1581.0,6734642660,0,0,0.0,16.738200523457543
1580,1581.0,728359174,2,0,0.0,4.064597060838002
1580,1581.0,931498932,2,0,0.0,14.437199729814552
1580,1581.0,cluster_12485993451_12485993457_444743027_999091207,4,3,68.0,0.024153642931225672
1580,1581.0,cluster_12485993454_12485993455_12485993456_12485993458_#4more,2,6,146.0,0.0
1580,1581.0,cluster_12497859354_12497859355,2,4,12.0,0.02531168170287157
1580,1581.0,cluster_1846673394_455570130,0,0,0.0,15.772029338619038
1580,1581.0,cluster_1933957591_1944596256_1944596258_500010840,3,2,10.0,4.089988475247259
1580,1581.0,cluster_286141464_317863064,1,3,7.0,0.2086257714878578
1580,1581.0,cluster_317864209_317864212,0,6,135.0,0.9037526299462202
1580,1581.0,cluster_318319949_3665705327,2,0,0.0,12.64248028490692
1580,1581.0,cluster_444929591_444929853,6,1,4.0,10.182874104889684
1580,1581.0,cluster_453491193_453491196,2,0,0.0,16.399437188198792
1580,1581.0,joinedS_3056282982_cluster_500010834_500010835_500010836_500010837,0,1,1.0,7.7889236491101785
1580,1581.0,joinedS_4159783704_4159783713,4,4,73.0,0.0
1590,1591.0,317267021,1,0,0.0,11.943322972245866
1590,1591.0,318319948,2,0,0.0,0.0
1590,1591.0,318319950,0,0,0.0,8.593880623932614
1590,1591.0,344715428,2,2,8.0,0.0040888218194171854
1590,1591.0,459095577,2,1,1.0,0.08800982640994665
1590,1591.0,459095593,0,0,0.0,0.0
1590,1591.0,5672981203,2,0,0.0,0.0
1590,1591.0,6734642660,0,0,0.0,15.476998083908812
1590,1591.0,728359174,2,2,5.0,0.0007076125852024511
1590,1591.0,931498932,2,2,9.0,3.2734543113136603
1590,1591.0,cluster_12485993451_12485993457_444743027_999091207,5,3,98.0,4.240851074451805
1590,1591.0,cluster_12485993454_12485993455_12485993456_12485993458_#4more,3,6,206.0,2.3707358385917483
1590,1591.0,cluster_12497859354_12497859355,0,0,0.0,5.697420935790259
1590,1591.0,cluster_1846673394_455570130,0,0,0.0,14.662509933844204
1590,1591.0,cluster_1933957591_1944596256_1944596258_500010840,1,1,5.0,0.0
1590,1591.0,cluster_286141464_317863064,2,3,6.0,5.531307768433674
1590,1591.0,cluster_317864209_317864212,0,4,15.0,1.1497115213948275
1590,1591.0,cluster_318319949_3665705327,0,0,0.0,13.700437558534233
1590,1591.0,cluster_444929591_444929853,0,3,16.0,4.139912926024911
1590,1591.0,cluster_453491193_453491196,2,1,1.0,8.111223070788792
1590,1591.0,joinedS_3056282982_cluster_500010834_500010835_500010836_500010837,2,1,8.0,7.107579755061947
1590,1591.0,joinedS_4159783704_4159783713,4,4,113.0,0.0
1600,1601.0,317267021,2,1,3.0,5.63297102856472
1600,1601.0,318319948,0,0,0.0,0.0
1600,1601.0,318319950,1,0,0.0,14.387218883991633
1600,1601.0,344715428,0,0,0.0,5.817057989087427
1600,1601.0,459095577,4,0,0.0,0.0
1600,1601.0,459095593,2,1,3.0,4.012708698381764
1600,1601.0,5672981203,2,0,0.0,0.0
1600,1601.0,6734642660,0,0,0.0,0.0
1600,1601.0,728359174,0,2,15.0,4.810905817937851
1600,1601.0,931498932,2,3,39.0,2.5331113257983673
1600,1601.0,cluster_12485993451_12485993457_444743027_999091207,1,1,6.0,5.759164341725057
1600,1601.0,cluster_12485993454_12485993455_12485993456_12485993458_#4more,5,8,273.0,2.6758180716104394
1600,1601.0,cluster_12497859354_12497859355,1,0,0.0,0.0
1600,1601.0,cluster_1846673394_455570130,0,0,0.0,0.0
1600,1601.0,cluster_1933957591_1944596256_1944596258_500010840,2,0,0.0,16.037876866029404
1600,1601.0,cluster_286141464_317863064,0,4,7.0,2.1752646698322304
1600,1601.0,cluster_317864209_317864212,0,9,79.0,0.6639714515218405
1600,1601.0,cluster_318319949_3665705327,2,0,0.0,10.350552563670915
1600,1601.0,cluster_444929591_444929853,1,3,46.0,2.5807446812163106
1600,1601.0,cluster_453491193_453491196,2,1,11.0,0.0
1600,1601.0,joinedS_3056282982_cluster_500010834_500010835_500010836_500010837,0,1,7.0,1.2143253332721822
1600,1601.0,joinedS_4159783704_4159783713,4,4,153.0,0.0
1610,1611.0,317267021,0,1,2.0,1.6779084116513798
1610,1611.0,318319948,0,0,0.0,0.0
1610,1611.0,318319950,3,2,9.0,3.360071323138637
1610,1611.0,344715428,2,0,0.0,0.0
1610,1611.0,459095577,6,0,0.0,0.0
1610,1611.0,459095593,0,0,0.0,0.0
1610,1611.0,5672981203,2,0,0.0,0.0
1610,1611.0,6734642660,0,0,0.0,0.0
1610,1611.0,728359174,2,0,0.0,3.894418181787034
1610,1611.0,931498932,2,4,75.0,0.0
1610,1611.0,cluster_12485993451_12485993457_444743027_999091207,3,2,25.0,2.732282978616147
1610,1611.0,cluster_12485993454_12485993455_12485993456_12485993458_#4more,6,6,215.0,1.5097290836829436
1610,1611.0,cluster_12497859354_12497859355,2,0,0.0,0.0
1610,1611.0,cluster_1846673394_455570130,0,0,0.0,0.0
1610,1611.0,cluster_1933957591_1944596256_1944596258_500010840,0,0,0.0,14.208940482616947
1610,1611.0,cluster_286141464_317863064,2,1,5.0,6.518904091609407
1610,1611.0,cluster_317864209_317864212,0,3,38.0,2.18376088630302
1610,1611.0,cluster_318319949_3665705327,2,1,10.0,0.0
1610,1611.0,cluster_444929591_444929853,3,3,76.0,5.640845667249936
1610,1611.0,cluster_453491193_453491196,2,1,21.0,0.0
1610,1611.0,joinedS_3056282982_cluster_500010834_500010835_500010836_500010837,2,0,0.0,15.238143635520728
1610,1611.0,joinedS_4159783704_4159783713,4,4,193.0,0.0
1620,1621.0,317267021,2,1,5.0,0.0
1620,1621.0,318319948,2,0,0.0,0.0
1620,1621.0,318319950,0,1,10.0,0.0
1620,1621.0,344715428,0,0,0.0,17.833932443639107
1620,1621.0,459095577,0,1,4.0,0.00021193262602586238
1620,1621.0,459095593,2,0,0.0,15.30687292568648
1620,1621.0,5672981203,0,0,0.0,0.0
1620,1621.0,6734642660,0,0,0.0,0.0
1620,1621.0,728359174,0,1,0.0,10.182956921397015
1620,1621.0,931498932,2,4,115.0,0.0
1620,1621.0,cluster_12485993451_12485993457_444743027_999091207,4,1,19.0,3.064045367448125
1620,1621.0,cluster_12485993454_12485993455_12485993456_12485993458_#4more,0,3,48.0,2.153315713631718
1620,1621.0,cluster_12497859354_12497859355,0,0,0.0,0.0
1620,1621.0,cluster_1846673394_455570130,0,0,0.0,14.578681944285536
1620,1621.0,cluster_1933957591_1944596256_1944596258_500010840,2,1,2.0,0.018372603533663406
1620,1621.0,cluster_286141464_317863064,2,5,34.0,3.350535205590322
1620,1621.0,cluster_317864209_317864212,0,10,106.0,0.00977083555251729
1620,1621.0,cluster_318319949_3665705327,2,1,20.0,3.498936072411016
1620,1621.0,cluster_444929591_444929853,5,0,0.0,17.813734620345958
1620,1621.0,cluster_453491193_453491196,2,1,31.0,0.0
1620,1621.0,joinedS_3056282982_cluster_500010834_500010835_500010836_500010837,0,1,3.0,0.0031531519433633725
1620,1621.0,joinedS_4159783704_4159783713,4,4,233.0,0.0
1630,1631.0,317267021,0,0,0.0,0.0
1630,1631.0,318319948,0,0,0.0,0.0
1630,1631.0,318319950,2,0,0.0,3.9033970835245655
1630,1631.0,344715428,2,0,0.0,18.976606209155225
1630,1631.0,459095577,2,1,14.0,0.0
1630,1631.0,459095593,0,0,0.0,13.90058354534786
1630,1631.0,5672981203,2,0,0.0,15.902741762000138
1630,1631.0,6734642660,0,0,0.0,0.0
1630,1631.0,728359174,2,1,0.0,16.67
1630,1631.0,931498932,0,0,0.0,0.0
1630,1631.0,cluster_12485993451_12485993457_444743027_999091207,0,0,0.0,16.486920067106723
1630,1631.0,cluster_12485993454_12485993455_12485993456_12485993458_#4more,0,3,49.0,4.052467467534069
1630,1631.0,cluster_12497859354_12497859355,0,0,0.0,0.0
1630,1631.0,cluster_1846673394_455570130,0,0,0.0,6.9073606549528215
1630,1631.0,cluster_1933957591_1944596256_1944596258_500010840,0,0,0.0,13.625737988130846
1630,1631.0,cluster_286141464_317863064,0,1,1.0,4.905505845381919
1630,1631.0,cluster_317864209_317864212,1,10,206.0,2.3951738554699187
1630,1631.0,cluster_318319949_3665705327,2,1,30.0,7.928836962115017
1630,1631.0,cluster_444929591_444929853,7,0,0.0,0.32563191334434505
1630,1631.0,cluster_453491193_453491196,0,0,0.0,16.66254828398116
1630,1631.0,joinedS_3056282982_cluster_500010834_500010835_500010836_500010837,2,1,13.0,7.42884961488498
1630,1631.0,joinedS_4159783704_4159783713,0,0,0.0,2.3487115805309076
1640,1641.0,317267021,2,0,0.0,7.785540946550548
1640,1641.0,318319948,2,0,0.0,17.141896642390478
1640,1641.0,318319950,0,0,0.0,15.21141996627103
1640,1641.0,344715428,0,0,0.0,14.545959924894884
1640,1641.0,459095577,4,0,0.0,0.0
1640,1641.0,459095593,2,0,0.0,12.825415601645986
1640,1641.0,5672981203,0,0,0.0,0.0
1640,1641.0,6734642660,0,0,0.0,0.0
1640,1641.0,728359174,3,0,0.0,0.0
1640,1641.0,931498932,2,0,0.0,13.134128595494595
1640,1641.0,cluster_12485993451_12485993457_444743027_999091207,2,2,8.0,0.7207838210247731
1640,1641.0,cluster_12485993454_12485993455_12485993456_12485993458_#4more,0,3,79.0,0.0
1640,1641.0,cluster_12497859354_12497859355,2,0,0.0,1.1056203797530508
1640,1641.0,cluster_1846673394_455570130,0,0,0.0,0.0
1640,1641.0,cluster_1933957591_1944596256_1944596258_500010840,1,0,0.0,12.649352925386268
1640,1641.0,cluster_286141464_317863064,2,1,10.0,8.629093050871177
1640,1641.0,cluster_317864209_317864212,2,8,209.0,1.3488276909152812
1640,1641.0,cluster_318319949_3665705327,2,1,40.0,0.0
1640,1641.0,cluster_444929591_444929853,0,1,9.0,0.0
1640,1641.0,cluster_453491193_453491196,2,0,0.0,1.2717374381559843
1640,1641.0,joinedS_3056282982_cluster_500010834_500010835_500010836_500010837,2,1,23.0,8.10389442490929
1640,1641.0,joinedS_4159783704_4159783713,2,5,24.0,0.005137938112117184
1650,1651.0,317267021,0,0,0.0,0.0
1650,1651.0,318319948,0,0,0.0,0.0
1650,1651.0,318319950,2,0,0.0,2.067717071294644
1650,1651.0,344715428,0,1,2.0,0.3052195393251107
1650,1651.0,459095577,5,0,0.0,0.0
1650,1651.0,459095593,2,1,5.0,8.110574589510145
1650,1651.0,5672981203,2,0,0.0,16.430912193078548
1650,1651.0,6734642660,0,0,0.0,0.0
1650,1651.0,728359174,1,0,0.0,0.0
1650,1651.0,931498932,0,0,0.0,16.44827926622704
1650,1651.0,cluster_12485993451_12485993457_444743027_999091207,4,1,10.0,0.5267477515415531
1650,1651.0,cluster_12485993454_12485993455_12485993456_12485993458_#4more,0,3,109.0,4.770251815769654
1650,1651.0,cluster_12497859354_12497859355,0,0,0.0,0.0
1650,1651.0,cluster_1846673394_455570130,0,0,0.0,18.822175670378396
1650,1651.0,cluster_1933957591_1944596256_1944596258_500010840,3,1,1.0,3.8982322127931464
1650,1651.0,cluster_286141464_317863064,2,3,18.0,4.098154496547587
1650,1651.0,cluster_317864209_317864212,4,10,303.0,0.0
1650,1651.0,cluster_318319949_3665705327,2,2,51.0,2.485216524804897
1650,1651.0,cluster_444929591_444929853,2,2,20.0,1.9171905806160658
1650,1651.0,cluster_453491193_453491196,2,1,9.0,8.306174726216124
1650,1651.0,joinedS_3056282982_cluster_500010834_500010835_500010836_500010837,2,2,35.0,8.233039026038979
1650,1651.0,joinedS_4159783704_4159783713,4,5,70.0,0.0
1660,1661.0,317267021,0,0,0.0,4.81699611046916
1660,1661.0,318319948,0,0,0.0,20.16026652982034
1660,1661.0,318319950,0,0,0.0,0.0
1660,1661.0,344715428,0,2,22.0,4.940336459940513
1660,1661.0,459095577,0,0,0.0,0.0
1660,1661.0,459095593,2,2,21.0,3.9372561075471317
1660,1661.0,5672981203,0,0,0.0,0.6221145659122794
1660,1661.0,6734642660,0,0,0.0,16.456987368064002
1660,1661.0,728359174,2,0,0.0,4.3088088353198355
1660,1661.0,931498932,1,0,0.0,0.0
1660,1661.0,cluster_12485993451_12485993457_444743027_999091207,4,0,0.0,0.0
1660,1661.0,cluster_12485993454_12485993455_12485993456_12485993458_#4more,1,4,144.0,5.136050723772753
1660,1661.0,cluster_12497859354_12497859355,0,0,0.0,25.17331485222849
1660,1661.0,cluster_1846673394_455570130,0,0,0.0,0.0
1660,1661.0,cluster_1933957591_1944596256_1944596258_500010840,0,0,0.0,0.0
1660,1661.0,cluster_286141464_317863064,2,5,64.0,2.5594713516559895
1660,1661.0,cluster_317864209_317864212,0,5,189.0,0.3977288783964665
1660,1661.0,cluster_318319949_3665705327,0,0,0.0,15.486674760955971
1660,1661.0,cluster_444929591_444929853,4,2,19.0,0.4785513100757574
1660,1661.0,cluster_453491193_453491196,2,1,19.0,0.0
1660,1661.0,joinedS_3056282982_cluster_500010834_500010835_500010836_500010837,0,0,0.0,15.036519045459519
1660,1661.0,joinedS_4159783704_4159783713,0,3,65.0,0.3219884240545823
1670,1671.0,317267021,0,2,17.0,0.0
1670,1671.0,318319948,0,1,1.0,0.07679455014574078
1670,1671.0,318319950,0,1,5.0,8.119610749338754
1670,1671.0,344715428,0,3,48.0,1.658210464194417
1670,1671.0,459095577,0,0,0.0,0.0
1670,1671.0,459095593,0,0,0.0,0.0
1670,1671.0,5672981203,0,0,0.0,14.046206422872135
1670,1671.0,6734642660,0,0,0.0,0.0
1670,1671.0,728359174,0,1,0.0,16.67
1670,1671.0,931498932,2,0,0.0,0.0
1670,1671.0,cluster_12485993451_12485993457_444743027_999091207,0,0,0.0,0.32222797338330683
1670,1671.0,cluster_12485993454_12485993455_12485993456_12485993458_#4more,2,3,59.0,1.4434334792886208
1670,1671.0,cluster_12497859354_12497859355,2,1,2.0,1.6645565861348746
1670,1671.0,cluster_1846673394_455570130,0,0,0.0,17.329290661748356
1670,1671.0,cluster_1933957591_1944596256_1944596258_500010840,2,0,0.0,13.419646509162018
1670,1671.0,cluster_286141464_317863064,2,4,84.0,4.189458162547352
1670,1671.0,cluster_317864209_317864212,2,1,1.0,4.298248148871532
1670,1671.0,cluster_318319949_3665705327,2,1,3.0,4.556466127411614
1670,1671.0,cluster_444929591_444929853,6,3,43.0,0.00015006610200916438
1670,1671.0,cluster_453491193_453491196,2,1,29.0,8.902903688370742
1670,1671.0,joinedS_3056282982_cluster_500010834_500010835_500010836_500010837,2,0,0.0,12.42319966826207
1670,1671.0,joinedS_4159783704_4159783713,1,4,40.0,1.0184901599177678
1680,1681.0,317267021,0,2,37.0,4.256307657575234
1680,1681.0,318319948,0,1,11.0,11.639105744339503
1680,1681.0,318319950,0,1,15.0,0.0
1680,1681.0,344715428,0,3,78.0,0.0
1680,1681.0,459095577,0,0,0.0,0.0
1680,1681.0,459095593,2,1,1.0,4.249142176700505
1680,1681.0,5672981203,0,1,2.0,0.010486180144595594
1680,1681.0,6734642660,0,0,0.0,0.0
1680,1681.0,728359174,2,1,0.0,16.67
1680,1681.0,931498932,0,0,0.0,7.494372819879406
1680,1681.0,cluster_12485993451_12485993457_444743027_999091207,2,1,9.0,0.0
1680,1681.0,cluster_12485993454_12485993455_12485993456_12485993458_#4more,3,4,91.0,0.003794710306345387
1680,1681.0,cluster_12497859354_12497859355,0,0,0.0,0.8828118904353397
1680,1681.0,cluster_1846673394_455570130,0,0,0.0,10.298567120293153
1680,1681.0,cluster_1933957591_1944596256_1944596258_500010840,3,0,0.0,12.451273966128937
1680,1681.0,cluster_286141464_317863064,0,0,0.0,1.600575983008553
1680,1681.0,cluster_317864209_317864212,3,10,56.0,0.020682495851450582
1680,1681.0,cluster_318319949_3665705327,0,0,0.0,0.0
1680,1681.0,cluster_444929591_444929853,0,0,0.0,4.372781873648947
1680,1681.0,cluster_453491193_453491196,2,1,39.0,0.13106970139171337
1680,1681.0,joinedS_3056282982_cluster_500010834_500010835_500010836_500010837,0,0,0.0,16.24522788946517
1680,1681.0,joinedS_4159783704_4159783713,3,4,50.0,0.0
1690,1691.0,317267021,0,2,57.0,0.0
1690,1691.0,318319948,2,0,0.0,0.0
1690,1691.0,318319950,0,1,25.0,0.0
1690,1691.0,344715428,0,3,108.0,3.74272231765483
1690,1691.0,459095577,0,1,5.0,0.00010193738577569963
1690,1691.0,459095593,0,0,0.0,4.694538443006927
1690,1691.0,5672981203,0,1,12.0,0.0
1690,1691.0,6734642660,0,0,0.0,0.0
1690,1691.0,728359174,0,2,3.0,5.575897298823046
1690,1691.0,931498932,2,1,1.0,9.58268772371303
1690,1691.0,cluster_12485993451_12485993457_444743027_999091207,4,0,0.0,0.0
1690,1691.0,cluster_12485993454_12485993455_12485993456_12485993458_#4more,5,3,65.0,0.0
1690,1691.0,cluster_12497859354_12497859355,0,0,0.0,0.0
1690,1691.0,cluster_1846673394_455570130,0,0,0.0,0.0
1690,1691.0,cluster_1933957591_1944596256_1944596258_500010840,0,0,0.0,15.65626026094095
1690,1691.0,cluster_286141464_317863064,0,0,0.0,8.444868830476953
1690,1691.0,cluster_317864209_317864212,5,10,156.0,0.0
1690,1691.0,cluster_318319949_3665705327,2,0,0.0,13.067687707212002
1690,1691.0,cluster_444929591_444929853,2,1,3.0,10.777489098871571
1690,1691.0,cluster_453491193_453491196,2,2,58.0,7.676362763648472
1690,1691.0,joinedS_3056282982_cluster_500010834_500010835_500010836_500010837,2,0,0.0,2.6429203057768658
1690,1691.0,joinedS_4159783704_4159783713,5,4,90.0,0.0
1700,1701.0,317267021,2,0,0.0,3.6190253496170026
1700,1701.0,318319948,0,0,0.0,15.665696510825015
1700,1701.0,318319950,0,2,41.0,0.0
1700,1701.0,344715428,2,0,0.0,8.641321177710267
1700,1701.0,459095577,0,1,15.0,0.0
1700,1701.0,459095593,2,0,0.0,13.988430461805098
1700,1701.0,5672981203,0,1,22.0,0.0
1700,1701.0,6734642660,0,0,0.0,0.0
1700,1701.0,728359174,2,3,12.0,0.0029971791064888078
1700,1701.0,931498932,0,0,0.0,0.0
1700,1701.0,cluster_12485993451_12485993457_444743027_999091207,5,0,0.0,0.0
1700,1701.0,cluster_12485993454_12485993455_12485993456_12485993458_#4more,7,3,95.0,2.026176375772516
1700,1701.0,cluster_12497859354_12497859355,2,0,0.0,0.0
1700,1701.0,cluster_1846673394_455570130,0,0,0.0,0.6846979649271816
1700,1701.0,cluster_1933957591_1944596256_1944596258_500010840,2,1,6.0,0.9642432914253657
1700,1701.0,cluster_286141464_317863064,0,3,12.0,3.7627791943627655
1700,1701.0,cluster_317864209_317864212,0,9,206.0,0.003920593799219955
1700,1701.0,cluster_318319949_3665705327,0,0,0.0,18.16499841225965
1700,1701.0,cluster_444929591_444929853,4,2,18.0,6.176057143023789
1700,1701.0,cluster_453491193_453491196,0,0,0.0,16.02461945896846
1700,1701.0,joinedS_3056282982_cluster_500010834_500010835_500010836_500010837,2,1,9.0,6.499736100526826
1700,1701.0,joinedS_4159783704_4159783713,0,5,138.0,0.0
1710,1711.0,317267021,0,0,0.0,12.446695468210828
1710,1711.0,318319948,2,0,0.0,16.33965732080862
1710,1711.0,318319950,0,2,61.0,4.996538266135574
1710,1711.0,344715428,0,0,0.0,15.260320864791813
1710,1711.0,459095577,2,1,25.0,8.82444478352249
1710,1711.0,459095593,0,1,1.0,6.899567303794211
1710,1711.0,5672981203,0,1,32.0,3.6906150499167505
1710,1711.0,6734642660,0,0,0.0,0.0
1710,1711.0,728359174,2,1,0.0,16.087982165981085
1710,1711.0,931498932,2,0,0.0,11.864371485868464
1710,1711.0,cluster_12485993451_12485993457_444743027_999091207,1,1,5.0,0.0002158699123430093
1710,1711.0,cluster_12485993454_12485993455_12485993456_12485993458_#4more,1,0,0.0,0.0
1710,1711.0,cluster_12497859354_12497859355,0,0,0.0,14.525866771896894
1710,1711.0,cluster_1846673394_455570130,0,1,0.0,0.0
1710,1711.0,cluster_1933957591_1944596256_1944596258_500010840,0,1,8.0,5.915673815996856
1710,1711.0,cluster_286141464_317863064,2,0,0.0,10.924196367495435
1710,1711.0,cluster_317864209_317864212,2,8,285.0,0.0
1710,1711.0,cluster_318319949_3665705327,2,0,0.0,14.845111379434577
1710,1711.0,cluster_444929591_444929853,6,2,38.0,9.75337362660589
1710,1711.0,cluster_453491193_453491196,2,0,0.0,16.062336173964272
1710,1711.0,joinedS_3056282982_cluster_500010834_500010835_500010836_500010837,2,1,19.0,8.3211414761981
1710,1711.0,joinedS_4159783704_4159783713,0,5,188.0,0.0
1720,1721.0,317267021,2,1,2.0,3.53977173330246
1720,1721.0,318319948,0,1,1.0,0.009448007535078082
1720,1721.0,318319950,2,1,5.0,0.0
1720,1721.0,344715428,2,0,0.0,0.0
1720,1721.0,459095577,4,0,0.0,0.0
1720,1721.0,459095593,0,0,0.0,0.0
1720,1721.0,5672981203,2,0,0.0,13.767721088802316
1720,1721.0,6734642660,0,0,0.0,0.0
1720,1721.0,728359174,2,2,6.0,0.00012106255286564004
1720,1721.0,931498932,0,0,0.0,6.6560067070889195
1720,1721.0,cluster_12485993451_12485993457_444743027_999091207,3,1,15.0,6.92965520879373
1720,1721.0,cluster_12485993454_12485993455_12485993456_12485993458_#4more,2,0,0.0,6.109626673901452
1720,1721.0,cluster_12497859354_12497859355,0,0,0.0,17.46632997895501
1720,1721.0,cluster_1846673394_455570130,0,0,0.0,17.224516259155813
1720,1721.0,cluster_1933957591_1944596256_1944596258_500010840,0,1,7.0,8.081938178455458
1720,1721.0,cluster_286141464_317863064,2,1,4.0,6.800129529101412
1720,1721.0,cluster_317864209_317864212,4,8,365.0,0.0
1720,1721.0,cluster_318319949_3665705327,2,0,0.0,16.904404599668784
1720,1721.0,cluster_444929591_444929853,6,4,69.0,6.892020508874874
1720,1721.0,cluster_453491193_453491196,0,0,0.0,7.105428595211274
1720,1721.0,joinedS_3056282982_cluster_500010834_500010835_500010836_500010837,0,0,0.0,7.748197990494482
1720,1721.0,joinedS_4159783704_4159783713,0,5,238.0,0.0
1730,1731.0,317267021,2,1,12.0,4.745993458967764
1730,1731.0,318319948,2,0,0.0,0.7499014014378189
1730,1731.0,318319950,0,0,0.0,10.757897283542443
1730,1731.0,344715428,0,0,0.0,0.0
1730,1731.0,459095577,6,0,0.0,0.0
1730,1731.0,459095593,0,0,0.0,0.0
1730,1731.0,5672981203,0,0,0.0,0.0
1730,1731.0,6734642660,0,0,0.0,0.0
1730,1731.0,728359174,2,0,0.0,4.017374925842342
1730,1731.0,931498932,0,1,7.0,0.0
1730,1731.0,cluster_12485993451_12485993457_444743027_999091207,4,0,0.0,9.706822001034071
1730,1731.0,cluster_12485993454_12485993455_12485993456_12485993458_#4more,3,1,8.0,2.8186768762244565
1730,1731.0,cluster_12497859354_12497859355,1,0,0.0,0.0
1730,1731.0,cluster_1846673394_455570130,0,0,0.0,12.79051090209765
1730,1731.0,cluster_1933957591_1944596256_1944596258_500010840,2,0,0.0,8.826639132161976
1730,1731.0,cluster_286141464_317863064,0,0,0.0,15.216625887860292
1730,1731.0,cluster_317864209_317864212,0,5,266.0,0.3308499900446459
1730,1731.0,cluster_318319949_3665705327,0,1,3.0,0.0018953042362511105
1730,1731.0,cluster_444929591_444929853,6,4,109.0,7.063048771931406
1730,1731.0,cluster_453491193_453491196,0,0,0.0,16.58486406638287
1730,1731.0,joinedS_3056282982_cluster_500010834_500010835_500010836_500010837,2,2,10.0,4.334364906812117
1730,1731.0,joinedS_4159783704_4159783713,2,4,250.0,0.0
1740,1741.0,317267021,0,0,0.0,0.0
1740,1741.0,318319948,2,0,0.0,0.0
1740,1741.0,318319950,2,0,0.0,9.143860133956041
1740,1741.0,344715428,0,0,0.0,0.0
1740,1741.0,459095577,6,0,0.0,0.0
1740,1741.0,459095593,0,0,0.0,0.2163955539893037
1740,1741.0,5672981203,2,0,0.0,0.0
1740,1741.0,6734642660,0,0,0.0,0.0
1740,1741.0,728359174,2,1,0.0,16.61652973287739
1740,1741.0,931498932,0,1,17.0,6.225231993457183
1740,1741.0,cluster_12485993451_12485993457_444743027_999091207,0,0,0.0,6.932664974876316
1740,1741.0,cluster_12485993454_12485993455_12485993456_12485993458_#4more,4,1,18.0,0.0
1740,1741.0,cluster_12497859354_12497859355,3,0,0.0,19.414824759993113
1740,1741.0,cluster_1846673394_455570130,0,0,0.0,4.49368890230398
1740,1741.0,cluster_1933957591_1944596256_1944596258_500010840,0,0,0.0,14.757434633662134
1740,1741.0,cluster_286141464_317863064,2,0,0.0,11.91421175456617
1740,1741.0,cluster_317864209_317864212,0,5,20.0,1.1453657823669907
1740,1741.0,cluster_318319949_3665705327,2,0,0.0,0.0
1740,1741.0,cluster_444929591_444929853,0,3,29.0,0.8168639705860968
1740,1741.0,cluster_453491193_453491196,0,0,0.0,19.106230863541242
1740,1741.0,joinedS_3056282982_cluster_500010834_500010835_500010836_500010837,0,0,0.0,5.904808324467883
1740,1741.0,joinedS_4159783704_4159783713,4,4,290.0,0.0
1750,1751.0,317267021,0,2,5.0,0.0001664496287624486
1750,1751.0,318319948,2,1,1.0,11.8485965006452
1750,1751.0,318319950,0,0,0.0,0.0
1750,1751.0,344715428,0,0,0.0,11.296205122957245
1750,1751.0,459095577,6,0,0.0,0.0
1750,1751.0,459095593,0,2,14.0,0.0011879382050486488
1750,1751.0,5672981203,0,0,0.0,0.0
1750,1751.0,6734642660,0,0,0.0,0.0
1750,1751.0,728359174,2,1,0.0,16.67
1750,1751.0,931498932,0,2,36.0,0.2965718815120801
1750,1751.0,cluster_12485993451_12485993457_444743027_999091207,2,1,7.0,8.46858441001459
1750,1751.0,cluster_12485993454_12485993455_12485993456_12485993458_#4more,6,2,30.0,6.798913981141379
1750,1751.0,cluster_12497859354_12497859355,0,0,0.0,23.561391747657037
1750,1751.0,cluster_1846673394_455570130,0,0,0.0,0.0
1750,1751.0,cluster_1933957591_1944596256_1944596258_500010840,2,0,0.0,0.0
1750,1751.0,cluster_286141464_317863064,0,0,0.0,11.708289707027491
1750,1751.0,cluster_317864209_317864212,0,2,27.0,2.267709814512685
1750,1751.0,cluster_318319949_3665705327,0,0,0.0,0.0
1750,1751.0,cluster_444929591_444929853,2,5,78.0,0.7058342478703707
1750,1751.0,cluster_453491193_453491196,0,1,4.0,8.625577193026903
1750,1751.0,joinedS_3056282982_cluster_500010834_500010835_500010836_500010837,0,0,0.0,1.6748758622092161
1750,1751.0,joinedS_4159783704_4159783713,0,3,244.0,0.0
1760,1761.0,317267021,0,2,25.0,0.0
1760,1761.0,318319948,2,3,23.0,6.4310311208962885
1760,1761.0,318319950,2,0,0.0,0.14700876745456992
1760,1761.0,344715428,0,1,6.0,0.0
1760,1761.0,459095577,6,0,0.0,0.0
1760,1761.0,459095593,0,2,34.0,0.0
1760,1761.0,5672981203,2,0,0.0,0.0
1760,1761.0,6734642660,0,0,0.0,0.0
1760,1761.0,728359174,0,1,1.0,0.03602821862254654
1760,1761.0,931498932,0,3,66.0,0.05891284008123587
1760,1761.0,cluster_12485993451_12485993457_444743027_999091207,4,0,0.0,9.995984013666968
1760,1761.0,cluster_12485993454_12485993455_12485993456_12485993458_#4more,0,1,5.0,8.695596706107388
1760,1761.0,cluster_12497859354_12497859355,1,0,0.0,0.0
1760,1761.0,cluster_1846673394_455570130,0,0,0.0,0.0
1760,1761.0,cluster_1933957591_1944596256_1944596258_500010840,0,0,0.0,16.319848635526554
1760,1761.0,cluster_286141464_317863064,0,1,5.0,6.887753003157054
1760,1761.0,cluster_317864209_317864212,0,8,80.0,0.02945238237884982
1760,1761.0,cluster_318319949_3665705327,2,0,0.0,0.0
1760,1761.0,cluster_444929591_444929853,3,5,128.0,0.0
1760,1761.0,cluster_453491193_453491196,0,2,15.0,8.094133893365901
1760,1761.0,joinedS_3056282982_cluster_500010834_500010835_500010836_500010837,0,0,0.0,4.205045443514881
1760,1761.0,joinedS_4159783704_4159783713,0,3,12.0,0.8336201743346905
1770,1771.0,317267021,0,2,45.0,0.03673288076699562
1770,1771.0,318319948,2,4,62.0,2.4133363888083506
1770,1771.0,318319950,0,0,0.0,0.0
1770,1771.0,344715428,0,1,16.0,3.0721203848998995
1770,1771.0,459095577,0,0,0.0,0.0
1770,1771.0,459095593,2,0,0.0,6.9899585444337635
1770,1771.0,5672981203,0,0,0.0,0.0
1770,1771.0,6734642660,0,0,0.0,0.0
1770,1771.0,728359174,2,0,0.0,9.902396263802185
1770,1771.0,931498932,0,5,107.0,0.022482945776660063
1770,1771.0,cluster_12485993451_12485993457_444743027_999091207,0,1,1.0,7.718264211591137
1770,1771.0,cluster_12485993454_12485993455_12485993456_12485993458_#4more,1,2,19.0,2.4797331459971033
1770,1771.0,cluster_12497859354_12497859355,3,0,0.0,20.043108893658534
1770,1771.0,cluster_1846673394_455570130,0,0,0.0,0.0
1770,1771.0,cluster_1933957591_1944596256_1944596258_500010840,1,2,7.0,5.784080604888493
1770,1771.0,cluster_286141464_317863064,0,1,15.0,8.50560514510965
1770,1771.0,cluster_317864209_317864212,0,8,142.0,2.050069175973506
1770,1771.0,cluster_318319949_3665705327,0,0,0.0,16.45071054515407
1770,1771.0,cluster_444929591_444929853,4,0,0.0,0.0
1770,1771.0,cluster_453491193_453491196,0,2,35.0,6.458585361783628
1770,1771.0,joinedS_3056282982_cluster_500010834_500010835_500010836_500010837,0,0,0.0,13.120948669055991
1770,1771.0,joinedS_4159783704_4159783713,1,5,58.0,0.0
1780,1781.0,317267021,0,3,75.0,1.1666884565839621
1780,1781.0,318319948,2,4,102.0,0.0
1780,1781.0,318319950,0,0,0.0,17.929517156916926
1780,1781.0,344715428,0,1,26.0,8.063342791101892
1780,1781.0,459095577,1,1,2.0,0.020327506108411917
1780,1781.0,459095593,0,0,0.0,0.0
1780,1781.0,5672981203,0,0,0.0,16.515873063523323
1780,1781.0,6734642660,0,0,0.0,0.0
1780,1781.0,728359174,0,1,0.0,16.67
1780,1781.0,931498932,2,1,1.0,6.115673761847624
1780,1781.0,cluster_12485993451_12485993457_444743027_999091207,2,3,16.0,4.058900462694655
1780,1781.0,cluster_12485993454_12485993455_12485993456_12485993458_#4more,2,1,4.0,0.00020403895315907107
1780,1781.0,cluster_12497859354_12497859355,0,0,0.0,22.66217624418491
1780,1781.0,cluster_1846673394_455570130,0,0,0.0,0.0
1780,1781.0,cluster_1933957591_1944596256_1944596258_500010840,3,3,16.0,2.5973401930847673
1780,1781.0,cluster_286141464_317863064,0,3,34.0,7.2071716427055925
1780,1781.0,cluster_317864209_317864212,1,6,107.0,1.7753051669741196
1780,1781.0,cluster_318319949_3665705327,0,0,0.0,16.22677607722071
1780,1781.0,cluster_444929591_444929853,7,0,0.0,0.0
1780,1781.0,cluster_453491193_453491196,2,1,4.0,6.363962136514668
1780,1781.0,joinedS_3056282982_cluster_500010834_500010835_500010836_500010837,0,0,0.0,16.397982134651393
1780,1781.0,joinedS_4159783704_4159783713,2,3,57.0,0.0
1790,1791.0,317267021,0,4,112.0,0.0
1790,1791.0,318319948,0,0,0.0,3.843316203488686
1790,1791.0,318319950,0,0,0.0,16.428520115159
1790,1791.0,344715428,2,0,0.0,16.22301674823277
1790,1791.0,459095577,3,1,12.0,0.0
1790,1791.0,459095593,2,0,0.0,0.0
1790,1791.0,5672981203,0,0,0.0,13.751830200050575
1790,1791.0,6734642660,0,0,0.0,0.0
1790,1791.0,728359174,2,1,0.0,16.67
1790,1791.0,931498932,0,1,3.0,7.175935887756054
1790,1791.0,cluster_12485993451_12485993457_444743027_999091207,3,3,46.0,3.9234355015834987
1790,1791.0,cluster_12485993454_12485993455_12485993456_12485993458_#4more,3,1,14.0,6.314922044391737
1790,1791.0,cluster_12497859354_12497859355,1,0,0.0,0.0
1790,1791.0,cluster_1846673394_455570130,0,0,0.0,0.0
1790,1791.0,cluster_1933957591_1944596256_1944596258_500010840,1,2,20.0,4.27739145159892
1790,1791.0,cluster_286141464_317863064,2,1,4.0,4.454925241252475
1790,1791.0,cluster_317864209_317864212,3,10,76.0,0.0016124771034365924
1790,1791.0,cluster_318319949_3665705327,0,1,2.0,2.8878867746393433
1790,1791.0,cluster_444929591_444929853,0,0,0.0,4.915987167460844
1790,1791.0,cluster_453491193_453491196,0,0,0.0,15.788747041664887
1790,1791.0,joinedS_3056282982_cluster_500010834_500010835_500010836_500010837,0,0,0.0,0.0
1790,1791.0,joinedS_4159783704_4159783713,3,3,87.0,0.0
1800,1801.0,317267021,2,0,0.0,9.355707802616521
1800,1801.0,318319948,2,2,9.0,7.251511200011871
1800,1801.0,318319950,0,0,0.0,0.0
1800,1801.0,344715428,0,0,0.0,16.62854390556924
1800,1801.0,459095577,5,0,0.0,0.0
1800,1801.0,459095593,0,0,0.0,15.342514719899285
1800,1801.0,5672981203,2,1,6.0,2.2305143100049403
1800,1801.0,6734642660,0,0,0.0,0.0
1800,1801.0,728359174,0,0,0.0,0.0
1800,1801.0,931498932,0,2,22.0,4.272862946055828
1800,1801.0,cluster_12485993451_12485993457_444743027_999091207,4,1,3.0,3.680827036193725
1800,1801.0,cluster_12485993454_12485993455_12485993456_12485993458_#4more,5,3,39.0,0.0
1800,1801.0,cluster_12497859354_12497859355,2,0,0.0,0.0
1800,1801.0,cluster_1846673394_455570130,0,0,0.0,13.997720310599888
1800,1801.0,cluster_1933957591_1944596256_1944596258_500010840,3,1,5.0,0.7820521951644703
1800,1801.0,cluster_286141464_317863064,0,4,28.0,0.009095374632089967
1800,1801.0,cluster_317864209_317864212,5,10,176.0,0.0
1800,1801.0,cluster_318319949_3665705327,0,1,12.0,7.161419816315172
1800,1801.0,cluster_444929591_444929853,2,0,0.0,16.605016238782557
1800,1801.0,cluster_453491193_453491196,2,0,0.0,0.0
1800,1801.0,joinedS_3056282982_cluster_500010834_500010835_500010836_500010837,2,0,0.0,3.847576524140566
1800,1801.0,joinedS_4159783704_4159783713,5,5,128.0,0.0050986025929287675
1810,1811.0,317267021,0,1,1.0,0.0286390307540375
1810,1811.0,318319948,0,1,1.0,6.046024683368093
1810,1811.0,318319950,0,0,0.0,0.0
1810,1811.0,344715428,2,0,0.0,15.863532166938567
1810,1811.0,459095577,7,0,0.0,0.0
1810,1811.0,459095593,1,0,0.0,2.680687032981778
1810,1811.0,5672981203,0,0,0.0,0.0
1810,1811.0,6734642660,0,0,0.0,0.0
1810,1811.0,728359174,0,0,0.0,0.0
1810,1811.0,931498932,2,0,0.0,3.4960611503865473
1810,1811.0,cluster_12485993451_12485993457_444743027_999091207,0,0,0.0,0.0
1810,1811.0,cluster_12485993454_12485993455_12485993456_12485993458_#4more,7,3,69.0,2.2932270266262216
1810,1811.0,cluster_12497859354_12497859355,0,0,0.0,0.0
1810,1811.0,cluster_1846673394_455570130,0,0,0.0,0.0
1810,1811.0,cluster_1933957591_1944596256_1944596258_500010840,0,1,10.0,8.837534411120137
1810,1811.0,cluster_286141464_317863064,2,1,24.0,7.189461671489515
1810,1811.0,cluster_317864209_317864212,0,3,70.0,3.419914375888057
1810,1811.0,cluster_318319949_3665705327,0,1,22.0,10.195556474230827
1810,1811.0,cluster_444929591_444929853,4,1,4.0,0.0022583492836580565
1810,1811.0,cluster_453491193_453491196,2,0,0.0,17.082393831645984
1810,1811.0,joinedS_3056282982_cluster_500010834_500010835_500010836_500010837,0,0,0.0,12.781907646693538
1810,1811.0,joinedS_4159783704_4159783713,0,5,178.0,0.0
1820,1821.0,317267021,2,0,0.0,14.415910641453229
1820,1821.0,318319948,2,0,0.0,16.51945515352346
1820,1821.0,318319950,0,0,0.0,0.0
1820,1821.0,344715428,0,0,0.0,4.838164549311022
1820,1821.0,459095577,1,0,0.0,0.0
1820,1821.0,459095593,3,0,0.0,0.0
1820,1821.0,5672981203,2,0,0.0,0.0
1820,1821.0,6734642660,0,0,0.0,0.0
1820,1821.0,728359174,0,0,0.0,0.0
1820,1821.0,931498932,0,0,0.0,10.229190883738921
1820,1821.0,cluster_12485993451_12485993457_444743027_999091207,2,0,0.0,15.234080345702402
1820,1821.0,cluster_12485993454_12485993455_12485993456_12485993458_#4more,1,2,35.0,0.22453324819450649
1820,1821.0,cluster_12497859354_12497859355,0,0,0.0,16.022176675591613
1820,1821.0,cluster_1846673394_455570130,0,0,0.0,4.141026387888445
1820,1821.0,cluster_1933957591_1944596256_1944596258_500010840,2,1,1.0,1.7408816716910354
1820,1821.0,cluster_286141464_317863064,0,0,0.0,0.5510801111727264
1820,1821.0,cluster_317864209_317864212,0,9,63.0,0.5559366582226869
1820,1821.0,cluster_318319949_3665705327,2,0,0.0,12.912744365534827
1820,1821.0,cluster_444929591_444929853,6,1,14.0,0.0
1820,1821.0,cluster_453491193_453491196,2,1,3.0,0.0
1820,1821.0,joinedS_3056282982_cluster_500010834_500010835_500010836_500010837,2,0,0.0,16.465066629280336
1820,1821.0,joinedS_4159783704_4159783713,0,5,228.0,0.0
1830,1831.0,317267021,3,0,0.0,0.0
1830,1831.0,318319948,2,1,4.0,7.676151691461169
1830,1831.0,318319950,2,0,0.0,0.0
1830,1831.0,344715428,0,0,0.0,0.0
1830,1831.0,459095577,3,1,6.0,0.0
1830,1831.0,459095593,1,0,0.0,0.0
1830,1831.0,5672981203,0,0,0.0,16.366343888156116
1830,1831.0,6734642660,0,0,0.0,0.0
1830,1831.0,728359174,2,0,0.0,0.0
1830,1831.0,931498932,1,0,0.0,0.6298660037274844
1830,1831.0,cluster_12485993451_12485993457_444743027_999091207,3,0,0.0,8.079878386470323
1830,1831.0,cluster_12485993454_12485993455_12485993456_12485993458_#4more,2,2,26.0,0.18589501141727904
1830,1831.0,cluster_12497859354_12497859355,2,1,2.0,0.0050969435742581936
1830,1831.0,cluster_1846673394_455570130,0,0,0.0,0.0
1830,1831.0,cluster_1933957591_1944596256_1944596258_500010840,0,0,0.0,16.30567969785072
1830,1831.0,cluster_286141464_317863064,2,0,0.0,10.789854853124162
1830,1831.0,cluster_317864209_317864212,0,6,95.0,1.477401423504591
1830,1831.0,cluster_318319949_3665705327,0,0,0.0,16.077028784840593
1830,1831.0,cluster_444929591_444929853,0,0,0.0,13.57185845022374
1830,1831.0,cluster_453491193_453491196,2,1,13.0,0.0
1830,1831.0,joinedS_3056282982_cluster_500010834_500010835_500010836_500010837,0,0,0.0,0.0
1830,1831.0,joinedS_4159783704_4159783713,0,5,278.0,0.0
1840,1841.0,317267021,1,0,0.0,0.0
1840,1841.0,318319948,0,0,0.0,3.5882188939818933
1840,1841.0,318319950,0,0,0.0,0.0
1840,1841.0,344715428,2,0,0.0,0.0
1840,1841.0,459095577,4,0,0.0,0.0
1840,1841.0,459095593,3,0,0.0,0.0
1840,1841.0,5672981203,2,0,0.0,2.4912351973723075
1840,1841.0,6734642660,0,0,0.0,0.0
1840,1841.0,728359174,0,0,0.0,0.0
1840,1841.0,931498932,3,0,0.0,0.0
1840,1841.0,cluster_12485993451_12485993457_444743027_999091207,5,0,0.0,0.0
1840,1841.0,cluster_12485993454_12485993455_12485993456_12485993458_#4more,3,3,56.0,0.0
1840,1841.0,cluster_12497859354_12497859355,0,0,0.0,0.0
1840,1841.0,cluster_1846673394_455570130,0,0,0.0,13.628636933455528
1840,1841.0,cluster_1933957591_1944596256_1944596258_500010840,2,1,1.0,7.911341109500228
1840,1841.0,cluster_286141464_317863064,2,2,10.0,5.205873905361333
1840,1841.0,cluster_317864209_317864212,0,9,127.0,0.6137311109172124
1840,1841.0,cluster_318319949_3665705327,0,1,1.0,7.583625681848125
1840,1841.0,cluster_444929591_444929853,2,0,0.0,15.78029628785706
1840,1841.0,cluster_453491193_453491196,2,1,23.0,7.780048717302993
1840,1841.0,joinedS_3056282982_cluster_500010834_500010835_500010836_500010837,2,0,0.0,0.0
1840,1841.0,joinedS_4159783704_4159783713,2,4,279.0,0.0
1850,1851.0,317267021,3,0,0.0,0.0
1850,1851.0,318319948,2,0,0.0,16.73193994065757
1850,1851.0,318319950,2,0,0.0,13.062074399298837
1850,1851.0,344715428,0,0,0.0,0.0
1850,1851.0,459095577,6,0,0.0,0.0
1850,1851.0,459095593,0,1,6.0,0.0
1850,1851.0,5672981203,2,1,10.0,0.0
1850,1851.0,6734642660,0,0,0.0,16.43818107869476
1850,1851.0,728359174,2,0,0.0,0.0
1850,1851.0,931498932,1,0,0.0,13.716573855694769
1850,1851.0,cluster_12485993451_12485993457_444743027_999091207,1,0,0.0,3.7161671960044025
1850,1851.0,cluster_12485993454_12485993455_12485993456_12485993458_#4more,4,1,20.0,0.0
1850,1851.0,cluster_12497859354_12497859355,0,0,0.0,0.0
1850,1851.0,cluster_1846673394_455570130,0,0,0.0,0.0
1850,1851.0,cluster_1933957591_1944596256_1944596258_500010840,3,3,24.0,1.8634200839207287
1850,1851.0,cluster_286141464_317863064,2,4,44.0,0.0
1850,1851.0,cluster_317864209_317864212,0,12,239.0,0.00015339462777739902
1850,1851.0,cluster_318319949_3665705327,0,3,20.0,2.1209638530405055
1850,1851.0,cluster_444929591_444929853,4,0,0.0,14.204707307555129
1850,1851.0,cluster_453491193_453491196,0,2,14.0,6.168523657182123
1850,1851.0,joinedS_3056282982_cluster_500010834_500010835_500010836_500010837,2,0,0.0,11.24190914164044
1850,1851.0,joinedS_4159783704_4159783713,4,4,319.0,0.0
1860,1861.0,317267021,0,0,0.0,0.0
1860,1861.0,318319948,0,1,1.0,0.7927568304270227
1860,1861.0,318319950,0,0,0.0,9.124321871450814
1860,1861.0,344715428,2,0,0.0,0.0
1860,1861.0,459095577,0,0,0.0,0.0
1860,1861.0,459095593,2,0,0.0,0.0
1860,1861.0,5672981203,2,1,20.0,0.0
1860,1861.0,6734642660,0,0,0.0,0.0
1860,1861.0,728359174,0,1,0.0,14.596478581367549
1860,1861.0,931498932,2,2,12.0,0.00016086450537680611
1860,1861.0,cluster_12485993451_12485993457_444743027_999091207,2,1,9.0,0.5120959950229679
1860,1861.0,cluster_12485993454_12485993455_12485993456_12485993458_#4more,6,1,30.0,2.261589926495673
1860,1861.0,cluster_12497859354_12497859355,2,0,0.0,15.212954704308064
1860,1861.0,cluster_1846673394_455570130,0,0,0.0,0.0
1860,1861.0,cluster_1933957591_1944596256_1944596258_500010840,1,1,8.0,0.0
1860,1861.0,cluster_286141464_317863064,2,4,84.0,5.4945252805265286
1860,1861.0,cluster_317864209_317864212,2,8,170.0,0.0
1860,1861.0,cluster_318319949_3665705327,0,3,50.0,3.775887964579836
1860,1861.0,cluster_444929591_444929853,4,0,0.0,0.0
1860,1861.0,cluster_453491193_453491196,2,0,0.0,2.0533055873778068
1860,1861.0,joinedS_3056282982_cluster_500010834_500010835_500010836_500010837,2,1,7.0,0.0
1860,1861.0,joinedS_4159783704_4159783713,0,5,368.0,0.0
1870,1871.0,317267021,2,0,0.0,16.085749286906797
1870,1871.0,318319948,2,0,0.0,0.0
1870,1871.0,318319950,1,0,0.0,0.0
1870,1871.0,344715428,0,0,0.0,5.11617028585507
1870,1871.0,459095577,2,0,0.0,0.0
1870,1871.0,459095593,0,0,0.0,0.0
1870,1871.0,5672981203,2,1,30.0,0.0
1870,1871.0,6734642660,0,0,0.0,0.0
1870,1871.0,728359174,2,1,0.0,8.828980659164134
1870,1871.0,931498932,0,1,3.0,0.0017474841808585357
1870,1871.0,cluster_12485993451_12485993457_444743027_999091207,4,0,0.0,5.8940583904384845
1870,1871.0,cluster_12485993454_12485993455_12485993456_12485993458_#4more,0,1,9.0,0.0
1870,1871.0,cluster_12497859354_12497859355,0,0,0.0,9.035563393932707
1870,1871.0,cluster_1846673394_455570130,0,0,0.0,0.0
1870,1871.0,cluster_1933957591_1944596256_1944596258_500010840,3,1,1.0,11.3566037919796
1870,1871.0,cluster_286141464_317863064,2,5,127.0,2.2507292320736316
1870,1871.0,cluster_317864209_317864212,3,10,255.0,0.141080792793886
1870,1871.0,cluster_318319949_3665705327,0,3,80.0,5.888103250336195
1870,1871.0,cluster_444929591_444929853,4,0,0.0,6.254191862350787
1870,1871.0,cluster_453491193_453491196,0,1,2.0,8.178580584786832
1870,1871.0,joinedS_3056282982_cluster_500010834_500010835_500010836_500010837,2,1,17.0,6.802621626829278
1870,1871.0,joinedS_4159783704_4159783713,2,4,399.0,0.0
1880,1881.0,317267021,3,1,4.0,0.0006932889828089317
1880,1881.0,318319948,0,0,0.0,5.7706077109154315
1880,1881.0,318319950,3,0,0.0,0.0
1880,1881.0,344715428,2,0,0.0,13.946752095086307
1880,1881.0,459095577,4,0,0.0,0.0
1880,1881.0,459095593,2,0,0.0,0.0
1880,1881.0,5672981203,2,1,40.0,7.141178542259146
1880,1881.0,6734642660,0,0,0.0,0.0
1880,1881.0,728359174,2,0,0.0,1.1022913507651537
1880,1881.0,931498932,2,1,1.0,5.848943742713335
1880,1881.0,cluster_12485993451_12485993457_444743027_999091207,0,0,0.0,14.925789192972715
1880,1881.0,cluster_12485993454_12485993455_12485993456_12485993458_#4more,1,1,19.0,0.0
1880,1881.0,cluster_12497859354_12497859355,0,0,0.0,0.0
1880,1881.0,cluster_1846673394_455570130,0,0,0.0,0.0
1880,1881.0,cluster_1933957591_1944596256_1944596258_500010840,0,1,3.0,8.164002367241395
1880,1881.0,cluster_286141464_317863064,2,6,97.0,3.7850274542032016
1880,1881.0,cluster_317864209_317864212,5,10,355.0,0.0
1880,1881.0,cluster_318319949_3665705327,0,4,117.0,4.992670061208563
1880,1881.0,cluster_444929591_444929853,4,2,12.0,0.00020854425286447598
1880,1881.0,cluster_453491193_453491196,0,3,21.0,3.873625801348835
1880,1881.0,joinedS_3056282982_cluster_500010834_500010835_500010836_500010837,2,1,27.0,7.200923923390001
1880,1881.0,joinedS_4159783704_4159783713,4,4,439.0,0.0
1890,1891.0,317267021,1,1,6.0,5.515366658455053
1890,1891.0,318319948,0,0,0.0,0.0
1890,1891.0,318319950,1,0,0.0,0.0
1890,1891.0,344715428,2,0,0.0,13.73314728457834
1890,1891.0,459095577,6,0,0.0,0.0
1890,1891.0,459095593,0,0,0.0,5.662432269410292
1890,1891.0,5672981203,2,2,52.0,0.0034378672540736014
1890,1891.0,6734642660,0,0,0.0,0.0
1890,1891.0,728359174,2,0,0.0,0.0
1890,1891.0,931498932,0,0,0.0,2.0468430577777323
1890,1891.0,cluster_12485993451_12485993457_444743027_999091207,2,2,4.0,1.6560957796798295
1890,1891.0,cluster_12485993454_12485993455_12485993456_12485993458_#4more,2,2,31.0,1.9113459120778677
1890,1891.0,cluster_12497859354_12497859355,2,0,0.0,0.0
1890,1891.0,cluster_1846673394_455570130,0,0,0.0,6.727544756214845
1890,1891.0,cluster_1933957591_1944596256_1944596258_500010840,2,0,0.0,5.97384514086856
1890,1891.0,cluster_286141464_317863064,0,0,0.0,5.370873541390196
1890,1891.0,cluster_317864209_317864212,1,9,432.0,1.0892614118428898
1890,1891.0,cluster_318319949_3665705327,2,0,0.0,15.220199312647004
1890,1891.0,cluster_444929591_444929853,4,2,32.0,0.0
1890,1891.0,cluster_453491193_453491196,2,0,0.0,3.152185520575915
1890,1891.0,joinedS_3056282982_cluster_500010834_500010835_500010836_500010837,0,0,0.0,14.897268223273734
1890,1891.0,joinedS_4159783704_4159783713,4,4,479.0,0.0
1900,1901.0,317267021,3,1,2.0,0.04821642555678334
1900,1901.0,318319948,0,1,0.0,0.0
1900,1901.0,318319950,2,0,0.0,0.0
1900,1901.0,344715428,0,0,0.0,11.245695374771367
1900,1901.0,459095577,0,1,0.0,0.0
1900,1901.0,459095593,0,1,5.0,3.8161836738589177
1900,1901.0,5672981203,0,0,0.0,11.029171921731901
1900,1901.0,6734642660,0,0,0.0,0.0
1900,1901.0,728359174,2,0,0.0,0.0
1900,1901.0,931498932,2,0,0.0,0.0
1900,1901.0,cluster_12485993451_12485993457_444743027_999091207,4,1,11.0,8.102945162738163
1900,1901.0,cluster_12485993454_12485993455_12485993456_12485993458_#4more,3,4,67.0,0.0
1900,1901.0,cluster_12497859354_12497859355,0,0,0.0,0.0
1900,1901.0,cluster_1846673394_455570130,0,0,0.0,0.0
1900,1901.0,cluster_1933957591_1944596256_1944596258_500010840,2,0,0.0,6.417592508267697
1900,1901.0,cluster_286141464_317863064,1,2,6.0,3.9505609778960973
1900,1901.0,cluster_317864209_317864212,2,9,495.0,3.081943244314064e-05
1900,1901.0,cluster_318319949_3665705327,0,0,0.0,7.662149949710923
1900,1901.0,cluster_444929591_444929853,6,2,52.0,0.0
1900,1901.0,cluster_453491193_453491196,2,1,8.0,8.575722623654713
1900,1901.0,joinedS_3056282982_cluster_500010834_500010835_500010836_500010837,1,1,1.0,9.194177899342222
1900,1901.0,joinedS_4159783704_4159783713,4,4,519.0,0.0
1910,1911.0,317267021,1,0,0.0,2.0555430150878675
1910,1911.0,318319948,0,0,0.0,0.0
1910,1911.0,318319950,0,0,0.0,16.209908085204663
1910,1911.0,344715428,2,1,2.0,0.008031544714747518
1910,1911.0,459095577,2,1,10.0,0.0
1910,1911.0,459095593,2,1,4.0,0.4991640334061095
1910,1911.0,5672981203,2,0,0.0,9.209206252969619
1910,1911.0,6734642660,0,0,0.0,0.0
1910,1911.0,728359174,2,0,0.0,16.530847779751948
1910,1911.0,931498932,0,0,0.0,0.28583249066310457
1910,1911.0,cluster_12485993451_12485993457_444743027_999091207,0,0,0.0,0.0
1910,1911.0,cluster_12485993454_12485993455_12485993456_12485993458_#4more,4,3,58.0,2.783946613721699
1910,1911.0,cluster_12497859354_12497859355,0,0,0.0,0.0
1910,1911.0,cluster_1846673394_455570130,0,0,0.0,10.724249697290361
1910,1911.0,cluster_1933957591_1944596256_1944596258_500010840,2,3,13.0,2.6824733969847356
1910,1911.0,cluster_286141464_317863064,3,2,14.0,1.8411454692185059
1910,1911.0,cluster_317864209_317864212,4,9,585.0,0.0
1910,1911.0,cluster_318319949_3665705327,2,0,0.0,11.296014830078834
1910,1911.0,cluster_444929591_444929853,0,0,0.0,12.705401099593864
1910,1911.0,cluster_453491193_453491196,0,0,0.0,13.768155569308338
1910,1911.0,joinedS_3056282982_cluster_500010834_500010835_500010836_500010837,2,1,5.0,9.68663125888134
1910,1911.0,joinedS_4159783704_4159783713,5,4,559.0,0.0
1920,1921.0,317267021,2,0,0.0,0.0
1920,1921.0,318319948,2,0,0.0,0.0
1920,1921.0,318319950,2,0,0.0,10.898827635381442
1920,1921.0,344715428,0,0,0.0,0.0
1920,1921.0,459095577,4,0,0.0,0.0
1920,1921.0,459095593,2,1,14.0,0.0
1920,1921.0,5672981203,0,0,0.0,0.0
1920,1921.0,6734642660,0,0,0.0,0.0
1920,1921.0,728359174,2,0,0.0,0.0
1920,1921.0,931498932,0,1,10.0,0.0
1920,1921.0,cluster_12485993451_12485993457_444743027_999091207,0,0,0.0,0.0
1920,1921.0,cluster_12485993454_12485993455_12485993456_12485993458_#4more,6,4,95.0,2.239810218377372
1920,1921.0,cluster_12497859354_12497859355,2,0,0.0,16.515018410466514
1920,1921.0,cluster_1846673394_455570130,0,0,0.0,0.0
1920,1921.0,cluster_1933957591_1944596256_1944596258_500010840,0,0,0.0,14.44927450594573
1920,1921.0,cluster_286141464_317863064,1,0,0.0,0.0
1920,1921.0,cluster_317864209_317864212,0,6,398.0,0.9821701532012632
1920,1921.0,cluster_318319949_3665705327,0,0,0.0,11.610587390723225
1920,1921.0,cluster_444929591_444929853,2,0,0.0,15.786641086055148
1920,1921.0,cluster_453491193_453491196,1,1,1.0,0.022415886774527563
1920,1921.0,joinedS_3056282982_cluster_500010834_500010835_500010836_500010837,0,0,0.0,17.156361522842904
1920,1921.0,joinedS_4159783704_4159783713,1,4,599.0,0.0
1930,1931.0,317267021,0,1,1.0,8.777329280233813
1930,1931.0,318319948,0,0,0.0,0.0
1930,1931.0,318319950,0,0,0.0,7.1516945364349525
1930,1931.0,344715428,2,0,0.0,12.756348184553591
1930,1931.0,459095577,5,1,2.0,0.0032903302128422796
1930,1931.0,459095593,2,1,24.0,0.0
1930,1931.0,5672981203,2,0,0.0,0.0
1930,1931.0,6734642660,0,0,0.0,0.0
1930,1931.0,728359174,0,0,0.0,13.283820609330975
1930,1931.0,931498932,0,1,20.0,0.05756453969940291
1930,1931.0,cluster_12485993451_12485993457_444743027_999091207,0,1,4.0,0.0
1930,1931.0,cluster_12485993454_12485993455_12485993456_12485993458_#4more,0,0,0.0,3.3029455653597055
1930,1931.0,cluster_12497859354_12497859355,0,0,0.0,4.134489208672723
1930,1931.0,cluster_1846673394_455570130,0,0,0.0,0.0
1930,1931.0,cluster_1933957591_1944596256_1944596258_500010840,2,0,0.0,0.0
1930,1931.0,cluster_286141464_317863064,3,0,0.0,15.140589667715558
1930,1931.0,cluster_317864209_317864212,2,3,10.0,0.954794870111915
1930,1931.0,cluster_318319949_3665705327,0,0,0.0,18.013339789411074
1930,1931.0,cluster_444929591_444929853,4,1,5.0,4.3119645889997775
1930,1931.0,cluster_453491193_453491196,3,0,0.0,0.0
1930,1931.0,joinedS_3056282982_cluster_500010834_500010835_500010836_500010837,0,0,0.0,0.0
1930,1931.0,joinedS_4159783704_4159783713,2,4,639.0,0.0
1940,1941.0,317267021,1,1,11.0,6.711065992247313
1940,1941.0,318319948,2,0,0.0,11.64659004098174
1940,1941.0,318319950,1,0,0.0,0.0
1940,1941.0,344715428,0,0,0.0,16.195631568674
1940,1941.0,459095577,7,1,12.0,0.0
1940,1941.0,459095593,2,1,34.0,0.0
1940,1941.0,5672981203,0,0,0.0,15.596388073765786
1940,1941.0,6734642660,0,0,0.0,0.0
1940,1941.0,728359174,2,0,0.0,15.982065890057006
1940,1941.0,931498932,0,2,40.0,7.372358457134446
1940,1941.0,cluster_12485993451_12485993457_444743027_999091207,1,2,15.0,9.05226497528936
1940,1941.0,cluster_12485993454_12485993455_12485993456_12485993458_#4more,0,0,0.0,2.955139446954665
1940,1941.0,cluster_12497859354_12497859355,0,0,0.0,0.0
1940,1941.0,cluster_1846673394_455570130,0,0,0.0,0.0
1940,1941.0,cluster_1933957591_1944596256_1944596258_500010840,2,0,0.0,9.274298540907841
1940,1941.0,cluster_286141464_317863064,0,0,0.0,13.849181153762245
1940,1941.0,cluster_317864209_317864212,4,8,77.0,0.941011931793625
1940,1941.0,cluster_318319949_3665705327,0,2,9.0,0.22227224917557517
1940,1941.0,cluster_444929591_444929853,4,1,15.0,0.0
1940,1941.0,cluster_453491193_453491196,0,0,0.0,0.0
1940,1941.0,joinedS_3056282982_cluster_500010834_500010835_500010836_500010837,2,0,0.0,12.20180000282064
1940,1941.0,joinedS_4159783704_4159783713,4,5,681.0,0.0
1950,1951.0,317267021,2,0,0.0,0.0
1950,1951.0,318319948,3,0,0.0,0.7170714408486345
1950,1951.0,318319950,3,1,3.0,1.7995140441640614
1950,1951.0,344715428,0,1,1.0,8.359375927429568
1950,1951.0,459095577,1,0,0.0,0.0
1950,1951.0,459095593,2,1,44.0,0.0
1950,1951.0,5672981203,2,0,0.0,0.0
1950,1951.0,6734642660,0,0,0.0,0.0
1950,1951.0,728359174,3,0,0.0,0.0
1950,1951.0,931498932,0,2,60.0,0.0
1950,1951.0,cluster_12485993451_12485993457_444743027_999091207,3,4,47.0,0.8847701344470255
1950,1951.0,cluster_12485993454_12485993455_12485993456_12485993458_#4more,2,2,5.0,0.5769635695622662
1950,1951.0,cluster_12497859354_12497859355,2,0,0.0,12.96786968933884
1950,1951.0,cluster_1846673394_455570130,0,0,0.0,13.883861542677494
1950,1951.0,cluster_1933957591_1944596256_1944596258_500010840,2,1,10.0,0.0
1950,1951.0,cluster_286141464_317863064,2,1,3.0,4.834819186328455
1950,1951.0,cluster_317864209_317864212,0,9,142.0,1.310295060685876
1950,1951.0,cluster_318319949_3665705327,0,2,29.0,3.050121377286086
1950,1951.0,cluster_444929591_444929853,4,1,25.0,0.0
1950,1951.0,cluster_453491193_453491196,2,0,0.0,6.266867793688582
1950,1951.0,joinedS_3056282982_cluster_500010834_500010835_500010836_500010837,0,1,1.0,12.909401249523393
1950,1951.0,joinedS_4159783704_4159783713,0,5,731.0,0.0
1960,1961.0,317267021,0,0,0.0,14.031059315215826
1960,1961.0,318319948,1,0,0.0,9.733441641382736
1960,1961.0,318319950,0,0,0.0,7.892130410930252
1960,1961.0,344715428,0,1,11.0,9.42716038932454
1960,1961.0,459095577,3,0,0.0,0.0
1960,1961.0,459095593,2,1,54.0,0.0
1960,1961.0,5672981203,2,0,0.0,0.0
1960,1961.0,6734642660,0,0,0.0,16.416213656663896
1960,1961.0,728359174,1,0,0.0,0.0
1960,1961.0,931498932,0,2,80.0,3.5941282807383677
1960,1961.0,cluster_12485993451_12485993457_444743027_999091207,4,2,18.0,1.971229573904015
1960,1961.0,cluster_12485993454_12485993455_12485993456_12485993458_#4more,2,4,42.0,1.716725687325469
1960,1961.0,cluster_12497859354_12497859355,0,0,0.0,0.0
1960,1961.0,cluster_1846673394_455570130,0,0,0.0,14.764035475937115
1960,1961.0,cluster_1933957591_1944596256_1944596258_500010840,2,1,20.0,5.82613088561599
1960,1961.0,cluster_286141464_317863064,0,0,0.0,12.705553324159869
1960,1961.0,cluster_317864209_317864212,0,5,37.0,1.0773284302685684
1960,1961.0,cluster_318319949_3665705327,0,2,49.0,5.468214178436125
1960,1961.0,cluster_444929591_444929853,6,2,37.0,0.010305125124717764
1960,1961.0,cluster_453491193_453491196,0,1,2.0,8.089733899597858
1960,1961.0,joinedS_3056282982_cluster_500010834_500010835_500010836_500010837,2,1,0.0,10.470799763173035
1960,1961.0,joinedS_4159783704_4159783713,2,4,759.0,0.0
1970,1971.0,317267021,2,0,0.0,11.335959299560635
1970,1971.0,318319948,2,1,2.0,4.987891643807527
1970,1971.0,318319950,2,1,4.0,0.0002090093776714281
1970,1971.0,344715428,0,1,21.0,8.929117397881468
1970,1971.0,459095577,4,0,0.0,0.0
1970,1971.0,459095593,0,0,0.0,7.744961852478969
1970,1971.0,5672981203,2,0,0.0,0.0
1970,1971.0,6734642660,0,0,0.0,0.0
1970,1971.0,728359174,3,0,0.0,0.0
1970,1971.0,931498932,2,1,4.0,0.0
1970,1971.0,cluster_12485993451_12485993457_444743027_999091207,0,3,7.0,3.7716634714567
1970,1971.0,cluster_12485993454_12485993455_12485993456_12485993458_#4more,4,3,60.0,0.0
1970,1971.0,cluster_12497859354_12497859355,0,0,0.0,23.430239679455074
1970,1971.0,cluster_1846673394_455570130,0,0,0.0,0.0
1970,1971.0,cluster_1933957591_1944596256_1944596258_500010840,2,2,34.0,4.117056957141897
1970,1971.0,cluster_286141464_317863064,2,3,4.0,5.395920214258472
1970,1971.0,cluster_317864209_317864212,0,11,122.0,0.004480356342089473
1970,1971.0,cluster_318319949_3665705327,2,0,0.0,0.0
1970,1971.0,cluster_444929591_444929853,0,0,0.0,13.9269043075884
1970,1971.0,cluster_453491193_453491196,2,0,0.0,13.77580505580664
1970,1971.0,joinedS_3056282982_cluster_500010834_500010835_500010836_500010837,0,1,2.0,2.2145456633697003
1970,1971.0,joinedS_4159783704_4159783713,4,5,802.0,0.0
1980,1981.0,317267021,0,0,0.0,15.31608400538425
1980,1981.0,318319948,0,0,0.0,1.4482817951124163
1980,1981.0,318319950,0,0,0.0,16.198253857279198
1980,1981.0,344715428,0,1,31.0,0.0
1980,1981.0,459095577,6,1,1.0,0.0285093240045588
1980,1981.0,459095593,1,0,0.0,0.0
1980,1981.0,5672981203,0,0,0.0,0.0
1980,1981.0,6734642660,0,0,0.0,8.873906212626027
1980,1981.0,728359174,0,0,0.0,0.0
1980,1981.0,931498932,0,0,0.0,0.0
1980,1981.0,cluster_12485993451_12485993457_444743027_999091207,2,5,47.0,0.008719876685178915
1980,1981.0,cluster_12485993454_12485993455_12485993456_12485993458_#4more,6,4,91.0,4.473487716574217
1980,1981.0,cluster_12497859354_12497859355,2,1,1.0,0.9152196597493925
1980,1981.0,cluster_1846673394_455570130,0,0,0.0,0.0
1980,1981.0,cluster_1933957591_1944596256_1944596258_500010840,2,3,61.0,8.18114478875797e-05
1980,1981.0,cluster_286141464_317863064,0,4,29.0,2.8780393285458863
1980,1981.0,cluster_317864209_317864212,0,4,105.0,1.2013586656293789
1980,1981.0,cluster_318319949_3665705327,0,0,0.0,15.533089451351174
1980,1981.0,cluster_444929591_444929853,2,0,0.0,10.683754115809418
1980,1981.0,cluster_453491193_453491196,2,1,5.0,0.0005162579003866146
1980,1981.0,joinedS_3056282982_cluster_500010834_500010835_500010836_500010837,2,2,21.0,4.97749519002481
1980,1981.0,joinedS_4159783704_4159783713,0,6,861.0,0.0
1990,1991.0,317267021,2,0,0.0,0.0
1990,1991.0,318319948,2,0,0.0,14.75732525303253
1990,1991.0,318319950,0,1,2.0,11.777261345125334
1990,1991.0,344715428,2,0,0.0,0.0
1990,1991.0,459095577,0,0,0.0,0.0
1990,1991.0,459095593,2,0,0.0,10.3581637614413
1990,1991.0,5672981203,2,0,0.0,12.0466026507318
1990,1991.0,6734642660,0,0,0.0,0.0
1990,1991.0,728359174,2,0,0.0,0.0
1990,1991.0,931498932,2,0,0.0,12.058828458515924
1990,1991.0,cluster_12485993451_12485993457_444743027_999091207,4,3,51.0,0.5318644460009656
1990,1991.0,cluster_12485993454_12485993455_12485993456_12485993458_#4more,0,1,5.0,3.636122346879773
1990,1991.0,cluster_12497859354_12497859355,0,0,0.0,1.1515267719742184
1990,1991.0,cluster_1846673394_455570130,0,0,0.0,0.0
1990,1991.0,cluster_1933957591_1944596256_1944596258_500010840,0,0,0.0,16.41702783136729
1990,1991.0,cluster_286141464_317863064,2,0,0.0,2.5915813012693123
1990,1991.0,cluster_317864209_317864212,0,8,152.0,0.047361937771584726
1990,1991.0,cluster_318319949_3665705327,2,0,0.0,12.981776038283613
1990,1991.0,cluster_444929591_444929853,4,0,0.0,12.1082197061301
1990,1991.0,cluster_453491193_453491196,2,1,15.0,8.163455768874847
1990,1991.0,joinedS_3056282982_cluster_500010834_500010835_500010836_500010837,0,1,19.0,8.883952234202997
1990,1991.0,joinedS_4159783704_4159783713,0,6,921.0,0.0
2000,2001.0,317267021,2,0,0.0,0.0
2000,2001.0,318319948,0,0,0.0,7.861806456976739
2000,2001.0,318319950,0,1,12.0,7.234904231088605
2000,2001.0,344715428,0,0,0.0,13.437581592248751
2000,2001.0,459095577,2,0,0.0,0.0
2000,2001.0,459095593,0,0,0.0,0.0
2000,2001.0,5672981203,0,0,0.0,0.0
2000,2001.0,6734642660,0,0,0.0,0.0
2000,2001.0,728359174,0,0,0.0,16.079830615948886
2000,2001.0,931498932,0,0,0.0,0.0
2000,2001.0,cluster_12485993451_12485993457_444743027_999091207,0,0,0.0,8.175530710964969
2000,2001.0,cluster_12485993454_12485993455_12485993456_12485993458_#4more,1,2,17.0,7.862204131500662
2000,2001.0,cluster_12497859354_12497859355,0,0,0.0,0.0
2000,2001.0,cluster_1846673394_455570130,0,0,0.0,0.9592985845471771
2000,2001.0,cluster_1933957591_1944596256_1944596258_500010840,0,0,0.0,9.30766264255321
2000,2001.0,cluster_286141464_317863064,2,1,8.0,7.36386888614045
2000,2001.0,cluster_317864209_317864212,1,11,258.0,1.3476937979121049
2000,2001.0,cluster_318319949_3665705327,0,0,0.0,14.49604357038183
2000,2001.0,cluster_444929591_444929853,6,0,0.0,9.270814418164493
2000,2001.0,cluster_453491193_453491196,2,1,25.0,4.1297386688358735
2000,2001.0,joinedS_3056282982_cluster_500010834_500010835_500010836_500010837,0,0,0.0,16.387586185457188
2000,2001.0,joinedS_4159783704_4159783713,1,6,981.0,0.0
2010,2011.0,317267021,2,0,0.0,10.972389230641785
2010,2011.0,318319948,0,2,14.0,8.826761509618354
2010,2011.0,318319950,0,1,22.0,7.181450364781198
2010,2011.0,344715428,2,0,0.0,16.299753485834227
2010,2011.0,459095577,4,0,0.0,0.0
2010,2011.0,459095593,2,0,0.0,0.0
2010,2011.0,5672981203,2,0,0.0,0.0
2010,2011.0,6734642660,0,0,0.0,0.0
2010,2011.0,728359174,2,1,0.0,16.67
2010,2011.0,931498932,2,0,0.0,0.0
2010,2011.0,cluster_12485993451_12485993457_444743027_999091207,0,2,14.0,4.188663930297221
2010,2011.0,cluster_12485993454_12485993455_12485993456_12485993458_#4more,2,2,16.0,0.0
2010,2011.0,cluster_12497859354_12497859355,2,0,0.0,23.213148248071278
2010,2011.0,cluster_1846673394_455570130,0,0,0.0,0.0
2010,2011.0,cluster_1933957591_1944596256_1944596258_500010840,2,0,0.0,13.894678681518322
2010,2011.0,cluster_286141464_317863064,2,3,33.0,0.0
2010,2011.0,cluster_317864209_317864212,3,11,197.0,1.559027387656181e-05
2010,2011.0,cluster_318319949_3665705327,2,1,1.0,0.016189201295535405
2010,2011.0,cluster_444929591_444929853,6,1,9.0,2.641341875758675
2010,2011.0,cluster_453491193_453491196,2,3,51.0,3.9424030987337275
2010,2011.0,joinedS_3056282982_cluster_500010834_500010835_500010836_500010837,0,0,0.0,0.0
2010,2011.0,joinedS_4159783704_4159783713,3,4,959.0,0.0
2020,2021.0,317267021,2,1,7.0,7.6277267296403615
2020,2021.0,318319948,0,2,34.0,8.26810259400463
2020,2021.0,318319950,0,1,32.0,9.188704054815789
2020,2021.0,344715428,0,0,0.0,16.653400938427076
2020,2021.0,459095577,6,0,0.0,0.0
2020,2021.0,459095593,3,0,0.0,7.288889945912634
2020,2021.0,5672981203,0,0,0.0,0.0
2020,2021.0,6734642660,0,0,0.0,17.588996094869117
2020,2021.0,728359174,0,1,0.0,16.67
2020,2021.0,931498932,0,0,0.0,0.0
2020,2021.0,cluster_12485993451_12485993457_444743027_999091207,1,3,40.0,2.7273314666683808
2020,2021.0,cluster_12485993454_12485993455_12485993456_12485993458_#4more,3,2,36.0,3.653527032537385
2020,2021.0,cluster_12497859354_12497859355,0,0,0.0,1.6331973289884236
2020,2021.0,cluster_1846673394_455570130,0,0,0.0,16.86307175911419
2020,2021.0,cluster_1933957591_1944596256_1944596258_500010840,0,0,0.0,17.441096257494856
2020,2021.0,cluster_286141464_317863064,0,0,0.0,9.589253012706349
2020,2021.0,cluster_317864209_317864212,5,11,307.0,0.0
2020,2021.0,cluster_318319949_3665705327,2,1,2.0,0.01597944970303951
2020,2021.0,cluster_444929591_444929853,6,2,27.0,0.0
2020,2021.0,cluster_453491193_453491196,2,3,81.0,0.0
2020,2021.0,joinedS_3056282982_cluster_500010834_500010835_500010836_500010837,0,0,0.0,0.0
2020,2021.0,joinedS_4159783704_4159783713,5,4,999.0,0.0
2030,2031.0,317267021,2,1,17.0,0.1549773327584344
2030,2031.0,318319948,0,4,66.0,2.6201790497785704
2030,2031.0,318319950,2,1,1.0,0.008612188598769652
2030,2031.0,344715428,1,0,0.0,16.239309960418645
2030,2031.0,459095577,0,0,0.0,0.0
2030,2031.0,459095593,1,0,0.0,0.0
2030,2031.0,5672981203,0,0,0.0,0.0
2030,2031.0,6734642660,0,0,0.0,0.0
2030,2031.0,728359174,2,0,0.0,4.0738046561367804
2030,2031.0,931498932,0,0,0.0,0.0
2030,2031.0,cluster_12485993451_12485993457_444743027_999091207,3,4,77.0,0.0
2030,2031.0,cluster_12485993454_12485993455_12485993456_12485993458_#4more,5,1,32.0,0.0
2030,2031.0,cluster_12497859354_12497859355,0,0,0.0,0.0
2030,2031.0,cluster_1846673394_455570130,0,0,0.0,0.0
2030,2031.0,cluster_1933957591_1944596256_1944596258_500010840,2,0,0.0,6.6322326380199055
2030,2031.0,cluster_286141464_317863064,2,0,0.0,0.0
2030,2031.0,cluster_317864209_317864212,1,10,370.0,0.00016772600263907465
2030,2031.0,cluster_318319949_3665705327,0,0,0.0,7.585175885842182
2030,2031.0,cluster_444929591_444929853,6,2,47.0,3.044208715568551
2030,2031.0,cluster_453491193_453491196,0,0,0.0,14.988642697377646
2030,2031.0,joinedS_3056282982_cluster_500010834_500010835_500010836_500010837,0,1,2.0,7.910166981241935
2030,2031.0,joinedS_4159783704_4159783713,0,4,1039.0,0.0
2040,2041.0,317267021,2,3,38.0,3.217483246423035
2040,2041.0,318319948,0,4,106.0,2.9249477070192427
2040,2041.0,318319950,0,0,0.0,14.938156633223155
2040,2041.0,344715428,3,0,0.0,7.56892894852728
2040,2041.0,459095577,2,0,0.0,12.399326358504549
2040,2041.0,459095593,2,0,0.0,10.311609109720024
2040,2041.0,5672981203,0,0,0.0,0.0
2040,2041.0,6734642660,0,0,0.0,0.0
2040,2041.0,728359174,2,1,0.0,16.45874543896148
2040,2041.0,931498932,0,0,0.0,0.40991075917300634
2040,2041.0,cluster_12485993451_12485993457_444743027_999091207,5,0,0.0,0.12844084131727782
2040,2041.0,cluster_12485993454_12485993455_12485993456_12485993458_#4more,7,1,42.0,4.223622021706964
2040,2041.0,cluster_12497859354_12497859355,2,0,0.0,0.6810460122155284
2040,2041.0,cluster_1846673394_455570130,0,0,0.0,0.0
2040,2041.0,cluster_1933957591_1944596256_1944596258_500010840,2,1,10.0,5.338268482628299
2040,2041.0,cluster_286141464_317863064,0,0,0.0,11.679801112522513
2040,2041.0,cluster_317864209_317864212,2,9,428.0,1.4285145481514339
2040,2041.0,cluster_318319949_3665705327,2,1,1.0,10.826977188182957
2040,2041.0,cluster_444929591_444929853,6,3,75.0,5.081092839273695
2040,2041.0,cluster_453491193_453491196,2,0,0.0,12.077266852155587
2040,2041.0,joinedS_3056282982_cluster_500010834_500010835_500010836_500010837,0,1,12.0,7.962867546126497
2040,2041.0,joinedS_4159783704_4159783713,2,4,1079.0,0.0
2050,2051.0,317267021,0,1,6.0,0.0
2050,2051.0,318319948,2,0,0.0,1.94837243523027
2050,2051.0,318319950,2,0,0.0,0.0
2050,2051.0,344715428,1,0,0.0,2.486233513254785
2050,2051.0,459095577,4,0,0.0,1.506077898018667
2050,2051.0,459095593,0,0,0.0,14.487800619907606
2050,2051.0,5672981203,0,0,0.0,15.111846193671221
2050,2051.0,6734642660,0,0,0.0,0.0
2050,2051.0,728359174,2,1,0.0,16.67
2050,2051.0,931498932,0,1,9.0,0.0
2050,2051.0,cluster_12485993451_12485993457_444743027_999091207,1,1,4.0,6.400636680187628
2050,2051.0,cluster_12485993454_12485993455_12485993456_12485993458_#4more,1,1,9.0,5.756190515728666
2050,2051.0,cluster_12497859354_12497859355,0,0,0.0,21.305914404630283
2050,2051.0,cluster_1846673394_455570130,0,0,0.0,0.0
2050,2051.0,cluster_1933957591_1944596256_1944596258_500010840,2,2,28.0,7.306506023243821
2050,2051.0,cluster_286141464_317863064,0,0,0.0,16.38392904892564
2050,2051.0,cluster_317864209_317864212,4,10,525.0,3.687896374552284
2050,2051.0,cluster_318319949_3665705327,0,0,0.0,6.9984515504394516
2050,2051.0,cluster_444929591_444929853,6,4,112.0,6.587028552043062
2050,2051.0,cluster_453491193_453491196,0,0,0.0,0.0
2050,2051.0,joinedS_3056282982_cluster_500010834_500010835_500010836_500010837,2,0,0.0,9.202606545543969
2050,2051.0,joinedS_4159783704_4159783713,4,4,1119.0,0.0
2060,2061.0,317267021,2,2,6.0,0.002525304341314424
2060,2061.0,318319948,0,1,5.0,0.0
2060,2061.0,318319950,0,0,0.0,0.0
2060,2061.0,344715428,3,0,0.0,0.0
2060,2061.0,459095577,6,1,8.0,0.0
2060,2061.0,459095593,2,0,0.0,0.0
2060,2061.0,5672981203,2,0,0.0,0.0
2060,2061.0,6734642660,0,0,0.0,0.0
2060,2061.0,728359174,2,1,0.0,16.67
2060,2061.0,931498932,0,3,25.0,0.0
2060,2061.0,cluster_12485993451_12485993457_444743027_999091207,2,5,36.0,2.690129174045154
2060,2061.0,cluster_12485993454_12485993455_12485993456_12485993458_#4more,2,2,25.0,9.441036087806646
2060,2061.0,cluster_12497859354_12497859355,0,0,0.0,0.0
2060,2061.0,cluster_1846673394_455570130,0,0,0.0,7.924584372505805
2060,2061.0,cluster_1933957591_1944596256_1944596258_500010840,0,0,0.0,8.304656070666887
2060,2061.0,cluster_286141464_317863064,0,0,0.0,13.791070304851786
2060,2061.0,cluster_317864209_317864212,0,5,282.0,1.6691778886931397
2060,2061.0,cluster_318319949_3665705327,2,0,0.0,14.327582755164904
2060,2061.0,cluster_444929591_444929853,0,2,107.0,9.802068783090704
2060,2061.0,cluster_453491193_453491196,2,0,0.0,0.0
2060,2061.0,joinedS_3056282982_cluster_500010834_500010835_500010836_500010837,0,0,0.0,0.0
2060,2061.0,joinedS_4159783704_4159783713,0,1,262.0,0.9831108837242406
2070,2071.0,317267021,3,2,26.0,0.7438060563741149
2070,2071.0,318319948,2,0,0.0,0.0
2070,2071.0,318319950,2,0,0.0,0.0
2070,2071.0,344715428,0,0,0.0,13.368451418891127
2070,2071.0,459095577,0,0,0.0,0.0
2070,2071.0,459095593,0,0,0.0,15.33022464570368
2070,2071.0,5672981203,0,0,0.0,0.0
2070,2071.0,6734642660,0,0,0.0,3.0586656778352337
2070,2071.0,728359174,2,0,0.0,1.8899905344544086
2070,2071.0,931498932,0,3,55.0,3.3820473922532965
2070,2071.0,cluster_12485993451_12485993457_444743027_999091207,4,0,0.0,1.8363817299765275
2070,2071.0,cluster_12485993454_12485993455_12485993456_12485993458_#4more,3,3,51.0,3.3786043484286314
2070,2071.0,cluster_12497859354_12497859355,2,0,0.0,0.0
2070,2071.0,cluster_1846673394_455570130,0,0,0.0,11.484885281864816
2070,2071.0,cluster_1933957591_1944596256_1944596258_500010840,1,0,0.0,12.692826073922213
2070,2071.0,cluster_286141464_317863064,0,0,0.0,15.58459639479406
2070,2071.0,cluster_317864209_317864212,0,6,44.0,1.7438438588635017
2070,2071.0,cluster_318319949_3665705327,0,0,0.0,12.688603693823715
2070,2071.0,cluster_444929591_444929853,2,3,131.0,4.5979001669046395
2070,2071.0,cluster_453491193_453491196,0,0,0.0,11.047905845800413
2070,2071.0,joinedS_3056282982_cluster_500010834_500010835_500010836_500010837,2,0,0.0,0.0
2070,2071.0,joinedS_4159783704_4159783713,1,2,273.0,0.5203477711903497
2080,2081.0,317267021,1,0,0.0,2.383597620851397
2080,2081.0,318319948,0,0,0.0,14.52575850567587
2080,2081.0,318319950,2,0,0.0,13.738667167412505
2080,2081.0,344715428,2,0,0.0,16.48705910447054
2080,2081.0,459095577,0,0,0.0,0.0
2080,2081.0,459095593,2,0,0.0,0.0
2080,2081.0,5672981203,2,0,0.0,0.0
2080,2081.0,6734642660,0,0,0.0,0.0
2080,2081.0,728359174,0,2,15.0,7.4373611905361e-05
2080,2081.0,931498932,2,0,0.0,1.8040785139625561
2080,2081.0,cluster_12485993451_12485993457_444743027_999091207,5,2,16.0,1.038064441090448
2080,2081.0,cluster_12485993454_12485993455_12485993456_12485993458_#4more,4,4,49.0,2.623420876826875
2080,2081.0,cluster_12497859354_12497859355,0,0,0.0,0.0
2080,2081.0,cluster_1846673394_455570130,0,0,0.0,0.0
2080,2081.0,cluster_1933957591_1944596256_1944596258_500010840,2,1,3.0,0.001675887442848657
2080,2081.0,cluster_286141464_317863064,0,0,0.0,15.60976315788704
2080,2081.0,cluster_317864209_317864212,0,12,142.0,2.4785005145833456
2080,2081.0,cluster_318319949_3665705327,0,2,10.0,0.000380399501774945
2080,2081.0,cluster_444929591_444929853,4,0,0.0,5.1718072836882065
2080,2081.0,cluster_453491193_453491196,2,0,0.0,17.59927873259881
2080,2081.0,joinedS_3056282982_cluster_500010834_500010835_500010836_500010837,0,1,6.0,0.0
2080,2081.0,joinedS_4159783704_4159783713,3,3,26.0,0.0
2090,2091.0,317267021,3,1,1.0,0.2475002785426296
2090,2091.0,318319948,0,0,0.0,10.195652796213292
2090,2091.0,318319950,2,3,12.0,0.0021007200140130628
2090,2091.0,344715428,2,0,0.0,16.151435817060992
2090,2091.0,459095577,0,0,0.0,0.0
2090,2091.0,459095593,0,0,0.0,7.198207371140057
2090,2091.0,5672981203,0,0,0.0,0.0
2090,2091.0,6734642660,0,0,0.0,0.0
2090,2091.0,728359174,2,0,0.0,2.1868923460301493
2090,2091.0,931498932,0,0,0.0,0.0
2090,2091.0,cluster_12485993451_12485993457_444743027_999091207,1,4,18.0,0.024279373194987196
2090,2091.0,cluster_12485993454_12485993455_12485993456_12485993458_#4more,6,3,60.0,0.7038719813805073
2090,2091.0,cluster_12497859354_12497859355,0,0,0.0,22.261741177486826
2090,2091.0,cluster_1846673394_455570130,0,0,0.0,0.0
2090,2091.0,cluster_1933957591_1944596256_1944596258_500010840,0,0,0.0,11.796784947933805
2090,2091.0,cluster_286141464_317863064,0,2,5.0,4.8471010252582865
2090,2091.0,cluster_317864209_317864212,0,12,240.0,1.3219359406443554
2090,2091.0,cluster_318319949_3665705327,0,2,30.0,0.0
2090,2091.0,cluster_444929591_444929853,6,1,3.0,9.297065112660821
2090,2091.0,cluster_453491193_453491196,2,1,5.0,5.213568682288963
2090,2091.0,joinedS_3056282982_cluster_500010834_500010835_500010836_500010837,2,0,0.0,0.0
2090,2091.0,joinedS_4159783704_4159783713,4,4,66.0,0.0
2100,2101.0,317267021,1,1,2.0,0.009239796337578703
2100,2101.0,318319948,0,1,8.0,0.0
2100,2101.0,318319950,2,4,43.0,0.02389989127329144
2100,2101.0,344715428,2,1,3.0,0.007435004384389942
2100,2101.0,459095577,0,0,0.0,0.0
2100,2101.0,459095593,0,0,0.0,0.0
2100,2101.0,5672981203,2,0,0.0,0.0
2100,2101.0,6734642660,0,0,0.0,0.0
2100,2101.0,728359174,0,1,0.0,16.67
2100,2101.0,931498932,0,0,0.0,3.675532277628916
2100,2101.0,cluster_12485993451_12485993457_444743027_999091207,3,4,58.0,1.524395403044381
2100,2101.0,cluster_12485993454_12485993455_12485993456_12485993458_#4more,0,0,0.0,0.9370119793340563
2100,2101.0,cluster_12497859354_12497859355,2,1,3.0,0.007137838290940923
2100,2101.0,cluster_1846673394_455570130,0,0,0.0,10.27801958744414
2100,2101.0,cluster_1933957591_1944596256_1944596258_500010840,1,1,8.0,7.956361751782668
2100,2101.0,cluster_286141464_317863064,2,4,15.0,0.0013087079580621631
2100,2101.0,cluster_317864209_317864212,0,8,182.0,0.7144294653379025
2100,2101.0,cluster_318319949_3665705327,0,2,50.0,5.67210180562192
2100,2101.0,cluster_444929591_444929853,0,1,13.0,8.272904791673646
2100,2101.0,cluster_453491193_453491196,2,2,25.0,4.975610943286863
2100,2101.0,joinedS_3056282982_cluster_500010834_500010835_500010836_500010837,3,0,0.0,11.649050941945227
2100,2101.0,joinedS_4159783704_4159783713,4,4,106.0,0.0
2110,2111.0,317267021,2,0,0.0,11.587878634996468
2110,2111.0,318319948,2,0,0.0,0.0
2110,2111.0,318319950,2,4,83.0,2.8078584369038597
2110,2111.0,344715428,2,1,13.0,7.4189553088729765
2110,2111.0,459095577,0,0,0.0,14.73199550020949
2110,2111.0,459095593,0,0,0.0,0.0
2110,2111.0,5672981203,2,0,0.0,16.51689410114661
2110,2111.0,6734642660,0,0,0.0,0.0
2110,2111.0,728359174,2,1,0.0,16.67
2110,2111.0,931498932,0,2,15.0,4.080069116716328
2110,2111.0,cluster_12485993451_12485993457_444743027_999091207,4,0,0.0,4.67680886756706
2110,2111.0,cluster_12485993454_12485993455_12485993456_12485993458_#4more,1,0,0.0,0.0
2110,2111.0,cluster_12497859354_12497859355,0,0,0.0,0.0
2110,2111.0,cluster_1846673394_455570130,0,0,0.0,15.195457461107287
2110,2111.0,cluster_1933957591_1944596256_1944596258_500010840,3,2,5.0,7.577245186082024
2110,2111.0,cluster_286141464_317863064,0,4,45.0,3.2246511901598423
2110,2111.0,cluster_317864209_317864212,1,14,292.0,0.0022498198522607833
2110,2111.0,cluster_318319949_3665705327,0,2,70.0,5.456575682926713
2110,2111.0,cluster_444929591_444929853,2,2,25.0,0.0018318968292468526
2110,2111.0,cluster_453491193_453491196,2,3,54.0,1.2938157321519594
2110,2111.0,joinedS_3056282982_cluster_500010834_500010835_500010836_500010837,0,1,6.0,11.557637044274497
2110,2111.0,joinedS_4159783704_4159783713,4,4,146.0,0.04598604385644704
2120,2121.0,317267021,0,0,0.0,0.0
2120,2121.0,318319948,0,0,0.0,16.44382106384895
2120,2121.0,318319950,0,0,0.0,0.29977686522318314
2120,2121.0,344715428,2,2,29.0,8.322324004333037
2120,2121.0,459095577,2,0,0.0,0.0
2120,2121.0,459095593,0,0,0.0,18.104633681829583
2120,2121.0,5672981203,2,1,4.0,0.0006491088323337499
2120,2121.0,6734642660,0,0,0.0,0.0
2120,2121.0,728359174,0,1,2.0,0.002572789421546952
2120,2121.0,931498932,0,5,52.0,1.5450602119310968
2120,2121.0,cluster_12485993451_12485993457_444743027_999091207,0,1,2.0,8.315638438867964
2120,2121.0,cluster_12485993454_12485993455_12485993456_12485993458_#4more,2,0,0.0,5.2504838894587005
2120,2121.0,cluster_12497859354_12497859355,0,0,0.0,22.560807981961357
2120,2121.0,cluster_1846673394_455570130,0,0,0.0,0.0
2120,2121.0,cluster_1933957591_1944596256_1944596258_500010840,1,1,6.0,9.387129512023352
2120,2121.0,cluster_286141464_317863064,2,0,0.0,7.051208882052075
2120,2121.0,cluster_317864209_317864212,2,8,134.0,0.651812176034791
2120,2121.0,cluster_318319949_3665705327,2,0,0.0,19.10485162193849
2120,2121.0,cluster_444929591_444929853,3,2,45.0,0.6536070269634143
2120,2121.0,cluster_453491193_453491196,2,4,93.0,0.0
2120,2121.0,joinedS_3056282982_cluster_500010834_500010835_500010836_500010837,2,1,4.0,10.293381650360544
2120,2121.0,joinedS_4159783704_4159783713,0,2,50.0,0.9510089157638957
2130,2131.0,317267021,2,0,0.0,0.0
2130,2131.0,318319948,2,0,0.0,0.0
2130,2131.0,318319950,2,1,8.0,0.0
2130,2131.0,344715428,2,2,49.0,8.74347920858538
2130,2131.0,459095577,4,1,4.0,0.00028706372773969576
2130,2131.0,459095593,0,0,0.0,0.0
2130,2131.0,5672981203,0,0,0.0,0.0
2130,2131.0,6734642660,0,0,0.0,0.0
2130,2131.0,728359174,0,1,12.0,6.227041823088133
2130,2131.0,931498932,0,6,105.0,0.005363475383984013
2130,2131.0,cluster_12485993451_12485993457_444743027_999091207,1,1,12.0,0.0
2130,2131.0,cluster_12485993454_12485993455_12485993456_12485993458_#4more,3,2,7.0,0.022164685137431635
2130,2131.0,cluster_12497859354_12497859355,2,1,1.0,1.9546949954993362
2130,2131.0,cluster_1846673394_455570130,0,0,0.0,0.0
2130,2131.0,cluster_1933957591_1944596256_1944596258_500010840,3,1,8.0,0.0
2130,2131.0,cluster_286141464_317863064,2,0,0.0,12.655329088100183
2130,2131.0,cluster_317864209_317864212,4,10,229.0,1.137186710550901e-05
2130,2131.0,cluster_318319949_3665705327,0,1,1.0,8.137126392360743
2130,2131.0,cluster_444929591_444929853,4,0,0.0,0.0
2130,2131.0,cluster_453491193_453491196,0,0,0.0,10.463122940019701
2130,2131.0,joinedS_3056282982_cluster_500010834_500010835_500010836_500010837,3,3,23.0,4.042269728715916
2130,2131.0,joinedS_4159783704_4159783713,2,1,50.0,2.0698558361814245
2140,2141.0,317267021,2,0,0.0,0.0
2140,2141.0,318319948,2,0,0.0,0.0
2140,2141.0,318319950,0,0,0.0,0.0
2140,2141.0,344715428,0,0,0.0,13.358118789673734
2140,2141.0,459095577,6,1,14.0,0.0
2140,2141.0,459095593,0,0,0.0,0.0
2140,2141.0,5672981203,2,0,0.0,0.0
2140,2141.0,6734642660,0,0,0.0,0.0
2140,2141.0,728359174,0,2,28.0,0.0
2140,2141.0,931498932,0,6,165.0,4.775216859077602e-05
2140,2141.0,cluster_12485993451_12485993457_444743027_999091207,3,1,22.0,0.0
2140,2141.0,cluster_12485993454_12485993455_12485993456_12485993458_#4more,4,4,34.0,0.0007002369333004134
2140,2141.0,cluster_12497859354_12497859355,0,1,9.0,0.0
2140,2141.0,cluster_1846673394_455570130,0,0,0.0,0.0
2140,2141.0,cluster_1933957591_1944596256_1944596258_500010840,0,0,0.0,16.49563759984975
2140,2141.0,cluster_286141464_317863064,2,4,13.0,2.698310377495201
2140,2141.0,cluster_317864209_317864212,0,6,187.0,0.22470340887415097
2140,2141.0,cluster_318319949_3665705327,2,0,0.0,10.929031517828045
2140,2141.0,cluster_444929591_444929853,6,0,0.0,5.275944326492026
2140,2141.0,cluster_453491193_453491196,2,0,0.0,16.79351496831753
2140,2141.0,joinedS_3056282982_cluster_500010834_500010835_500010836_500010837,1,0,0.0,13.936896742322423
2140,2141.0,joinedS_4159783704_4159783713,4,5,91.0,0.00019055940451019075
2150,2151.0,317267021,2,0,0.0,0.0
2150,2151.0,318319948,0,0,0.0,14.993876807519538
2150,2151.0,318319950,2,0,0.0,15.491515258963616
2150,2151.0,344715428,2,1,1.0,5.542882476737103
2150,2151.0,459095577,0,0,0.0,0.5494030440715625
2150,2151.0,459095593,2,0,0.0,0.0
2150,2151.0,5672981203,0,0,0.0,0.0
2150,2151.0,6734642660,0,0,0.0,0.0
2150,2151.0,728359174,0,2,48.0,2.088044744092879
2150,2151.0,931498932,2,0,0.0,4.90136686742764
2150,2151.0,cluster_12485993451_12485993457_444743027_999091207,5,0,0.0,0.0
2150,2151.0,cluster_12485993454_12485993455_12485993456_12485993458_#4more,6,2,34.0,7.339555757109741
2150,2151.0,cluster_12497859354_12497859355,0,0,0.0,0.0
2150,2151.0,cluster_1846673394_455570130,0,0,0.0,8.757152532812949
2150,2151.0,cluster_1933957591_1944596256_1944596258_500010840,2,0,0.0,0.0
2150,2151.0,cluster_286141464_317863064,2,4,47.0,5.313941362017271
2150,2151.0,cluster_317864209_317864212,0,1,25.0,2.8163063154098658
2150,2151.0,cluster_318319949_3665705327,2,1,9.0,9.927295876974071
2150,2151.0,cluster_444929591_444929853,0,0,0.0,15.411935162581502
2150,2151.0,cluster_453491193_453491196,3,1,1.0,1.1707133759457409
2150,2151.0,joinedS_3056282982_cluster_500010834_500010835_500010836_500010837,2,0,0.0,15.7218570454461
2150,2151.0,joinedS_4159783704_4159783713,4,5,141.0,0.0
2160,2161.0,317267021,2,0,0.0,16.043699997827957
2160,2161.0,318319948,2,0,0.0,15.919783802365334
2160,2161.0,318319950,0,0,0.0,12.421542003151291
2160,2161.0,344715428,0,0,0.0,13.830950648528042
2160,2161.0,459095577,2,1,10.0,0.0
2160,2161.0,459095593,0,0,0.0,16.6174255705101
2160,2161.0,5672981203,2,0,0.0,0.0
2160,2161.0,6734642660,0,0,0.0,0.0
2160,2161.0,728359174,0,3,76.0,2.7367206421629495
2160,2161.0,931498932,3,0,0.0,9.859220765938003
2160,2161.0,cluster_12485993451_12485993457_444743027_999091207,0,2,7.0,0.027953380399224497
2160,2161.0,cluster_12485993454_12485993455_12485993456_12485993458_#4more,0,1,3.0,0.0041046401732031884
2160,2161.0,cluster_12497859354_12497859355,2,0,0.0,16.606964696832
2160,2161.0,cluster_1846673394_455570130,0,0,0.0,9.040585730935186
2160,2161.0,cluster_1933957591_1944596256_1944596258_500010840,0,0,0.0,12.113223783022583
2160,2161.0,cluster_286141464_317863064,2,6,100.0,4.157313421012155
2160,2161.0,cluster_317864209_317864212,0,7,66.0,1.6795009808367802
2160,2161.0,cluster_318319949_3665705327,2,2,24.0,0.00016544958321386522
2160,2161.0,cluster_444929591_444929853,2,0,0.0,16.180062865121293
2160,2161.0,cluster_453491193_453491196,1,2,19.0,0.03349874231653284
2160,2161.0,joinedS_3056282982_cluster_500010834_500010835_500010836_500010837,3,1,1.0,11.620950501898761
2160,2161.0,joinedS_4159783704_4159783713,4,5,191.0,0.0
2170,2171.0,317267021,2,1,4.0,1.7587155627346003
2170,2171.0,318319948,0,0,0.0,0.3194041818720651
2170,2171.0,318319950,0,0,0.0,0.0
2170,2171.0,344715428,2,0,0.0,0.0
2170,2171.0,459095577,4,0,0.0,13.999040498409604
2170,2171.0,459095593,2,0,0.0,0.7170882389162752
2170,2171.0,5672981203,0,0,0.0,0.0
2170,2171.0,6734642660,0,0,0.0,0.0
2170,2171.0,728359174,2,0,0.0,3.707259945997485
2170,2171.0,931498932,1,0,0.0,0.0
2170,2171.0,cluster_12485993451_12485993457_444743027_999091207,2,2,27.0,2.7097071067119636
2170,2171.0,cluster_12485993454_12485993455_12485993456_12485993458_#4more,1,1,13.0,0.0
2170,2171.0,cluster_12497859354_12497859355,0,0,0.0,0.0
2170,2171.0,cluster_1846673394_455570130,0,0,0.0,0.0
2170,2171.0,cluster_1933957591_1944596256_1944596258_500010840,2,0,0.0,0.8384194965474308
2170,2171.0,cluster_286141464_317863064,2,8,175.0,0.0
2170,2171.0,cluster_317864209_317864212,0,9,154.0,1.6385024287207053
2170,2171.0,cluster_318319949_3665705327,2,3,45.0,0.010292284992913788
2170,2171.0,cluster_444929591_444929853,4,0,0.0,13.875685922773641
2170,2171.0,cluster_453491193_453491196,3,0,0.0,2.4693744785989815
2170,2171.0,joinedS_3056282982_cluster_500010834_500010835_500010836_500010837,1,0,0.0,12.922392211571665
2170,2171.0,joinedS_4159783704_4159783713,4,5,241.0,0.0
2180,2181.0,317267021,2,2,23.0,0.0
2180,2181.0,318319948,2,0,0.0,16.31414647058584
2180,2181.0,318319950,0,0,0.0,0.0
2180,2181.0,344715428,0,0,0.0,0.0
2180,2181.0,459095577,4,1,6.0,0.0
2180,2181.0,459095593,0,0,0.0,7.18219496582956
2180,2181.0,5672981203,0,0,0.0,0.0
2180,2181.0,6734642660,0,0,0.0,0.0
2180,2181.0,728359174,2,2,7.0,0.0
2180,2181.0,931498932,2,0,0.0,11.84910302935168
2180,2181.0,cluster_12485993451_12485993457_444743027_999091207,4,0,0.0,9.843029283456017
2180,2181.0,cluster_12485993454_12485993455_12485993456_12485993458_#4more,2,1,2.0,3.096117130887659
2180,2181.0,cluster_12497859354_12497859355,0,0,0.0,0.0
2180,2181.0,cluster_1846673394_455570130,0,0,0.0,0.0
2180,2181.0,cluster_1933957591_1944596256_1944596258_500010840,2,0,0.0,8.561595313766603
2180,2181.0,cluster_286141464_317863064,0,0,0.0,7.303935809864181
2180,2181.0,cluster_317864209_317864212,0,3,78.0,1.2356862515205647
2180,2181.0,cluster_318319949_3665705327,2,3,75.0,0.0
2180,2181.0,cluster_444929591_444929853,6,0,0.0,15.655185794813463
2180,2181.0,cluster_453491193_453491196,0,1,8.0,0.0
2180,2181.0,joinedS_3056282982_cluster_500010834_500010835_500010836_500010837,3,1,1.0,9.49976149725997
2180,2181.0,joinedS_4159783704_4159783713,5,5,291.0,0.0
2190,2191.0,317267021,0,1,5.0,8.942550840503868
2190,2191.0,318319948,3,0,0.0,16.978951755598096
2190,2191.0,318319950,0,0,0.0,0.0
2190,2191.0,344715428,0,0,0.0,12.870564203654089
2190,2191.0,459095577,6,1,16.0,0.0
2190,2191.0,459095593,0,1,3.0,8.02295708813692
2190,2191.0,5672981203,0,0,0.0,0.0
2190,2191.0,6734642660,0,0,0.0,0.0
2190,2191.0,728359174,2,2,17.0,0.11215675550314504
2190,2191.0,931498932,0,0,0.0,0.0
2190,2191.0,cluster_12485993451_12485993457_444743027_999091207,0,0,0.0,10.835916869785226
2190,2191.0,cluster_12485993454_12485993455_12485993456_12485993458_#4more,3,2,20.0,0.0
2190,2191.0,cluster_12497859354_12497859355,2,0,0.0,0.0
2190,2191.0,cluster_1846673394_455570130,0,0,0.0,15.106403576489537
2190,2191.0,cluster_1933957591_1944596256_1944596258_500010840,2,1,8.0,6.104488253772033
2190,2191.0,cluster_286141464_317863064,0,1,6.0,3.7712307790261477
2190,2191.0,cluster_317864209_317864212,1,8,113.0,1.3533890816449785
2190,2191.0,cluster_318319949_3665705327,2,3,105.0,6.899436485810507
2190,2191.0,cluster_444929591_444929853,6,1,1.0,10.522550966003696
2190,2191.0,cluster_453491193_453491196,2,0,0.0,0.0
2190,2191.0,joinedS_3056282982_cluster_500010834_500010835_500010836_500010837,0,1,6.0,7.35713889669627
2190,2191.0,joinedS_4159783704_4159783713,1,5,341.0,0.0
2200,2201.0,317267021,2,0,0.0,4.917603916338
2200,2201.0,318319948,1,1,2.0,0.0033575036296688886
2200,2201.0,318319950,0,0,0.0,16.366835351549092
2200,2201.0,344715428,0,1,5.0,0.0009760656280463487
2200,2201.0,459095577,0,0,0.0,0.0
2200,2201.0,459095593,0,1,13.0,0.0
2200,2201.0,5672981203,0,0,0.0,0.0
2200,2201.0,6734642660,0,0,0.0,0.0
2200,2201.0,728359174,0,3,7.0,0.021857565662842776
2200,2201.0,931498932,2,0,0.0,13.08108560507567
2200,2201.0,cluster_12485993451_12485993457_444743027_999091207,0,3,15.0,4.363944692196226
2200,2201.0,cluster_12485993454_12485993455_12485993456_12485993458_#4more,5,2,40.0,1.1128998687553162
2200,2201.0,cluster_12497859354_12497859355,0,0,0.0,20.289812652645622
2200,2201.0,cluster_1846673394_455570130,0,0,0.0,0.0
2200,2201.0,cluster_1933957591_1944596256_1944596258_500010840,2,4,31.0,0.009618981186451736
2200,2201.0,cluster_286141464_317863064,2,0,0.0,12.370449944102832
2200,2201.0,cluster_317864209_317864212,2,8,110.0,2.1152583761087778
2200,2201.0,cluster_318319949_3665705327,0,0,0.0,15.395925237620922
2200,2201.0,cluster_444929591_444929853,6,3,17.0,0.0014531310169925175
2200,2201.0,cluster_453491193_453491196,0,0,0.0,0.0
2200,2201.0,joinedS_3056282982_cluster_500010834_500010835_500010836_500010837,2,0,0.0,0.3649563885220214
2200,2201.0,joinedS_4159783704_4159783713,3,5,391.0,0.0
2210,2211.0,317267021,0,0,0.0,4.084152205048691
2210,2211.0,318319948,2,0,0.0,0.0
2210,2211.0,318319950,0,0,0.0,0.0
2210,2211.0,344715428,0,1,15.0,0.0
2210,2211.0,459095577,2,0,0.0,0.0
2210,2211.0,459095593,0,1,23.0,8.196688001197764
2210,2211.0,5672981203,0,0,0.0,16.432575270654635
2210,2211.0,6734642660,0,0,0.0,14.354149538031288
2210,2211.0,728359174,2,0,0.0,4.4589491089738305
2210,2211.0,931498932,0,0,0.0,6.687483337359705
2210,2211.0,cluster_12485993451_12485993457_444743027_999091207,0,5,58.0,0.04427635191898322
2210,2211.0,cluster_12485993454_12485993455_12485993456_12485993458_#4more,7,4,79.0,2.744645809632182
2210,2211.0,cluster_12497859354_12497859355,0,0,0.0,0.0
2210,2211.0,cluster_1846673394_455570130,0,0,0.0,0.0
2210,2211.0,cluster_1933957591_1944596256_1944596258_500010840,2,4,71.0,2.1628029539100817
2210,2211.0,cluster_286141464_317863064,0,0,0.0,1.3264175335378876
2210,2211.0,cluster_317864209_317864212,4,10,202.0,1.3601138834305396e-05
2210,2211.0,cluster_318319949_3665705327,2,0,0.0,13.962455616241787
2210,2211.0,cluster_444929591_444929853,6,2,36.0,0.08470125632035447
2210,2211.0,cluster_453491193_453491196,2,0,0.0,0.0
2210,2211.0,joinedS_3056282982_cluster_500010834_500010835_500010836_500010837,0,0,0.0,12.26614210562111
2210,2211.0,joinedS_4159783704_4159783713,5,5,441.0,0.0
2220,2221.0,317267021,1,1,9.0,6.74439693186676
2220,2221.0,318319948,0,0,0.0,16.384448843993578
2220,2221.0,318319950,2,0,0.0,0.0
2220,2221.0,344715428,0,1,25.0,0.0
2220,2221.0,459095577,4,0,0.0,0.0
2220,2221.0,459095593,0,1,33.0,2.9743104822635997
2220,2221.0,5672981203,2,0,0.0,17.393746315110413
2220,2221.0,6734642660,0,0,0.0,0.0
2220,2221.0,728359174,2,3,15.0,0.0
2220,2221.0,931498932,2,0,0.0,0.7151897290819416
2220,2221.0,cluster_12485993451_12485993457_444743027_999091207,1,7,120.0,3.325551397227125e-05
2220,2221.0,cluster_12485993454_12485993455_12485993456_12485993458_#4more,0,3,27.0,3.8804818057331256
2220,2221.0,cluster_12497859354_12497859355,2,0,0.0,0.0
2220,2221.0,cluster_1846673394_455570130,0,0,0.0,0.0
2220,2221.0,cluster_1933957591_1944596256_1944596258_500010840,2,7,133.0,2.0497151008434598
2220,2221.0,cluster_286141464_317863064,2,1,1.0,4.446514636385001
2220,2221.0,cluster_317864209_317864212,0,6,138.0,0.9241834309236363
2220,2221.0,cluster_318319949_3665705327,0,0,0.0,17.266671297642443
2220,2221.0,cluster_444929591_444929853,0,2,34.0,3.850080687184167
2220,2221.0,cluster_453491193_453491196,0,0,0.0,9.388691621545265
2220,2221.0,joinedS_3056282982_cluster_500010834_500010835_500010836_500010837,0,0,0.0,13.806382358622667
2220,2221.0,joinedS_4159783704_4159783713,0,5,491.0,0.0
2230,2231.0,317267021,3,1,2.0,0.00344966697865051
2230,2231.0,318319948,2,1,2.0,0.0012933324827805858
2230,2231.0,318319950,0,0,0.0,16.417789052128793
2230,2231.0,344715428,2,0,0.0,2.768561376957223
2230,2231.0,459095577,6,0,0.0,0.0
2230,2231.0,459095593,2,0,0.0,0.0
2230,2231.0,5672981203,0,0,0.0,0.0
2230,2231.0,6734642660,0,0,0.0,0.0
2230,2231.0,728359174,3,2,18.0,0.0
2230,2231.0,931498932,2,0,0.0,0.0
2230,2231.0,cluster_12485993451_12485993457_444743027_999091207,3,8,192.0,0.04256440006340497
2230,2231.0,cluster_12485993454_12485993455_12485993456_12485993458_#4more,2,2,41.0,3.76931615516831
2230,2231.0,cluster_12497859354_12497859355,0,0,0.0,0.0
2230,2231.0,cluster_1846673394_455570130,0,0,0.0,0.0
2230,2231.0,cluster_1933957591_1944596256_1944596258_500010840,0,1,2.0,5.352586162139772
2230,2231.0,cluster_286141464_317863064,0,0,0.0,0.44065605023207943
2230,2231.0,cluster_317864209_317864212,2,4,13.0,1.4098712927162746
2230,2231.0,cluster_318319949_3665705327,2,0,0.0,9.663462539542143
2230,2231.0,cluster_444929591_444929853,2,2,54.0,0.0
2230,2231.0,cluster_453491193_453491196,2,2,10.0,0.0
2230,2231.0,joinedS_3056282982_cluster_500010834_500010835_500010836_500010837,2,0,0.0,14.05909905346984
2230,2231.0,joinedS_4159783704_4159783713,2,5,541.0,0.0
2240,2241.0,317267021,0,0,0.0,13.638812577794301
2240,2241.0,318319948,0,0,0.0,0.0
2240,2241.0,318319950,1,0,0.0,0.0
2240,2241.0,344715428,0,0,0.0,11.085643225628882
2240,2241.0,459095577,0,0,0.0,0.0
2240,2241.0,459095593,0,0,0.0,0.0
2240,2241.0,5672981203,2,0,0.0,0.0
2240,2241.0,6734642660,0,0,0.0,0.0
2240,2241.0,728359174,1,2,7.0,0.004206402440997798
2240,2241.0,931498932,2,0,0.0,5.463768565860231
2240,2241.0,cluster_12485993451_12485993457_444743027_999091207,5,3,6.0,0.0005732630119940156
2240,2241.0,cluster_12485993454_12485993455_12485993456_12485993458_#4more,2,2,45.0,0.0
2240,2241.0,cluster_12497859354_12497859355,0,0,0.0,0.0
2240,2241.0,cluster_1846673394_455570130,0,0,0.0,0.0
2240,2241.0,cluster_1933957591_1944596256_1944596258_500010840,1,1,12.0,3.329550339374188
2240,2241.0,cluster_286141464_317863064,0,1,10.0,9.189183312569302
2240,2241.0,cluster_317864209_317864212,4,9,84.0,1.6584949503991797
2240,2241.0,cluster_318319949_3665705327,2,2,12.0,3.2909561729743793
2240,2241.0,cluster_444929591_444929853,4,0,0.0,6.951989272655448
2240,2241.0,cluster_453491193_453491196,2,0,0.0,5.519910807756192
2240,2241.0,joinedS_3056282982_cluster_500010834_500010835_500010836_500010837,0,0,0.0,2.745834452735096
2240,2241.0,joinedS_4159783704_4159783713,4,5,591.0,0.0
2250,2251.0,317267021,2,0,0.0,0.0
2250,2251.0,318319948,2,0,0.0,0.0
2250,2251.0,318319950,2,0,0.0,2.2874917463672544
2250,2251.0,344715428,2,0,0.0,16.162807979416105
2250,2251.0,459095577,0,0,0.0,0.0
2250,2251.0,459095593,2,0,0.0,7.407794343671247
2250,2251.0,5672981203,0,0,0.0,0.0
2250,2251.0,6734642660,0,0,0.0,0.0
2250,2251.0,728359174,2,0,0.0,0.17230831113286924
2250,2251.0,931498932,2,1,9.0,2.026543761793447
2250,2251.0,cluster_12485993451_12485993457_444743027_999091207,1,3,36.0,0.6430261459123727
2250,2251.0,cluster_12485993454_12485993455_12485993456_12485993458_#4more,2,2,65.0,0.25819920818681236
2250,2251.0,cluster_12497859354_12497859355,2,0,0.0,0.0
2250,2251.0,cluster_1846673394_455570130,0,0,0.0,13.14473660968859
2250,2251.0,cluster_1933957591_1944596256_1944596258_500010840,2,1,6.0,8.591388328248142
2250,2251.0,cluster_286141464_317863064,2,1,4.0,9.741142275562536
2250,2251.0,cluster_317864209_317864212,0,8,135.0,0.16615515348035842
2250,2251.0,cluster_318319949_3665705327,0,0,0.0,0.0
2250,2251.0,cluster_444929591_444929853,4,2,16.0,0.0
2250,2251.0,cluster_453491193_453491196,2,1,8.0,0.0
2250,2251.0,joinedS_3056282982_cluster_500010834_500010835_500010836_500010837,2,0,0.0,12.080059938203565
2250,2251.0,joinedS_4159783704_4159783713,0,5,641.0,0.0
2260,2261.0,317267021,0,0,0.0,0.0
2260,2261.0,318319948,0,0,0.0,0.0
2260,2261.0,318319950,0,0,0.0,0.0
2260,2261.0,344715428,0,0,0.0,16.579345712885264
2260,2261.0,459095577,0,0,0.0,0.0
2260,2261.0,459095593,0,0,0.0,14.09948168423572
2260,2261.0,5672981203,2,0,0.0,0.0
2260,2261.0,6734642660,0,0,0.0,16.466915275836364
2260,2261.0,728359174,0,1,0.0,16.67
2260,2261.0,931498932,2,2,29.0,3.2851986112231857
2260,2261.0,cluster_12485993451_12485993457_444743027_999091207,2,5,81.0,0.0
2260,2261.0,cluster_12485993454_12485993455_12485993456_12485993458_#4more,3,3,94.0,0.0
2260,2261.0,cluster_12497859354_12497859355,0,0,0.0,0.0
2260,2261.0,cluster_1846673394_455570130,0,0,0.0,0.0
2260,2261.0,cluster_1933957591_1944596256_1944596258_500010840,2,5,36.0,0.2396959210445654
2260,2261.0,cluster_286141464_317863064,3,3,24.0,4.488714752969501
2260,2261.0,cluster_317864209_317864212,0,1,15.0,1.8672549589822718
2260,2261.0,cluster_318319949_3665705327,2,0,0.0,0.0
2260,2261.0,cluster_444929591_444929853,4,2,36.0,0.0
2260,2261.0,cluster_453491193_453491196,2,1,18.0,4.483264748625097
2260,2261.0,joinedS_3056282982_cluster_500010834_500010835_500010836_500010837,0,0,0.0,14.69695099766832
2260,2261.0,joinedS_4159783704_4159783713,2,5,691.0,0.0
2270,2271.0,317267021,2,0,0.0,0.0
2270,2271.0,318319948,0,0,0.0,0.0
2270,2271.0,318319950,2,0,0.0,0.34581607567142497
2270,2271.0,344715428,1,0,0.0,0.0
2270,2271.0,459095577,0,0,0.0,0.0
2270,2271.0,459095593,2,0,0.0,4.798105984425638
2270,2271.0,5672981203,2,0,0.0,0.0
2270,2271.0,6734642660,0,0,0.0,0.0
2270,2271.0,728359174,2,1,0.0,16.67
2270,2271.0,931498932,2,3,52.0,0.0019975769208125838
2270,2271.0,cluster_12485993451_12485993457_444743027_999091207,4,0,0.0,2.6084803052820322
2270,2271.0,cluster_12485993454_12485993455_12485993456_12485993458_#4more,5,2,20.0,4.8693308601294545
2270,2271.0,cluster_12497859354_12497859355,0,0,0.0,0.0
2270,2271.0,cluster_1846673394_455570130,0,0,0.0,0.0
2270,2271.0,cluster_1933957591_1944596256_1944596258_500010840,3,2,43.0,4.057396566215901
2270,2271.0,cluster_286141464_317863064,1,1,2.0,9.778900883295155
2270,2271.0,cluster_317864209_317864212,0,6,40.0,1.9700466887285435
2270,2271.0,cluster_318319949_3665705327,0,0,0.0,0.0
2270,2271.0,cluster_444929591_444929853,6,3,57.0,0.007768616576441492
2270,2271.0,cluster_453491193_453491196,2,1,28.0,0.0
2270,2271.0,joinedS_3056282982_cluster_500010834_500010835_500010836_500010837,2,0,0.0,9.616438640968981
2270,2271.0,joinedS_4159783704_4159783713,3,5,741.0,0.0
2280,2281.0,317267021,2,0,0.0,7.895049363567771
2280,2281.0,318319948,0,0,0.0,0.0
2280,2281.0,318319950,0,0,0.0,14.133315641965762
2280,2281.0,344715428,3,0,0.0,1.4895591572858393
2280,2281.0,459095577,0,0,0.0,0.0
2280,2281.0,459095593,2,1,4.0,7.562893351484873
2280,2281.0,5672981203,2,0,0.0,0.0
2280,2281.0,6734642660,0,0,0.0,0.0
2280,2281.0,728359174,0,1,5.0,0.0
2280,2281.0,931498932,0,0,0.0,11.406708917351198
2280,2281.0,cluster_12485993451_12485993457_444743027_999091207,5,0,0.0,0.0
2280,2281.0,cluster_12485993454_12485993455_12485993456_12485993458_#4more,7,4,44.0,0.003278816060936914
2280,2281.0,cluster_12497859354_12497859355,2,0,0.0,14.649579772399457
2280,2281.0,cluster_1846673394_455570130,0,0,0.0,0.0
2280,2281.0,cluster_1933957591_1944596256_1944596258_500010840,1,0,0.0,16.61375817445107
2280,2281.0,cluster_286141464_317863064,3,4,29.0,5.123880919581466
2280,2281.0,cluster_317864209_317864212,0,11,133.0,1.613799046593628
2280,2281.0,cluster_318319949_3665705327,2,0,0.0,0.15822595266958614
2280,2281.0,cluster_444929591_444929853,6,3,87.0,0.8955371336335963
2280,2281.0,cluster_453491193_453491196,2,1,38.0,0.0
2280,2281.0,joinedS_3056282982_cluster_500010834_500010835_500010836_500010837,2,2,14.0,7.269122764333491
2280,2281.0,joinedS_4159783704_4159783713,5,5,791.0,0.0
2290,2291.0,317267021,2,2,16.0,5.5441590371239945e-05
2290,2291.0,318319948,2,0,0.0,15.69546449331093
2290,2291.0,318319950,2,0,0.0,9.460720478997354
2290,2291.0,344715428,1,0,0.0,17.759312693003064
2290,2291.0,459095577,2,1,2.0,0.02888224126310002
2290,2291.0,459095593,0,0,0.0,0.0
2290,2291.0,5672981203,0,0,0.0,0.0
2290,2291.0,6734642660,0,0,0.0,13.839382109223514
2290,2291.0,728359174,2,0,0.0,0.0
2290,2291.0,931498932,1,1,2.0,5.241359978799609
2290,2291.0,cluster_12485993451_12485993457_444743027_999091207,1,0,0.0,0.0
2290,2291.0,cluster_12485993454_12485993455_12485993456_12485993458_#4more,0,1,16.0,4.209614158001906
2290,2291.0,cluster_12497859354_12497859355,0,0,0.0,23.9666866175545
2290,2291.0,cluster_1846673394_455570130,0,0,0.0,20.854860793425686
2290,2291.0,cluster_1933957591_1944596256_1944596258_500010840,2,1,2.0,0.001520130364147397
2290,2291.0,cluster_286141464_317863064,0,1,2.0,8.018687239175268
2290,2291.0,cluster_317864209_317864212,1,13,262.0,8.007919324958055e-06
2290,2291.0,cluster_318319949_3665705327,0,0,0.0,0.0
2290,2291.0,cluster_444929591_444929853,6,5,130.0,2.4569743598487537
2290,2291.0,cluster_453491193_453491196,0,1,2.0,9.23774353653146
2290,2291.0,joinedS_3056282982_cluster_500010834_500010835_500010836_500010837,2,3,35.0,4.036791895296149
2290,2291.0,joinedS_4159783704_4159783713,0,5,841.0,0.0
2300,2301.0,317267021,2,2,36.0,0.0
2300,2301.0,318319948,0,0,0.0,15.743775386029863
2300,2301.0,318319950,0,0,0.0,8.434435256130556
2300,2301.0,344715428,3,0,0.0,16.98511812362956
2300,2301.0,459095577,4,0,0.0,0.0
2300,2301.0,459095593,2,0,0.0,0.0
2300,2301.0,5672981203,2,0,0.0,0.0
2300,2301.0,6734642660,0,0,0.0,0.0
2300,2301.0,728359174,0,0,0.0,6.174904430455672
2300,2301.0,931498932,3,1,3.0,0.0
2300,2301.0,cluster_12485993451_12485993457_444743027_999091207,3,2,9.0,4.803240046836721
2300,2301.0,cluster_12485993454_12485993455_12485993456_12485993458_#4more,1,3,41.0,4.1505540117525275
2300,2301.0,cluster_12497859354_12497859355,0,0,0.0,0.0
2300,2301.0,cluster_1846673394_455570130,0,0,0.0,0.0
2300,2301.0,cluster_1933957591_1944596256_1944596258_500010840,0,0,0.0,10.042745548965984
2300,2301.0,cluster_286141464_317863064,2,2,9.0,5.140479584918753
2300,2301.0,cluster_317864209_317864212,2,8,243.0,0.19286952749927522
2300,2301.0,cluster_318319949_3665705327,0,0,0.0,0.0
2300,2301.0,cluster_444929591_444929853,7,6,187.0,0.0
2300,2301.0,cluster_453491193_453491196,2,0,0.0,9.158527542934342
2300,2301.0,joinedS_3056282982_cluster_500010834_500010835_500010836_500010837,2,3,65.0,0.21143210287299333
2300,2301.0,joinedS_4159783704_4159783713,2,5,891.0,0.0
2310,2311.0,317267021,2,2,56.0,0.42947474373114325
2310,2311.0,318319948,1,1,7.0,0.0
2310,2311.0,318319950,0,0,0.0,0.0
2310,2311.0,344715428,0,0,0.0,9.624859068502893
2310,2311.0,459095577,6,0,0.0,0.0
2310,2311.0,459095593,0,0,0.0,7.247178456792609
2310,2311.0,5672981203,0,0,0.0,0.0
2310,2311.0,6734642660,0,0,0.0,0.0
2310,2311.0,728359174,0,2,7.0,6.021341581796931
2310,2311.0,931498932,1,0,0.0,0.0
2310,2311.0,cluster_12485993451_12485993457_444743027_999091207,4,0,0.0,2.899223045722128
2310,2311.0,cluster_12485993454_12485993455_12485993456_12485993458_#4more,2,4,74.0,1.6848668774373672
2310,2311.0,cluster_12497859354_12497859355,2,0,0.0,0.0
2310,2311.0,cluster_1846673394_455570130,0,0,0.0,0.0
2310,2311.0,cluster_1933957591_1944596256_1944596258_500010840,2,0,0.0,15.23432747111372
2310,2311.0,cluster_286141464_317863064,0,0,0.0,11.100358032902982
2310,2311.0,cluster_317864209_317864212,4,8,323.0,0.3156484811361733
2310,2311.0,cluster_318319949_3665705327,0,0,0.0,0.0
2310,2311.0,cluster_444929591_444929853,1,0,0.0,0.0
2310,2311.0,cluster_453491193_453491196,0,0,0.0,0.0
2310,2311.0,joinedS_3056282982_cluster_500010834_500010835_500010836_500010837,2,4,105.0,3.318001585077495
2310,2311.0,joinedS_4159783704_4159783713,4,5,941.0,0.0
2320,2321.0,317267021,2,5,97.0,2.9324388483179517e-05
2320,2321.0,318319948,3,0,0.0,0.0
2320,2321.0,318319950,0,0,0.0,16.211382213866585
2320,2321.0,344715428,2,0,0.0,15.008788825595829
2320,2321.0,459095577,0,1,7.0,0.0
2320,2321.0,459095593,1,0,0.0,3.4577455301646087
2320,2321.0,5672981203,2,0,0.0,0.0
2320,2321.0,6734642660,0,0,0.0,0.0
2320,2321.0,728359174,0,3,23.0,0.0
2320,2321.0,931498932,3,0,0.0,12.570019629271698
2320,2321.0,cluster_12485993451_12485993457_444743027_999091207,0,0,0.0,6.9848565385467865
2320,2321.0,cluster_12485993454_12485993455_12485993456_12485993458_#4more,3,5,121.0,2.7598980979807206
2320,2321.0,cluster_12497859354_12497859355,0,0,0.0,0.0
2320,2321.0,cluster_1846673394_455570130,0,0,0.0,0.0
2320,2321.0,cluster_1933957591_1944596256_1944596258_500010840,3,0,0.0,0.0
2320,2321.0,cluster_286141464_317863064,2,0,0.0,9.976618878337975
2320,2321.0,cluster_317864209_317864212,0,5,155.0,0.5186219915697202
2320,2321.0,cluster_318319949_3665705327,0,0,0.0,8.134869973361493
2320,2321.0,cluster_444929591_444929853,3,0,0.0,0.0
2320,2321.0,cluster_453491193_453491196,2,0,0.0,10.038163068544572
2320,2321.0,joinedS_3056282982_cluster_500010834_500010835_500010836_500010837,2,4,145.0,3.3117579105738555
2320,2321.0,joinedS_4159783704_4159783713,0,5,991.0,0.0
2330,2331.0,317267021,0,0,0.0,1.2572465931664434
2330,2331.0,318319948,1,0,0.0,13.238567967960822
2330,2331.0,318319950,0,0,0.0,8.881050100101445
2330,2331.0,344715428,0,0,0.0,14.945214665616641
2330,2331.0,459095577,2,1,17.0,0.0
2330,2331.0,459095593,3,2,13.0,0.00019039350926683136
2330,2331.0,5672981203,0,0,0.0,0.0
2330,2331.0,6734642660,0,0,0.0,0.0
2330,2331.0,728359174,0,5,50.0,0.020706479262003332
2330,2331.0,931498932,0,0,0.0,0.0
2330,2331.0,cluster_12485993451_12485993457_444743027_999091207,2,0,0.0,16.3064303780254
2330,2331.0,cluster_12485993454_12485993455_12485993456_12485993458_#4more,5,7,131.0,2.8340061975046327
2330,2331.0,cluster_12497859354_12497859355,0,0,0.0,0.0
2330,2331.0,cluster_1846673394_455570130,0,0,0.0,0.0
2330,2331.0,cluster_1933957591_1944596256_1944596258_500010840,0,0,0.0,9.99943807172589
2330,2331.0,cluster_286141464_317863064,2,1,4.0,7.628386412204145
2330,2331.0,cluster_317864209_317864212,2,4,14.0,2.681096245487761
2330,2331.0,cluster_318319949_3665705327,0,0,0.0,16.37958369380794
2330,2331.0,cluster_444929591_444929853,5,0,0.0,0.0
2330,2331.0,cluster_453491193_453491196,0,0,0.0,0.0
2330,2331.0,joinedS_3056282982_cluster_500010834_500010835_500010836_500010837,0,0,0.0,5.764508718043523
2330,2331.0,joinedS_4159783704_4159783713,2,5,1041.0,0.0
2340,2341.0,317267021,1,1,2.0,3.472491664633925
2340,2341.0,318319948,3,0,0.0,12.381206220271128
2340,2341.0,318319950,0,0,0.0,0.0
2340,2341.0,344715428,2,0,0.0,12.802780153646754
2340,2341.0,459095577,4,0,0.0,0.0
2340,2341.0,459095593,1,0,0.0,13.538750823597333
2340,2341.0,5672981203,0,0,0.0,16.307050936697053
2340,2341.0,6734642660,0,0,0.0,0.0
2340,2341.0,728359174,0,5,86.0,0.47918491321106044
2340,2341.0,931498932,2,0,0.0,16.58346778368125
2340,2341.0,cluster_12485993451_12485993457_444743027_999091207,4,0,0.0,0.4717670921993128
2340,2341.0,cluster_12485993454_12485993455_12485993456_12485993458_#4more,7,9,141.0,2.148622971997271
2340,2341.0,cluster_12497859354_12497859355,2,0,0.0,0.3626194256005897
2340,2341.0,cluster_1846673394_455570130,0,0,0.0,13.65223713860558
2340,2341.0,cluster_1933957591_1944596256_1944596258_500010840,2,0,0.0,0.0
2340,2341.0,cluster_286141464_317863064,2,2,20.0,3.2931581768223506
2340,2341.0,cluster_317864209_317864212,4,9,87.0,1.2955493913617906
2340,2341.0,cluster_318319949_3665705327,0,0,0.0,12.07525251022296
2340,2341.0,cluster_444929591_444929853,7,0,0.0,15.899585261486228
2340,2341.0,cluster_453491193_453491196,2,0,0.0,0.0
2340,2341.0,joinedS_3056282982_cluster_500010834_500010835_500010836_500010837,2,0,0.0,16.536158259799706
2340,2341.0,joinedS_4159783704_4159783713,4,5,1091.0,0.0
2350,2351.0,317267021,3,1,12.0,4.936516435747033
2350,2351.0,318319948,0,0,0.0,11.711105204991542
2350,2351.0,318319950,0,0,0.0,0.0
2350,2351.0,344715428,0,0,0.0,2.751937624996089
2350,2351.0,459095577,4,0,0.0,0.0
2350,2351.0,459095593,2,1,3.0,0.0016411010259781529
2350,2351.0,5672981203,0,0,0.0,0.0
2350,2351.0,6734642660,0,0,0.0,13.855162644577625
2350,2351.0,728359174,2,0,0.0,6.012969632549156
2350,2351.0,931498932,0,0,0.0,11.04792831195518
2350,2351.0,cluster_12485993451_12485993457_444743027_999091207,4,1,10.0,5.275489096390082
2350,2351.0,cluster_12485993454_12485993455_12485993456_12485993458_#4more,0,3,30.0,1.0275598829958528
2350,2351.0,cluster_12497859354_12497859355,0,0,0.0,0.0
2350,2351.0,cluster_1846673394_455570130,0,0,0.0,16.487608970869335
2350,2351.0,cluster_1933957591_1944596256_1944596258_500010840,0,0,0.0,17.181004264482745
2350,2351.0,cluster_286141464_317863064,0,0,0.0,0.0
2350,2351.0,cluster_317864209_317864212,0,7,119.0,0.30330261203166997
2350,2351.0,cluster_318319949_3665705327,2,0,0.0,0.0
2350,2351.0,cluster_444929591_444929853,0,0,0.0,10.407625163212298
2350,2351.0,cluster_453491193_453491196,2,0,0.0,0.0
2350,2351.0,joinedS_3056282982_cluster_500010834_500010835_500010836_500010837,2,0,0.0,12.377441186627069
2350,2351.0,joinedS_4159783704_4159783713,4,5,1141.0,0.0
2360,2361.0,317267021,1,0,0.0,6.824155184203759
2360,2361.0,318319948,2,0,0.0,12.468565250317294
2360,2361.0,318319950,2,0,0.0,0.0
2360,2361.0,344715428,0,0,0.0,0.0
2360,2361.0,459095577,4,0,0.0,0.0
2360,2361.0,459095593,0,0,0.0,0.0
2360,2361.0,5672981203,0,0,0.0,0.0
2360,2361.0,6734642660,0,0,0.0,0.0
2360,2361.0,728359174,2,2,4.0,0.0
2360,2361.0,931498932,1,0,0.0,6.256173022673812
2360,2361.0,cluster_12485993451_12485993457_444743027_999091207,4,1,20.0,8.850611905327046
2360,2361.0,cluster_12485993454_12485993455_12485993456_12485993458_#4more,2,5,75.0,0.0
2360,2361.0,cluster_12497859354_12497859355,0,0,0.0,0.0
2360,2361.0,cluster_1846673394_455570130,0,0,0.0,0.0
2360,2361.0,cluster_1933957591_1944596256_1944596258_500010840,1,0,0.0,0.0
2360,2361.0,cluster_286141464_317863064,2,0,0.0,12.27249218595734
2360,2361.0,cluster_317864209_317864212,0,3,22.0,1.0522096988057037
2360,2361.0,cluster_318319949_3665705327,0,0,0.0,0.0
2360,2361.0,cluster_444929591_444929853,2,0,0.0,10.10072140710562
2360,2361.0,cluster_453491193_453491196,2,0,0.0,0.0
2360,2361.0,joinedS_3056282982_cluster_500010834_500010835_500010836_500010837,2,1,8.0,9.260207697946669
2360,2361.0,joinedS_4159783704_4159783713,4,5,1191.0,0.0
2370,2371.0,317267021,2,1,3.0,0.060752186594990217
2370,2371.0,318319948,0,0,0.0,0.0
2370,2371.0,318319950,0,0,0.0,16.26678879841231
2370,2371.0,344715428,0,0,0.0,0.0
2370,2371.0,459095577,4,0,0.0,0.0
2370,2371.0,459095593,2,0,0.0,14.657858591496865
2370,2371.0,5672981203,0,0,0.0,0.0
2370,2371.0,6734642660,0,0,0.0,13.231662104295575
2370,2371.0,728359174,2,2,14.0,0.0
2370,2371.0,931498932,3,1,8.0,7.0686831617144135
2370,2371.0,cluster_12485993451_12485993457_444743027_999091207,4,2,31.0,0.03573694834718684
2370,2371.0,cluster_12485993454_12485993455_12485993456_12485993458_#4more,2,5,125.0,0.08556117092094113
2370,2371.0,cluster_12497859354_12497859355,2,0,0.0,9.772916706142224
2370,2371.0,cluster_1846673394_455570130,0,0,0.0,0.0
2370,2371.0,cluster_1933957591_1944596256_1944596258_500010840,3,0,0.0,15.935804857550186
2370,2371.0,cluster_286141464_317863064,0,1,1.0,4.686025616611855
2370,2371.0,cluster_317864209_317864212,0,10,93.0,1.1908397433820141
2370,2371.0,cluster_318319949_3665705327,2,1,1.0,0.022202347046555188
2370,2371.0,cluster_444929591_444929853,4,0,0.0,0.0
2370,2371.0,cluster_453491193_453491196,0,0,0.0,0.0
2370,2371.0,joinedS_3056282982_cluster_500010834_500010835_500010836_500010837,2,2,21.0,7.733131959659484
2370,2371.0,joinedS_4159783704_4159783713,5,5,1241.0,0.0
2380,2381.0,317267021,0,0,0.0,8.917213931867574
2380,2381.0,318319948,2,0,0.0,15.960486479294794
2380,2381.0,318319950,2,0,0.0,10.632276476818001
2380,2381.0,344715428,0,0,0.0,0.0
2380,2381.0,459095577,4,0,0.0,0.0
2380,2381.0,459095593,0,0,0.0,0.0
2380,2381.0,5672981203,2,0,0.0,0.0
2380,2381.0,6734642660,0,0,0.0,0.0
2380,2381.0,728359174,2,0,0.0,3.7992131026927316
2380,2381.0,931498932,1,1,3.0,9.269256266763092
2380,2381.0,cluster_12485993451_12485993457_444743027_999091207,4,2,51.0,5.358811649192746
2380,2381.0,cluster_12485993454_12485993455_12485993456_12485993458_#4more,4,6,112.0,2.756953895735819e-05
2380,2381.0,cluster_12497859354_12497859355,0,0,0.0,0.0
2380,2381.0,cluster_1846673394_455570130,0,0,0.0,12.246752481797735
2380,2381.0,cluster_1933957591_1944596256_1944596258_500010840,0,0,0.0,11.37235828750002
2380,2381.0,cluster_286141464_317863064,0,1,4.0,3.3601142486798103
2380,2381.0,cluster_317864209_317864212,0,3,55.0,3.8991313403641144
2380,2381.0,cluster_318319949_3665705327,0,0,0.0,12.884370812847443
2380,2381.0,cluster_444929591_444929853,6,0,0.0,0.0
2380,2381.0,cluster_453491193_453491196,2,0,0.0,0.0
2380,2381.0,joinedS_3056282982_cluster_500010834_500010835_500010836_500010837,2,3,49.0,8.426378924320481
2380,2381.0,joinedS_4159783704_4159783713,1,5,1291.0,0.0
2390,2391.0,317267021,2,0,0.0,3.718239623265636
2390,2391.0,318319948,0,0,0.0,12.123954923044034
2390,2391.0,318319950,0,0,0.0,9.12974173177017
2390,2391.0,344715428,0,0,0.0,0.0
2390,2391.0,459095577,4,0,0.0,0.0
2390,2391.0,459095593,0,0,0.0,0.0
2390,2391.0,5672981203,0,0,0.0,0.0
2390,2391.0,6734642660,0,0,0.0,0.0
2390,2391.0,728359174,0,1,0.0,16.67
2390,2391.0,931498932,3,2,11.0,0.0
2390,2391.0,cluster_12485993451_12485993457_444743027_999091207,4,2,71.0,8.114990312906713
2390,2391.0,cluster_12485993454_12485993455_12485993456_12485993458_#4more,6,4,108.0,6.176515829200666
2390,2391.0,cluster_12497859354_12497859355,0,0,0.0,17.14604158003521
2390,2391.0,cluster_1846673394_455570130,0,0,0.0,0.0
2390,2391.0,cluster_1933957591_1944596256_1944596258_500010840,2,0,0.0,15.064236081931536
2390,2391.0,cluster_286141464_317863064,2,2,7.0,8.284142833127621
2390,2391.0,cluster_317864209_317864212,0,10,121.0,0.07766797199750437
2390,2391.0,cluster_318319949_3665705327,0,0,0.0,0.0
2390,2391.0,cluster_444929591_444929853,0,0,0.0,4.678525204723702
2390,2391.0,cluster_453491193_453491196,0,0,0.0,0.0
2390,2391.0,joinedS_3056282982_cluster_500010834_500010835_500010836_500010837,0,0,0.0,8.02839538532776
2390,2391.0,joinedS_4159783704_4159783713,2,4,1031.0,0.0
2400,2401.0,317267021,0,0,0.0,10.328590168850496
2400,2401.0,318319948,0,1,9.0,1.7110844402817913
2400,2401.0,318319950,2,0,0.0,6.0524182143099825
2400,2401.0,344715428,0,0,0.0,5.815780658107018
2400,2401.0,459095577,7,0,0.0,0.0
2400,2401.0,459095593,2,0,0.0,9.047012113678477
2400,2401.0,5672981203,2,0,0.0,13.435929646524603
2400,2401.0,6734642660,0,0,0.0,0.0
2400,2401.0,728359174,2,1,0.0,15.143236757817801
2400,2401.0,931498932,0,1,3.0,7.4564382811693255
2400,2401.0,cluster_12485993451_12485993457_444743027_999091207,0,1,1.0,2.4803925611155972
2400,2401.0,cluster_12485993454_12485993455_12485993456_12485993458_#4more,7,7,162.0,7.36861207308192e-05
2400,2401.0,cluster_12497859354_12497859355,2,3,6.0,0.015058693192935011
2400,2401.0,cluster_1846673394_455570130,0,0,0.0,0.0
2400,2401.0,cluster_1933957591_1944596256_1944596258_500010840,0,1,1.0,0.026769849023958358
2400,2401.0,cluster_286141464_317863064,0,0,0.0,4.374677809543266
2400,2401.0,cluster_317864209_317864212,1,12,241.0,0.8524020726359235
2400,2401.0,cluster_318319949_3665705327,2,0,0.0,0.0
2400,2401.0,cluster_444929591_444929853,0,0,0.0,0.0
2400,2401.0,cluster_453491193_453491196,2,0,0.0,0.0
2400,2401.0,joinedS_3056282982_cluster_500010834_500010835_500010836_500010837,2,1,2.0,6.598640297578657
2400,2401.0,joinedS_4159783704_4159783713,4,4,1071.0,0.0
2410,2411.0,317267021,1,0,0.0,0.3525302102730127
2410,2411.0,318319948,0,2,29.0,0.0
2410,2411.0,318319950,2,1,9.0,7.620609353924469
2410,2411.0,344715428,2,0,0.0,16.81068083541802
2410,2411.0,459095577,0,0,0.0,0.0
2410,2411.0,459095593,0,0,0.0,0.0
2410,2411.0,5672981203,0,0,0.0,0.0
2410,2411.0,6734642660,0,0,0.0,0.0
2410,2411.0,728359174,2,0,0.0,8.639049248951117
2410,2411.0,931498932,2,0,0.0,4.1330802766801735
2410,2411.0,cluster_12485993451_12485993457_444743027_999091207,2,2,16.0,0.0007766569727950582
2410,2411.0,cluster_12485993454_12485993455_12485993456_12485993458_#4more,0,2,30.0,2.024302921144234
2410,2411.0,cluster_12497859354_12497859355,0,0,0.0,0.0
2410,2411.0,cluster_1846673394_455570130,0,0,0.0,0.0
2410,2411.0,cluster_1933957591_1944596256_1944596258_500010840,2,0,0.0,13.755426500490291
2410,2411.0,cluster_286141464_317863064,0,1,6.0,7.720065722581141
2410,2411.0,cluster_317864209_317864212,2,9,213.0,0.0
2410,2411.0,cluster_318319949_3665705327,0,0,0.0,0.0
2410,2411.0,cluster_444929591_444929853,2,0,0.0,0.0
2410,2411.0,cluster_453491193_453491196,2,0,0.0,7.391041692497851
2410,2411.0,joinedS_3056282982_cluster_500010834_500010835_500010836_500010837,0,0,0.0,13.940081420047918
2410,2411.0,joinedS_4159783704_4159783713,4,5,1120.0,0.0
2420,2421.0,317267021,3,0,0.0,0.0
2420,2421.0,318319948,0,2,49.0,6.547754700714298
2420,2421.0,318319950,2,3,24.0,3.216741273749808
2420,2421.0,344715428,0,0,0.0,17.48817060017361
2420,2421.0,459095577,2,0,0.0,0.0
2420,2421.0,459095593,2,0,0.0,6.714489970537001
2420,2421.0,5672981203,2,0,0.0,0.0
2420,2421.0,6734642660,0,0,0.0,0.0
2420,2421.0,728359174,0,2,5.0,5.629962940785309
2420,2421.0,931498932,0,1,3.0,5.883148967227146
2420,2421.0,cluster_12485993451_12485993457_444743027_999091207,4,1,15.0,11.27306262959377
2420,2421.0,cluster_12485993454_12485993455_12485993456_12485993458_#4more,2,2,31.0,0.0
2420,2421.0,cluster_12497859354_12497859355,0,0,0.0,0.0
2420,2421.0,cluster_1846673394_455570130,0,0,0.0,0.0
2420,2421.0,cluster_1933957591_1944596256_1944596258_500010840,2,4,19.0,0.09040598027074312
2420,2421.0,cluster_286141464_317863064,2,2,6.0,1.2130278877876444
2420,2421.0,cluster_317864209_317864212,4,9,303.0,0.0
2420,2421.0,cluster_318319949_3665705327,2,0,0.0,7.928606820351741
2420,2421.0,cluster_444929591_444929853,4,0,0.0,0.0
2420,2421.0,cluster_453491193_453491196,0,0,0.0,14.465856073533958
2420,2421.0,joinedS_3056282982_cluster_500010834_500010835_500010836_500010837,2,0,0.0,15.668060276692534
2420,2421.0,joinedS_4159783704_4159783713,4,5,1170.0,0.0
2430,2431.0,317267021,0,1,6.0,8.931570850058149
2430,2431.0,318319948,0,4,80.0,0.0010525055139314586
2430,2431.0,318319950,2,4,58.0,1.8378078393893478
2430,2431.0,344715428,2,0,0.0,8.25590483735719
2430,2431.0,459095577,4,0,0.0,0.0
2430,2431.0,459095593,0,0,0.0,14.903062763531052
2430,2431.0,5672981203,2,0,0.0,11.783007373893632
2430,2431.0,6734642660,0,0,0.0,0.0
2430,2431.0,728359174,2,1,0.0,16.427226239144805
2430,2431.0,931498932,0,1,8.0,0.0
2430,2431.0,cluster_12485993451_12485993457_444743027_999091207,0,0,0.0,3.815735028376962
2430,2431.0,cluster_12485993454_12485993455_12485993456_12485993458_#4more,2,2,51.0,3.2011058000913906
2430,2431.0,cluster_12497859354_12497859355,2,0,0.0,4.5332031031894395
2430,2431.0,cluster_1846673394_455570130,0,0,0.0,0.0
2430,2431.0,cluster_1933957591_1944596256_1944596258_500010840,2,5,69.0,0.0
2430,2431.0,cluster_286141464_317863064,0,0,0.0,0.0
2430,2431.0,cluster_317864209_317864212,0,6,265.0,1.1878849698459695
2430,2431.0,cluster_318319949_3665705327,0,0,0.0,0.0
2430,2431.0,cluster_444929591_444929853,6,0,0.0,6.642834649002181
2430,2431.0,cluster_453491193_453491196,2,0,0.0,7.5520182070593505
2430,2431.0,joinedS_3056282982_cluster_500010834_500010835_500010836_500010837,0,0,0.0,16.563278871859456
2430,2431.0,joinedS_4159783704_4159783713,4,5,1220.0,0.0
2440,2441.0,317267021,2,1,4.0,0.0012943198599915024
2440,2441.0,318319948,0,4,120.0,0.0
2440,2441.0,318319950,2,5,105.0,0.0
2440,2441.0,344715428,0,0,0.0,15.270060311316664
2440,2441.0,459095577,6,0,0.0,0.0
2440,2441.0,459095593,1,0,0.0,0.0
2440,2441.0,5672981203,2,0,0.0,7.512006632278749
2440,2441.0,6734642660,0,0,0.0,18.97326363793592
2440,2441.0,728359174,0,0,0.0,8.27320537746935
2440,2441.0,931498932,0,1,18.0,10.807732549551217
2440,2441.0,cluster_12485993451_12485993457_444743027_999091207,2,0,0.0,14.663934487709778
2440,2441.0,cluster_12485993454_12485993455_12485993456_12485993458_#4more,4,2,32.0,0.00013843964429332268
2440,2441.0,cluster_12497859354_12497859355,0,0,0.0,0.0
2440,2441.0,cluster_1846673394_455570130,0,0,0.0,16.45373190839775
2440,2441.0,cluster_1933957591_1944596256_1944596258_500010840,2,6,121.0,2.316954445544283
2440,2441.0,cluster_286141464_317863064,2,0,0.0,13.60049783939359
2440,2441.0,cluster_317864209_317864212,2,2,6.0,4.149319603360855
2440,2441.0,cluster_318319949_3665705327,2,0,0.0,0.0
2440,2441.0,cluster_444929591_444929853,0,0,0.0,11.859203584427707
2440,2441.0,cluster_453491193_453491196,0,0,0.0,10.447374171650154
2440,2441.0,joinedS_3056282982_cluster_500010834_500010835_500010836_500010837,0,0,0.0,16.270500562608117
2440,2441.0,joinedS_4159783704_4159783713,0,4,46.0,0.8119247945301018
2450,2451.0,317267021,2,0,0.0,0.0
2450,2451.0,318319948,2,0,0.0,4.590085060662934
2450,2451.0,318319950,0,1,1.0,0.03851577479112276
2450,2451.0,344715428,2,0,0.0,12.749606000796387
2450,2451.0,459095577,0,0,0.0,0.0
2450,2451.0,459095593,3,0,0.0,0.0
2450,2451.0,5672981203,2,1,9.0,0.0
2450,2451.0,6734642660,0,0,0.0,16.662498557921502
2450,2451.0,728359174,0,1,7.0,0.0
2450,2451.0,931498932,0,1,28.0,0.0
2450,2451.0,cluster_12485993451_12485993457_444743027_999091207,4,0,0.0,13.105598688539894
2450,2451.0,cluster_12485993454_12485993455_12485993456_12485993458_#4more,6,1,36.0,0.0
2450,2451.0,cluster_12497859354_12497859355,0,0,0.0,16.437262240870172
2450,2451.0,cluster_1846673394_455570130,0,0,0.0,0.0
2450,2451.0,cluster_1933957591_1944596256_1944596258_500010840,2,6,181.0,3.131317326674858
2450,2451.0,cluster_286141464_317863064,0,0,0.0,8.728377910623667
2450,2451.0,cluster_317864209_317864212,4,8,62.0,0.16774678638435697
2450,2451.0,cluster_318319949_3665705327,0,0,0.0,0.0
2450,2451.0,cluster_444929591_444929853,1,0,0.0,15.186171265627298
2450,2451.0,cluster_453491193_453491196,0,1,10.0,4.807730095087121
2450,2451.0,joinedS_3056282982_cluster_500010834_500010835_500010836_500010837,0,0,0.0,14.942905567110387
2450,2451.0,joinedS_4159783704_4159783713,0,5,94.0,0.06116170606101437
2460,2461.0,317267021,2,1,4.0,5.735916098937556
2460,2461.0,318319948,0,1,5.0,0.00012898557243401645
2460,2461.0,318319950,2,0,0.0,10.515368579580894
2460,2461.0,344715428,0,0,0.0,12.71622423341168
2460,2461.0,459095577,2,0,0.0,17.19871689624803
2460,2461.0,459095593,1,0,0.0,0.0
2460,2461.0,5672981203,2,1,19.0,0.0
2460,2461.0,6734642660,0,0,0.0,16.554872537525373
2460,2461.0,728359174,0,1,17.0,3.434456933010686
2460,2461.0,931498932,0,1,38.0,0.0
2460,2461.0,cluster_12485993451_12485993457_444743027_999091207,4,2,8.0,5.831438664312979
2460,2461.0,cluster_12485993454_12485993455_12485993456_12485993458_#4more,0,0,0.0,0.0
2460,2461.0,cluster_12497859354_12497859355,2,1,4.0,0.0006296861828310464
2460,2461.0,cluster_1846673394_455570130,0,0,0.0,0.0
2460,2461.0,cluster_1933957591_1944596256_1944596258_500010840,2,8,251.0,2.4250946517848844
2460,2461.0,cluster_286141464_317863064,2,0,0.0,13.800195637797374
2460,2461.0,cluster_317864209_317864212,0,9,152.0,1.646710557269732
2460,2461.0,cluster_318319949_3665705327,0,0,0.0,15.233727451355598
2460,2461.0,cluster_444929591_444929853,3,0,0.0,15.488258930464315
2460,2461.0,cluster_453491193_453491196,2,0,0.0,13.951799263558906
2460,2461.0,joinedS_3056282982_cluster_500010834_500010835_500010836_500010837,0,0,0.0,16.816396013092614
2460,2461.0,joinedS_4159783704_4159783713,0,6,153.0,0.0
2470,2471.0,317267021,2,1,14.0,0.0
2470,2471.0,318319948,2,0,0.0,7.777113010887227
2470,2471.0,318319950,0,0,0.0,0.0
2470,2471.0,344715428,0,0,0.0,13.545827938803898
2470,2471.0,459095577,4,0,0.0,0.0
2470,2471.0,459095593,2,0,0.0,6.534199568227397
2470,2471.0,5672981203,2,1,29.0,0.0
2470,2471.0,6734642660,0,0,0.0,0.0
2470,2471.0,728359174,0,3,42.0,0.0
2470,2471.0,931498932,0,1,48.0,0.0
2470,2471.0,cluster_12485993451_12485993457_444743027_999091207,4,5,47.0,1.1758524305573175
2470,2471.0,cluster_12485993454_12485993455_12485993456_12485993458_#4more,1,0,0.0,3.390393219958542
2470,2471.0,cluster_12497859354_12497859355,0,0,0.0,28.05629198661945
2470,2471.0,cluster_1846673394_455570130,0,0,0.0,9.459651927882804
2470,2471.0,cluster_1933957591_1944596256_1944596258_500010840,0,2,3.0,5.632493666571362
2470,2471.0,cluster_286141464_317863064,2,3,12.0,4.030813030856338
2470,2471.0,cluster_317864209_317864212,0,9,242.0,0.40645725254982884
2470,2471.0,cluster_318319949_3665705327,2,0,0.0,16.55214946833666
2470,2471.0,cluster_444929591_444929853,4,0,0.0,5.28158418838866
2470,2471.0,cluster_453491193_453491196,0,0,0.0,15.104795252728717
2470,2471.0,joinedS_3056282982_cluster_500010834_500010835_500010836_500010837,0,0,0.0,16.786828735938222
2470,2471.0,joinedS_4159783704_4159783713,1,6,213.0,1.3713082294984442
2480,2481.0,317267021,2,2,28.0,0.03647593993510508
2480,2481.0,318319948,0,0,0.0,0.0
2480,2481.0,318319950,2,0,0.0,15.198725427167343
2480,2481.0,344715428,0,0,0.0,0.0
2480,2481.0,459095577,4,0,0.0,0.0
2480,2481.0,459095593,0,1,3.0,10.569815697088218
2480,2481.0,5672981203,0,0,0.0,16.26263539392428
2480,2481.0,6734642660,0,0,0.0,0.0
2480,2481.0,728359174,0,3,72.0,0.0
2480,2481.0,931498932,2,1,1.0,0.06684330408970252
2480,2481.0,cluster_12485993451_12485993457_444743027_999091207,4,5,97.0,6.248696049395791
2480,2481.0,cluster_12485993454_12485993455_12485993456_12485993458_#4more,2,1,9.0,0.0
2480,2481.0,cluster_12497859354_12497859355,0,0,0.0,0.0
2480,2481.0,cluster_1846673394_455570130,0,1,1.0,0.0417723223972913
2480,2481.0,cluster_1933957591_1944596256_1944596258_500010840,2,1,4.0,6.358023150395954
2480,2481.0,cluster_286141464_317863064,2,1,3.0,5.226535170981935
2480,2481.0,cluster_317864209_317864212,1,10,341.0,0.0
2480,2481.0,cluster_318319949_3665705327,3,0,0.0,0.0
2480,2481.0,cluster_444929591_444929853,6,1,4.0,0.00043915520558985226
2480,2481.0,cluster_453491193_453491196,2,0,0.0,10.84965881101334
2480,2481.0,joinedS_3056282982_cluster_500010834_500010835_500010836_500010837,0,0,0.0,16.34122492431663
2480,2481.0,joinedS_4159783704_4159783713,2,6,200.0,0.0
2490,2491.0,317267021,2,4,60.0,2.211905669485237
2490,2491.0,318319948,2,0,0.0,12.954972110699451
2490,2491.0,318319950,0,0,0.0,0.0
2490,2491.0,344715428,0,0,0.0,0.0
2490,2491.0,459095577,4,0,0.0,0.0
2490,2491.0,459095593,1,1,13.0,0.0
2490,2491.0,5672981203,2,1,3.0,7.15999634000103
2490,2491.0,6734642660,0,0,0.0,0.0
2490,2491.0,728359174,2,0,0.0,0.0
2490,2491.0,931498932,0,0,0.0,0.0
2490,2491.0,cluster_12485993451_12485993457_444743027_999091207,4,6,149.0,1.1353447684315066
2490,2491.0,cluster_12485993454_12485993455_12485993456_12485993458_#4more,3,3,21.0,0.03957739555053531
2490,2491.0,cluster_12497859354_12497859355,2,0,0.0,0.0
2490,2491.0,cluster_1846673394_455570130,0,0,0.0,0.0
2490,2491.0,cluster_1933957591_1944596256_1944596258_500010840,3,2,22.0,3.9292191549141644
2490,2491.0,cluster_286141464_317863064,2,2,21.0,6.8801523432385565
2490,2491.0,cluster_317864209_317864212,3,9,383.0,0.010018062690094786
2490,2491.0,cluster_318319949_3665705327,1,0,0.0,5.5055888971193205
2490,2491.0,cluster_444929591_444929853,0,0,0.0,0.0
2490,2491.0,cluster_453491193_453491196,0,0,0.0,6.70221981181635
2490,2491.0,joinedS_3056282982_cluster_500010834_500010835_500010836_500010837,2,1,5.0,0.0
2490,2491.0,joinedS_4159783704_4159783713,4,6,260.0,0.0
2500,2501.0,317267021,0,1,7.0,3.335399347096773
2500,2501.0,318319948,2,1,8.0,0.0
2500,2501.0,318319950,0,0,0.0,0.0
2500,2501.0,344715428,0,0,0.0,0.0
2500,2501.0,459095577,6,0,0.0,7.91840661384631
2500,2501.0,459095593,2,0,0.0,4.434473815483482
2500,2501.0,5672981203,0,0,0.0,0.0
2500,2501.0,6734642660,0,0,0.0,0.0
2500,2501.0,728359174,0,0,0.0,0.0
2500,2501.0,931498932,2,1,1.0,0.024254780718636466
2500,2501.0,cluster_12485993451_12485993457_444743027_999091207,4,8,226.0,1.0237125150083253
2500,2501.0,cluster_12485993454_12485993455_12485993456_12485993458_#4more,5,2,40.0,0.0
2500,2501.0,cluster_12497859354_12497859355,0,0,0.0,0.0
2500,2501.0,cluster_1846673394_455570130,0,0,0.0,0.0
2500,2501.0,cluster_1933957591_1944596256_1944596258_500010840,1,0,0.0,13.68878627111237
2500,2501.0,cluster_286141464_317863064,2,3,49.0,7.388418452064081
2500,2501.0,cluster_317864209_317864212,5,9,473.0,0.0
2500,2501.0,cluster_318319949_3665705327,3,0,0.0,3.5023038729093967
2500,2501.0,cluster_444929591_444929853,2,0,0.0,0.0
2500,2501.0,cluster_453491193_453491196,0,1,10.0,9.720507082450336
2500,2501.0,joinedS_3056282982_cluster_500010834_500010835_500010836_500010837,0,0,0.0,8.607665184819066
2500,2501.0,joinedS_4159783704_4159783713,0,6,320.0,0.0
2510,2511.0,317267021,1,3,25.0,0.01434907218983192
2510,2511.0,318319948,2,1,18.0,10.573549408071456
2510,2511.0,318319950,0,0,0.0,0.0
2510,2511.0,344715428,2,0,0.0,4.588548874505795
2510,2511.0,459095577,0,0,0.0,0.0
2510,2511.0,459095593,0,0,0.0,0.0
2510,2511.0,5672981203,2,0,0.0,0.0
2510,2511.0,6734642660,0,0,0.0,16.723801858010084
2510,2511.0,728359174,2,0,0.0,0.0
2510,2511.0,931498932,0,1,2.0,0.009693242505953813
2510,2511.0,cluster_12485993451_12485993457_444743027_999091207,0,1,6.0,8.219218972420183
2510,2511.0,cluster_12485993454_12485993455_12485993456_12485993458_#4more,7,1,39.0,4.543042140709124
2510,2511.0,cluster_12497859354_12497859355,0,0,0.0,0.0
2510,2511.0,cluster_1846673394_455570130,0,0,0.0,11.294790463848038
2510,2511.0,cluster_1933957591_1944596256_1944596258_500010840,3,1,4.0,0.0
2510,2511.0,cluster_286141464_317863064,2,6,94.0,0.0007895880453271609
2510,2511.0,cluster_317864209_317864212,0,0,0.0,3.2266027891593474
2510,2511.0,cluster_318319949_3665705327,1,0,0.0,0.0
2510,2511.0,cluster_444929591_444929853,4,0,0.0,6.963612762931735
2510,2511.0,cluster_453491193_453491196,0,4,39.0,0.0
2510,2511.0,joinedS_3056282982_cluster_500010834_500010835_500010836_500010837,2,0,0.0,15.497549278636914
2510,2511.0,joinedS_4159783704_4159783713,2,6,380.0,0.0
2520,2521.0,317267021,3,1,12.0,0.0
2520,2521.0,318319948,2,2,30.0,5.050621898170316
2520,2521.0,318319950,0,0,0.0,0.0
2520,2521.0,344715428,0,0,0.0,0.7272832767800883
2520,2521.0,459095577,2,0,0.0,0.0
2520,2521.0,459095593,2,0,0.0,0.2657904706468275
2520,2521.0,5672981203,0,0,0.0,10.733195010619236
2520,2521.0,6734642660,0,0,0.0,15.323740863986613
2520,2521.0,728359174,3,0,0.0,0.0
2520,2521.0,931498932,2,0,0.0,6.340557661446202
2520,2521.0,cluster_12485993451_12485993457_444743027_999091207,2,4,27.0,3.0564847162776467
2520,2521.0,cluster_12485993454_12485993455_12485993456_12485993458_#4more,1,0,0.0,0.0
2520,2521.0,cluster_12497859354_12497859355,2,0,0.0,12.946308214450355
2520,2521.0,cluster_1846673394_455570130,0,0,0.0,18.51340553979841
2520,2521.0,cluster_1933957591_1944596256_1944596258_500010840,0,0,0.0,0.0
2520,2521.0,cluster_286141464_317863064,0,2,3.0,1.6903647316024943
2520,2521.0,cluster_317864209_317864212,0,2,7.0,2.0122556159631184
2520,2521.0,cluster_318319949_3665705327,2,1,2.0,9.930926210976018
2520,2521.0,cluster_444929591_444929853,6,1,6.0,0.0
2520,2521.0,cluster_453491193_453491196,0,4,79.0,3.2334173782784497
2520,2521.0,joinedS_3056282982_cluster_500010834_500010835_500010836_500010837,2,0,0.0,16.373536555012283
2520,2521.0,joinedS_4159783704_4159783713,2,6,440.0,0.0
2530,2531.0,317267021,1,1,3.0,5.173663393920288
2530,2531.0,318319948,2,3,51.0,3.7734058989377197
2530,2531.0,318319950,0,0,0.0,0.0
2530,2531.0,344715428,2,0,0.0,0.0
2530,2531.0,459095577,4,1,1.0,0.028498614022002565
2530,2531.0,459095593,0,0,0.0,0.0
2530,2531.0,5672981203,2,0,0.0,7.5112311379798
2530,2531.0,6734642660,0,0,0.0,0.0
2530,2531.0,728359174,1,0,0.0,3.1096839581580022
2530,2531.0,931498932,0,1,2.0,2.785187291911649
2530,2531.0,cluster_12485993451_12485993457_444743027_999091207,4,1,3.0,1.9717495053694831
2530,2531.0,cluster_12485993454_12485993455_12485993456_12485993458_#4more,2,0,0.0,0.0
2530,2531.0,cluster_12497859354_12497859355,0,0,0.0,0.0
2530,2531.0,cluster_1846673394_455570130,0,0,0.0,0.0
2530,2531.0,cluster_1933957591_1944596256_1944596258_500010840,2,0,0.0,0.0
2530,2531.0,cluster_286141464_317863064,2,1,5.0,7.334870588842763
2530,2531.0,cluster_317864209_317864212,0,7,41.0,1.558353298687726
2530,2531.0,cluster_318319949_3665705327,0,0,0.0,15.918631975882217
2530,2531.0,cluster_444929591_444929853,0,0,0.0,0.0
2530,2531.0,cluster_453491193_453491196,0,4,119.0,0.0
2530,2531.0,joinedS_3056282982_cluster_500010834_500010835_500010836_500010837,2,2,3.0,0.0408756520251249
2530,2531.0,joinedS_4159783704_4159783713,3,6,500.0,0.0
2540,2541.0,317267021,3,2,6.0,2.041569602098319
2540,2541.0,318319948,2,5,97.0,4.015040872289102
2540,2541.0,318319950,0,0,0.0,0.0
2540,2541.0,344715428,0,0,0.0,13.449855311354616
2540,2541.0,459095577,6,0,0.0,0.0
2540,2541.0,459095593,2,0,0.0,0.23294987206243686
2540,2541.0,5672981203,2,1,7.0,5.326246568054946
2540,2541.0,6734642660,0,0,0.0,0.0
2540,2541.0,728359174,2,0,0.0,0.0
2540,2541.0,931498932,0,1,8.0,3.8362906655619313
2540,2541.0,cluster_12485993451_12485993457_444743027_999091207,0,1,5.0,8.156411432617194
2540,2541.0,cluster_12485993454_12485993455_12485993456_12485993458_#4more,3,1,4.0,0.003291572140522981
2540,2541.0,cluster_12497859354_12497859355,0,0,0.0,24.140820766522268
2540,2541.0,cluster_1846673394_455570130,0,0,0.0,0.0
2540,2541.0,cluster_1933957591_1944596256_1944596258_500010840,0,0,0.0,15.085351442226312
2540,2541.0,cluster_286141464_317863064,0,0,0.0,9.346541730689138
2540,2541.0,cluster_317864209_317864212,0,11,141.0,1.0198391485890461
2540,2541.0,cluster_318319949_3665705327,2,0,0.0,13.602656397720978
2540,2541.0,cluster_444929591_444929853,2,0,0.0,0.0
2540,2541.0,cluster_453491193_453491196,0,4,159.0,5.453641310149493
2540,2541.0,joinedS_3056282982_cluster_500010834_500010835_500010836_500010837,2,2,23.0,8.423450725436087
2540,2541.0,joinedS_4159783704_4159783713,5,5,408.0,0.00029778715608780895
2550,2551.0,317267021,0,0,0.0,4.165853571472688
2550,2551.0,318319948,0,0,0.0,2.333603309427962
2550,2551.0,318319950,2,1,2.0,0.285226068810177
2550,2551.0,344715428,2,0,0.0,16.082872133962812
2550,2551.0,459095577,0,0,0.0,0.0
2550,2551.0,459095593,0,0,0.0,0.0
2550,2551.0,5672981203,2,1,17.0,9.058122349100602
2550,2551.0,6734642660,0,0,0.0,0.0
2550,2551.0,728359174,0,0,0.0,0.0
2550,2551.0,931498932,0,3,29.0,2.783360629936214
2550,2551.0,cluster_12485993451_12485993457_444743027_999091207,2,1,15.0,8.483969161399937
2550,2551.0,cluster_12485993454_12485993455_12485993456_12485993458_#4more,4,2,18.0,4.164294756829968
2550,2551.0,cluster_12497859354_12497859355,2,1,1.0,6.833077778015884
2550,2551.0,cluster_1846673394_455570130,0,0,0.0,12.697412709938357
2550,2551.0,cluster_1933957591_1944596256_1944596258_500010840,0,0,0.0,12.361109810284319
2550,2551.0,cluster_286141464_317863064,1,0,0.0,6.4908186043351686
2550,2551.0,cluster_317864209_317864212,0,6,132.0,0.622542079369778
2550,2551.0,cluster_318319949_3665705327,0,0,0.0,12.006030636159327
2550,2551.0,cluster_444929591_444929853,4,0,0.0,0.0
2550,2551.0,cluster_453491193_453491196,2,1,4.0,6.389701966444081
2550,2551.0,joinedS_3056282982_cluster_500010834_500010835_500010836_500010837,2,2,43.0,8.097941530532653
2550,2551.0,joinedS_4159783704_4159783713,1,5,458.0,0.0
2560,2561.0,317267021,2,0,0.0,5.228279182571356
2560,2561.0,318319948,1,1,2.0,6.070307999788405
2560,2561.0,318319950,0,0,0.0,0.0
2560,2561.0,344715428,2,0,0.0,16.325997377913446
2560,2561.0,459095577,0,0,0.0,16.362080212384463
2560,2561.0,459095593,2,0,0.0,10.252622046461326
2560,2561.0,5672981203,2,2,34.0,5.728850177917301
2560,2561.0,6734642660,0,0,0.0,16.259549237443135
2560,2561.0,728359174,2,0,0.0,0.0
2560,2561.0,931498932,0,4,63.0,2.6279769447750922
2560,2561.0,cluster_12485993451_12485993457_444743027_999091207,4,1,8.0,3.6699745213935038
2560,2561.0,cluster_12485993454_12485993455_12485993456_12485993458_#4more,6,3,45.0,1.319065535429509
2560,2561.0,cluster_12497859354_12497859355,0,0,0.0,0.0
2560,2561.0,cluster_1846673394_455570130,0,0,0.0,6.52877439095173
2560,2561.0,cluster_1933957591_1944596256_1944596258_500010840,2,0,0.0,0.0
2560,2561.0,cluster_286141464_317863064,3,3,22.0,4.4440311464812465
2560,2561.0,cluster_317864209_317864212,2,4,19.0,1.1433674937777007
2560,2561.0,cluster_318319949_3665705327,1,0,0.0,16.13493522427045
2560,2561.0,cluster_444929591_444929853,6,1,2.0,0.011140435131393466
2560,2561.0,cluster_453491193_453491196,3,5,35.0,1.8690061968446303
2560,2561.0,joinedS_3056282982_cluster_500010834_500010835_500010836_500010837,2,5,69.0,0.0035084995214077126
2560,2561.0,joinedS_4159783704_4159783713,3,5,508.0,0.0
2570,2571.0,317267021,0,1,6.0,3.2694432724378815
2570,2571.0,318319948,3,3,28.0,0.0
2570,2571.0,318319950,2,0,0.0,14.638576450042262
2570,2571.0,344715428,2,1,4.0,0.00017642246261488444
2570,2571.0,459095577,0,0,0.0,0.0
2570,2571.0,459095593,2,1,3.0,0.054920907571629166
2570,2571.0,5672981203,2,4,62.0,0.000796341518978381
2570,2571.0,6734642660,0,0,0.0,0.0
2570,2571.0,728359174,0,0,0.0,0.0
2570,2571.0,931498932,0,5,104.0,0.004629149147938956
2570,2571.0,cluster_12485993451_12485993457_444743027_999091207,4,2,23.0,5.366028452273812
2570,2571.0,cluster_12485993454_12485993455_12485993456_12485993458_#4more,7,6,97.0,3.2319834919979002
2570,2571.0,cluster_12497859354_12497859355,0,0,0.0,0.0
2570,2571.0,cluster_1846673394_455570130,0,0,0.0,0.0
2570,2571.0,cluster_1933957591_1944596256_1944596258_500010840,0,0,0.0,12.46629480878794
2570,2571.0,cluster_286141464_317863064,1,1,7.0,2.1239114834985915
2570,2571.0,cluster_317864209_317864212,4,8,92.0,1.271137823065158
2570,2571.0,cluster_318319949_3665705327,2,0,0.0,9.15854784806386
2570,2571.0,cluster_444929591_444929853,0,0,0.0,0.9171984893269837
2570,2571.0,cluster_453491193_453491196,0,2,15.0,5.674109229776125
2570,2571.0,joinedS_3056282982_cluster_500010834_500010835_500010836_500010837,0,1,10.0,3.6899233812795758
2570,2571.0,joinedS_4159783704_4159783713,4,5,558.0,0.0
2580,2581.0,317267021,0,0,0.0,0.0
2580,2581.0,318319948,1,0,0.0,0.0
2580,2581.0,318319950,0,0,0.0,0.0
2580,2581.0,344715428,2,1,14.0,0.0
2580,2581.0,459095577,0,0,0.0,16.340963842282072
2580,2581.0,459095593,2,2,23.0,1.6808796687116931
2580,2581.0,5672981203,2,4,102.0,0.0
2580,2581.0,6734642660,0,0,0.0,0.0
2580,2581.0,728359174,2,0,0.0,0.0
2580,2581.0,931498932,0,5,154.0,2.2231354787247253
2580,2581.0,cluster_12485993451_12485993457_444743027_999091207,4,3,44.0,3.2096197525427193
2580,2581.0,cluster_12485993454_12485993455_12485993456_12485993458_#4more,1,3,47.0,0.0006817539846429721
2580,2581.0,cluster_12497859354_12497859355,2,0,0.0,13.197415938845367
2580,2581.0,cluster_1846673394_455570130,0,0,0.0,0.0
2580,2581.0,cluster_1933957591_1944596256_1944596258_500010840,2,0,0.0,0.0
2580,2581.0,cluster_286141464_317863064,2,1,9.0,9.220581604826425
2580,2581.0,cluster_317864209_317864212,0,9,179.0,0.39189611013905273
2580,2581.0,cluster_318319949_3665705327,0,0,0.0,11.724166016453562
2580,2581.0,cluster_444929591_444929853,0,0,0.0,0.0
2580,2581.0,cluster_453491193_453491196,2,0,0.0,10.111310569688477
2580,2581.0,joinedS_3056282982_cluster_500010834_500010835_500010836_500010837,2,0,0.0,15.435283623822027
2580,2581.0,joinedS_4159783704_4159783713,0,5,608.0,0.0
2590,2591.0,317267021,0,0,0.0,0.4806798716795478
2590,2591.0,318319948,2,0,0.0,0.0
2590,2591.0,318319950,1,0,0.0,0.0
2590,2591.0,344715428,2,1,24.0,5.336133119408826
2590,2591.0,459095577,2,0,0.0,0.0
2590,2591.0,459095593,0,1,4.0,1.889071920695843
2590,2591.0,5672981203,0,0,0.0,0.0
2590,2591.0,6734642660,0,0,0.0,0.0
2590,2591.0,728359174,0,0,0.0,15.996297331307204
2590,2591.0,931498932,2,1,1.0,0.40191008520514965
2590,2591.0,cluster_12485993451_12485993457_444743027_999091207,4,3,74.0,0.0
2590,2591.0,cluster_12485993454_12485993455_12485993456_12485993458_#4more,2,2,30.0,3.9876809482810116
2590,2591.0,cluster_12497859354_12497859355,2,2,7.0,3.4488126906467613
2590,2591.0,cluster_1846673394_455570130,0,0,0.0,0.0
2590,2591.0,cluster_1933957591_1944596256_1944596258_500010840,2,0,0.0,12.586037854328755
2590,2591.0,cluster_286141464_317863064,0,1,7.0,2.570471213960902
2590,2591.0,cluster_317864209_317864212,2,8,252.0,1.7651902687036918
2590,2591.0,cluster_318319949_3665705327,2,0,0.0,15.286052022353456
2590,2591.0,cluster_444929591_444929853,0,0,0.0,0.0
2590,2591.0,cluster_453491193_453491196,0,2,6.0,5.20786989328594
2590,2591.0,joinedS_3056282982_cluster_500010834_500010835_500010836_500010837,0,0,0.0,16.446619876828045
2590,2591.0,joinedS_4159783704_4159783713,2,5,658.0,0.0
2600,2601.0,317267021,0,2,11.0,0.01861922575288048
2600,2601.0,318319948,0,0,0.0,0.0
2600,2601.0,318319950,2,0,0.0,17.54260695411751
2600,2601.0,344715428,2,3,50.0,8.688651781110252e-05
2600,2601.0,459095577,4,0,0.0,0.0
2600,2601.0,459095593,2,0,0.0,0.0
2600,2601.0,5672981203,2,0,0.0,0.0
2600,2601.0,6734642660,0,0,0.0,0.0
2600,2601.0,728359174,0,1,6.0,0.0
2600,2601.0,931498932,0,2,14.0,0.0
2600,2601.0,cluster_12485993451_12485993457_444743027_999091207,4,3,104.0,2.477796896086075
2600,2601.0,cluster_12485993454_12485993455_12485993456_12485993458_#4more,3,2,50.0,7.867537025027133
2600,2601.0,cluster_12497859354_12497859355,0,0,0.0,1.2262203130505944
2600,2601.0,cluster_1846673394_455570130,0,0,0.0,0.0
2600,2601.0,cluster_1933957591_1944596256_1944596258_500010840,2,1,2.0,7.555521367372116
2600,2601.0,cluster_286141464_317863064,2,0,0.0,2.5138088944963735
2600,2601.0,cluster_317864209_317864212,2,8,332.0,0.04240865954357144
2600,2601.0,cluster_318319949_3665705327,0,0,0.0,10.300653245238426
2600,2601.0,cluster_444929591_444929853,2,0,0.0,0.0
2600,2601.0,cluster_453491193_453491196,0,2,26.0,0.0
2600,2601.0,joinedS_3056282982_cluster_500010834_500010835_500010836_500010837,0,0,0.0,0.0
2600,2601.0,joinedS_4159783704_4159783713,4,5,708.0,0.0
2610,2611.0,317267021,0,3,34.0,3.3115926408344447
2610,2611.0,318319948,2,0,0.0,0.0
2610,2611.0,318319950,0,0,0.0,13.930555012482385
2610,2611.0,344715428,0,0,0.0,3.218045524921477
2610,2611.0,459095577,6,0,0.0,0.0
2610,2611.0,459095593,0,0,0.0,5.677175223717691
2610,2611.0,5672981203,0,0,0.0,0.0
2610,2611.0,6734642660,0,0,0.0,0.0
2610,2611.0,728359174,0,1,16.0,5.471871001567239
2610,2611.0,931498932,2,0,0.0,2.0636593202106033
2610,2611.0,cluster_12485993451_12485993457_444743027_999091207,5,3,134.0,6.988951299127658
2610,2611.0,cluster_12485993454_12485993455_12485993456_12485993458_#4more,5,4,35.0,0.0005552053673978773
2610,2611.0,cluster_12497859354_12497859355,0,0,0.0,0.0
2610,2611.0,cluster_1846673394_455570130,0,0,0.0,9.32743441631973
2610,2611.0,cluster_1933957591_1944596256_1944596258_500010840,0,0,0.0,9.08010173252553
2610,2611.0,cluster_286141464_317863064,0,1,2.0,12.254505338997934
2610,2611.0,cluster_317864209_317864212,2,10,432.0,0.0
2610,2611.0,cluster_318319949_3665705327,0,1,8.0,0.0
2610,2611.0,cluster_444929591_444929853,4,0,0.0,13.34138998694252
2610,2611.0,cluster_453491193_453491196,0,2,46.0,2.2842551682364034
2610,2611.0,joinedS_3056282982_cluster_500010834_500010835_500010836_500010837,2,0,0.0,0.0
2610,2611.0,joinedS_4159783704_4159783713,0,5,758.0,0.0
2620,2621.0,317267021,2,0,0.0,1.879636159753205
2620,2621.0,318319948,0,0,0.0,14.981811263434277
2620,2621.0,318319950,2,0,0.0,0.8876669568738458
2620,2621.0,344715428,2,0,0.0,5.653958483459428
2620,2621.0,459095577,0,0,0.0,0.0
2620,2621.0,459095593,0,1,8.0,6.0197934726317746
2620,2621.0,5672981203,2,0,0.0,0.0
2620,2621.0,6734642660,0,0,0.0,0.0
2620,2621.0,728359174,2,0,0.0,0.0
2620,2621.0,931498932,0,0,0.0,0.0
2620,2621.0,cluster_12485993451_12485993457_444743027_999091207,1,1,4.0,5.047309393150515
2620,2621.0,cluster_12485993454_12485993455_12485993456_12485993458_#4more,7,4,75.0,1.5093721452384143
2620,2621.0,cluster_12497859354_12497859355,2,0,0.0,9.556865162788961
2620,2621.0,cluster_1846673394_455570130,0,0,0.0,0.0
2620,2621.0,cluster_1933957591_1944596256_1944596258_500010840,2,0,0.0,0.0
2620,2621.0,cluster_286141464_317863064,1,2,18.0,2.6967919362135055
2620,2621.0,cluster_317864209_317864212,3,10,532.0,1.6521507341518051
2620,2621.0,cluster_318319949_3665705327,0,1,18.0,0.0
2620,2621.0,cluster_444929591_444929853,6,0,0.0,17.80916451415269
2620,2621.0,cluster_453491193_453491196,0,3,72.0,1.739832332607525
2620,2621.0,joinedS_3056282982_cluster_500010834_500010835_500010836_500010837,0,0,0.0,0.0
2620,2621.0,joinedS_4159783704_4159783713,2,5,808.0,0.0
2630,2631.0,317267021,0,1,4.0,0.0
2630,2631.0,318319948,2,0,0.0,0.0
2630,2631.0,318319950,0,0,0.0,0.0
2630,2631.0,344715428,0,0,0.0,14.39443671405315
2630,2631.0,459095577,2,0,0.0,0.0
2630,2631.0,459095593,0,1,18.0,9.094033555956301
2630,2631.0,5672981203,0,0,0.0,0.0
2630,2631.0,6734642660,0,0,0.0,0.0
2630,2631.0,728359174,0,0,0.0,0.0
2630,2631.0,931498932,2,0,0.0,0.0
2630,2631.0,cluster_12485993451_12485993457_444743027_999091207,3,2,21.0,0.0
2630,2631.0,cluster_12485993454_12485993455_12485993456_12485993458_#4more,0,1,9.0,4.336732900333591
2630,2631.0,cluster_12497859354_12497859355,0,0,0.0,26.22570557467382
2630,2631.0,cluster_1846673394_455570130,0,0,0.0,0.0
2630,2631.0,cluster_1933957591_1944596256_1944596258_500010840,0,0,0.0,17.426842351580802
2630,2631.0,cluster_286141464_317863064,3,1,6.0,6.49959642652239
2630,2631.0,cluster_317864209_317864212,5,11,636.0,0.8780309562498178
2630,2631.0,cluster_318319949_3665705327,0,1,28.0,0.0
2630,2631.0,cluster_444929591_444929853,0,0,0.0,17.903058184326987
2630,2631.0,cluster_453491193_453491196,0,6,119.0,0.0007211183938294737
2630,2631.0,joinedS_3056282982_cluster_500010834_500010835_500010836_500010837,2,0,0.0,0.0
2630,2631.0,joinedS_4159783704_4159783713,2,5,858.0,0.0
2640,2641.0,317267021,2,0,0.0,0.0
2640,2641.0,318319948,0,0,0.0,15.741348183373713
2640,2641.0,318319950,0,0,0.0,0.0
2640,2641.0,344715428,2,0,0.0,12.067384116272443
2640,2641.0,459095577,4,0,0.0,0.0
2640,2641.0,459095593,0,1,28.0,0.0
2640,2641.0,5672981203,2,0,0.0,0.0
2640,2641.0,6734642660,0,0,0.0,16.402180518750104
2640,2641.0,728359174,2,1,0.0,16.67
2640,2641.0,931498932,2,1,2.0,4.630675115316046
2640,2641.0,cluster_12485993451_12485993457_444743027_999091207,4,0,0.0,16.61727271069908
2640,2641.0,cluster_12485993454_12485993455_12485993456_12485993458_#4more,1,1,19.0,0.0
2640,2641.0,cluster_12497859354_12497859355,0,0,0.0,0.0
2640,2641.0,cluster_1846673394_455570130,0,0,0.0,0.0
2640,2641.0,cluster_1933957591_1944596256_1944596258_500010840,2,0,0.0,11.681742921601984
2640,2641.0,cluster_286141464_317863064,1,0,0.0,15.612639809212553
2640,2641.0,cluster_317864209_317864212,1,9,666.0,0.0
2640,2641.0,cluster_318319949_3665705327,0,1,38.0,7.5788015241612054
2640,2641.0,cluster_444929591_444929853,2,0,0.0,6.554153758091948
2640,2641.0,cluster_453491193_453491196,0,6,179.0,1.6308846361329956
2640,2641.0,joinedS_3056282982_cluster_500010834_500010835_500010836_500010837,0,0,0.0,15.475919551053849
2640,2641.0,joinedS_4159783704_4159783713,2,5,908.0,0.0
2650,2651.0,317267021,0,0,0.0,0.0
2650,2651.0,318319948,0,1,1.0,8.143294433680598
2650,2651.0,318319950,2,0,0.0,0.10304658832623732
2650,2651.0,344715428,0,0,0.0,6.501289221243045
2650,2651.0,459095577,5,0,0.0,0.0
2650,2651.0,459095593,0,1,38.0,8.108378115140722
2650,2651.0,5672981203,2,0,0.0,15.30456354953348
2650,2651.0,6734642660,0,0,0.0,0.0
2650,2651.0,728359174,0,1,0.0,16.67
2650,2651.0,931498932,2,1,12.0,6.673244280836474
2650,2651.0,cluster_12485993451_12485993457_444743027_999091207,0,0,0.0,7.065970429150562
2650,2651.0,cluster_12485993454_12485993455_12485993456_12485993458_#4more,2,0,0.0,5.7935661938249225
2650,2651.0,cluster_12497859354_12497859355,2,0,0.0,0.0
2650,2651.0,cluster_1846673394_455570130,0,0,0.0,10.614297461901343
2650,2651.0,cluster_1933957591_1944596256_1944596258_500010840,0,0,0.0,12.359260658773229
2650,2651.0,cluster_286141464_317863064,2,2,8.0,0.0011498089611730955
2650,2651.0,cluster_317864209_317864212,3,8,732.0,1.665602496526012
2650,2651.0,cluster_318319949_3665705327,0,1,48.0,7.689984757557355
2650,2651.0,cluster_444929591_444929853,4,0,0.0,0.0
2650,2651.0,cluster_453491193_453491196,2,0,0.0,2.7523696540916753
2650,2651.0,joinedS_3056282982_cluster_500010834_500010835_500010836_500010837,2,0,0.0,10.642193636754525
2650,2651.0,joinedS_4159783704_4159783713,3,5,958.0,0.0
2660,2661.0,317267021,0,0,0.0,0.0
2660,2661.0,318319948,0,1,11.0,8.036191865070723
2660,2661.0,318319950,0,0,0.0,7.939653193037964
2660,2661.0,344715428,2,0,0.0,0.0
2660,2661.0,459095577,7,0,0.0,0.0
2660,2661.0,459095593,2,1,7.0,0.0
2660,2661.0,5672981203,2,0,0.0,0.0
2660,2661.0,6734642660,0,0,0.0,15.42857049146908
2660,2661.0,728359174,2,1,0.0,16.67
2660,2661.0,931498932,2,2,27.0,4.128052718523038
2660,2661.0,cluster_12485993451_12485993457_444743027_999091207,0,1,8.0,3.132409612372206
2660,2661.0,cluster_12485993454_12485993455_12485993456_12485993458_#4more,4,3,27.0,2.5234350604625324
2660,2661.0,cluster_12497859354_12497859355,0,0,0.0,0.0
2660,2661.0,cluster_1846673394_455570130,0,1,5.0,3.6502708821300143
2660,2661.0,cluster_1933957591_1944596256_1944596258_500010840,0,1,10.0,0.0
2660,2661.0,cluster_286141464_317863064,0,0,0.0,3.3748986343067466
2660,2661.0,cluster_317864209_317864212,4,10,819.0,0.4804314201825242
2660,2661.0,cluster_318319949_3665705327,2,0,0.0,15.80847188681959
2660,2661.0,cluster_444929591_444929853,4,0,0.0,15.11833585972317
2660,2661.0,cluster_453491193_453491196,2,0,0.0,8.473535187894049
2660,2661.0,joinedS_3056282982_cluster_500010834_500010835_500010836_500010837,2,0,0.0,7.547667035738225
2660,2661.0,joinedS_4159783704_4159783713,5,5,1008.0,0.0
2670,2671.0,317267021,2,0,0.0,0.0
2670,2671.0,318319948,0,2,24.0,0.0028885074241699563
2670,2671.0,318319950,2,0,0.0,3.6739506829398287
2670,2671.0,344715428,2,0,0.0,17.319247840312013
2670,2671.0,459095577,1,0,0.0,0.0
2670,2671.0,459095593,0,1,4.0,0.0
2670,2671.0,5672981203,0,0,0.0,0.0
2670,2671.0,6734642660,0,0,0.0,0.0
2670,2671.0,728359174,2,0,0.0,2.5203160677803647
2670,2671.0,931498932,2,4,56.0,2.437196569280269
2670,2671.0,cluster_12485993451_12485993457_444743027_999091207,0,4,39.0,3.450906702856053
2670,2671.0,cluster_12485993454_12485993455_12485993456_12485993458_#4more,4,4,64.0,0.0
2670,2671.0,cluster_12497859354_12497859355,0,0,0.0,0.0
2670,2671.0,cluster_1846673394_455570130,0,1,2.0,0.26817730546287755
2670,2671.0,cluster_1933957591_1944596256_1944596258_500010840,0,1,20.0,4.270682204914389
2670,2671.0,cluster_286141464_317863064,2,0,0.0,15.099554821013205
2670,2671.0,cluster_317864209_317864212,0,5,346.0,1.4944911225593756
2670,2671.0,cluster_318319949_3665705327,0,0,0.0,0.0
2670,2671.0,cluster_444929591_444929853,4,0,0.0,0.0
2670,2671.0,cluster_453491193_453491196,2,0,0.0,6.48095059645613
2670,2671.0,joinedS_3056282982_cluster_500010834_500010835_500010836_500010837,2,2,17.0,0.0
2670,2671.0,joinedS_4159783704_4159783713,1,5,1058.0,0.0
2680,2681.0,317267021,0,1,3.0,0.0001498577232102712
2680,2681.0,318319948,0,2,44.0,4.0722600825073725
2680,2681.0,318319950,0,0,0.0,5.609816841636278
2680,2681.0,344715428,2,0,0.0,14.401599743940194
2680,2681.0,459095577,3,0,0.0,0.0
2680,2681.0,459095593,2,0,0.0,13.831129132175098
2680,2681.0,5672981203,2,0,0.0,0.0
2680,2681.0,6734642660,0,0,0.0,0.0
2680,2681.0,728359174,2,1,0.0,16.67
2680,2681.0,931498932,2,6,111.0,7.004773142551974e-05
2680,2681.0,cluster_12485993451_12485993457_444743027_999091207,0,4,79.0,3.2904398316662005
2680,2681.0,cluster_12485993454_12485993455_12485993456_12485993458_#4more,4,4,104.0,1.5878537631266196
2680,2681.0,cluster_12497859354_12497859355,2,0,0.0,0.0
2680,2681.0,cluster_1846673394_455570130,0,0,0.0,0.7365557482500271
2680,2681.0,cluster_1933957591_1944596256_1944596258_500010840,0,1,30.0,0.0
2680,2681.0,cluster_286141464_317863064,0,0,0.0,8.827605347491232
2680,2681.0,cluster_317864209_317864212,2,1,3.0,2.808643723697951
2680,2681.0,cluster_318319949_3665705327,2,0,0.0,0.0
2680,2681.0,cluster_444929591_444929853,4,0,0.0,0.0
2680,2681.0,cluster_453491193_453491196,0,2,9.0,0.00523054468701701
2680,2681.0,joinedS_3056282982_cluster_500010834_500010835_500010836_500010837,2,2,37.0,2.664010962240185
2680,2681.0,joinedS_4159783704_4159783713,3,5,1108.0,0.0
2690,2691.0,317267021,2,0,0.0,0.1409148773175445
2690,2691.0,318319948,2,1,2.0,8.746427996630631
2690,2691.0,318319950,2,0,0.0,6.241339050229373
2690,2691.0,344715428,2,0,0.0,17.00752699145299
2690,2691.0,459095577,5,0,0.0,0.0
2690,2691.0,459095593,0,0,0.0,0.0
2690,2691.0,5672981203,0,0,0.0,0.0
2690,2691.0,6734642660,0,0,0.0,0.0
2690,2691.0,728359174,2,1,0.0,16.67
2690,2691.0,931498932,0,0,0.0,3.548090771912091
2690,2691.0,cluster_12485993451_12485993457_444743027_999091207,0,4,119.0,0.0
2690,2691.0,cluster_12485993454_12485993455_12485993456_12485993458_#4more,4,5,151.0,3.0599556709436557
2690,2691.0,cluster_12497859354_12497859355,0,0,0.0,0.0
2690,2691.0,cluster_1846673394_455570130,0,0,0.0,0.0
2690,2691.0,cluster_1933957591_1944596256_1944596258_500010840,0,1,40.0,8.54771460729218
2690,2691.0,cluster_286141464_317863064,1,0,0.0,3.792225327565831
2690,2691.0,cluster_317864209_317864212,4,9,57.0,0.007880946353013528
2690,2691.0,cluster_318319949_3665705327,0,0,0.0,0.0
2690,2691.0,cluster_444929591_444929853,6,0,0.0,15.09869907846476
2690,2691.0,cluster_453491193_453491196,2,0,0.0,6.90275092527817
2690,2691.0,joinedS_3056282982_cluster_500010834_500010835_500010836_500010837,2,3,63.0,0.0
2690,2691.0,joinedS_4159783704_4159783713,4,5,1158.0,0.0
2700,2701.0,317267021,2,1,10.0,5.801105259831659
2700,2701.0,318319948,0,3,21.0,1.4742557113627501
2700,2701.0,318319950,2,1,9.0,5.774622136398857
2700,2701.0,344715428,2,1,4.0,0.0014318475179210712
2700,2701.0,459095577,7,0,0.0,0.0
2700,2701.0,459095593,0,1,3.0,0.002978271813897254
2700,2701.0,5672981203,2,0,0.0,0.0
2700,2701.0,6734642660,0,0,0.0,0.0
2700,2701.0,728359174,2,0,0.0,3.2542241507342844
2700,2701.0,931498932,2,2,13.0,0.8074219551690506
2700,2701.0,cluster_12485993451_12485993457_444743027_999091207,0,4,159.0,0.0
2700,2701.0,cluster_12485993454_12485993455_12485993456_12485993458_#4more,5,8,219.0,0.9321147420811724
2700,2701.0,cluster_12497859354_12497859355,0,0,0.0,0.0
2700,2701.0,cluster_1846673394_455570130,0,0,0.0,0.0
2700,2701.0,cluster_1933957591_1944596256_1944596258_500010840,0,1,50.0,10.18953791780143
2700,2701.0,cluster_286141464_317863064,3,2,16.0,3.9480983312712783
2700,2701.0,cluster_317864209_317864212,0,6,91.0,0.09466272845217719
2700,2701.0,cluster_318319949_3665705327,1,0,0.0,12.344658395508299
2700,2701.0,cluster_444929591_444929853,0,0,0.0,16.669240887491036
2700,2701.0,cluster_453491193_453491196,0,1,4.0,7.533874720514072
2700,2701.0,joinedS_3056282982_cluster_500010834_500010835_500010836_500010837,2,3,93.0,1.4071692101686537
2700,2701.0,joinedS_4159783704_4159783713,0,5,1208.0,0.0
2710,2711.0,317267021,3,1,20.0,6.138048553511904
2710,2711.0,318319948,2,4,46.0,3.2815030165462993
2710,2711.0,318319950,2,2,27.0,0.0
2710,2711.0,344715428,0,0,0.0,15.30196013310954
2710,2711.0,459095577,0,0,0.0,0.0
2710,2711.0,459095593,0,1,13.0,0.0
2710,2711.0,5672981203,0,0,0.0,0.0
2710,2711.0,6734642660,0,0,0.0,0.0
2710,2711.0,728359174,2,1,0.0,16.67
2710,2711.0,931498932,0,0,0.0,2.904658288042992
2710,2711.0,cluster_12485993451_12485993457_444743027_999091207,2,4,199.0,0.0
2710,2711.0,cluster_12485993454_12485993455_12485993456_12485993458_#4more,6,7,119.0,0.6624808630420777
2710,2711.0,cluster_12497859354_12497859355,2,0,0.0,0.0
2710,2711.0,cluster_1846673394_455570130,0,0,0.0,0.0
2710,2711.0,cluster_1933957591_1944596256_1944596258_500010840,2,1,1.0,3.9729284782994183
2710,2711.0,cluster_286141464_317863064,1,1,3.0,10.423250479539773
2710,2711.0,cluster_317864209_317864212,0,3,7.0,2.4015355513911194
2710,2711.0,cluster_318319949_3665705327,3,0,0.0,16.241704519167545
2710,2711.0,cluster_444929591_444929853,2,0,0.0,16.383115236116573
2710,2711.0,cluster_453491193_453491196,2,0,0.0,1.034365881141275
2710,2711.0,joinedS_3056282982_cluster_500010834_500010835_500010836_500010837,0,0,0.0,14.886028818937497
2710,2711.0,joinedS_4159783704_4159783713,2,5,1258.0,0.0
2720,2721.0,317267021,1,1,5.0,4.022114330384312
2720,2721.0,318319948,0,0,0.0,0.73130846235233
2720,2721.0,318319950,2,2,47.0,0.0
2720,2721.0,344715428,2,0,0.0,13.8666781441158
2720,2721.0,459095577,2,0,0.0,0.0
2720,2721.0,459095593,0,2,27.0,4.992384054463377
2720,2721.0,5672981203,0,0,0.0,9.138687566624036
2720,2721.0,6734642660,0,0,0.0,0.0
2720,2721.0,728359174,0,1,0.0,16.67
2720,2721.0,931498932,2,0,0.0,0.0
2720,2721.0,cluster_12485993451_12485993457_444743027_999091207,4,0,0.0,3.6037990646867155
2720,2721.0,cluster_12485993454_12485993455_12485993456_12485993458_#4more,7,7,189.0,0.0406854865675585
2720,2721.0,cluster_12497859354_12497859355,0,0,0.0,16.095526289422516
2720,2721.0,cluster_1846673394_455570130,0,0,0.0,0.0
2720,2721.0,cluster_1933957591_1944596256_1944596258_500010840,0,0,0.0,0.0
2720,2721.0,cluster_286141464_317863064,3,3,12.0,4.123212305221644
2720,2721.0,cluster_317864209_317864212,0,10,77.0,0.009232618467074348
2720,2721.0,cluster_318319949_3665705327,1,1,3.0,0.010336286245212397
2720,2721.0,cluster_444929591_444929853,4,0,0.0,0.0
2720,2721.0,cluster_453491193_453491196,0,0,0.0,0.0
2720,2721.0,joinedS_3056282982_cluster_500010834_500010835_500010836_500010837,2,0,0.0,16.100642809020357
2720,2721.0,joinedS_4159783704_4159783713,4,5,1308.0,0.0
2730,2731.0,317267021,2,1,7.0,3.2649258655760676
2730,2731.0,318319948,2,1,1.0,8.212734939594018
2730,2731.0,318319950,2,4,71.0,0.005978788768908188
2730,2731.0,344715428,0,0,0.0,0.0
2730,2731.0,459095577,4,0,0.0,2.7287069433017983
2730,2731.0,459095593,0,2,47.0,0.0
2730,2731.0,5672981203,0,0,0.0,16.14798310914077
2730,2731.0,6734642660,0,0,0.0,0.0
2730,2731.0,728359174,2,0,0.0,15.74721649240517
2730,2731.0,931498932,0,0,0.0,0.0
2730,2731.0,cluster_12485993451_12485993457_444743027_999091207,4,0,0.0,12.37791672685804
2730,2731.0,cluster_12485993454_12485993455_12485993456_12485993458_#4more,0,1,27.0,3.7461144782531024
2730,2731.0,cluster_12497859354_12497859355,0,0,0.0,0.0
2730,2731.0,cluster_1846673394_455570130,0,0,0.0,2.7488343343647905
2730,2731.0,cluster_1933957591_1944596256_1944596258_500010840,2,1,2.0,8.395828637337452
2730,2731.0,cluster_286141464_317863064,0,1,3.0,0.0004916995446049456
2730,2731.0,cluster_317864209_317864212,0,8,131.0,0.06857386956242
2730,2731.0,cluster_318319949_3665705327,2,0,0.0,9.785188538767397
2730,2731.0,cluster_444929591_444929853,6,0,0.0,0.0
2730,2731.0,cluster_453491193_453491196,0,1,2.0,0.023398695668335835
2730,2731.0,joinedS_3056282982_cluster_500010834_500010835_500010836_500010837,0,0,0.0,6.6957852238812485
2730,2731.0,joinedS_4159783704_4159783713,0,4,777.0,0.06955750415587933
2740,2741.0,317267021,0,1,1.0,0.027137339841804126
2740,2741.0,318319948,2,2,15.0,0.00039994820662273396
2740,2741.0,318319950,0,0,0.0,0.0
2740,2741.0,344715428,2,0,0.0,0.0
2740,2741.0,459095577,6,1,8.0,0.0
2740,2741.0,459095593,2,1,2.0,0.09837326008303249
2740,2741.0,5672981203,0,0,0.0,0.0
2740,2741.0,6734642660,0,0,0.0,0.0
2740,2741.0,728359174,0,0,0.0,0.0
2740,2741.0,931498932,1,0,0.0,0.0
2740,2741.0,cluster_12485993451_12485993457_444743027_999091207,0,0,0.0,0.0
2740,2741.0,cluster_12485993454_12485993455_12485993456_12485993458_#4more,1,1,37.0,9.022564666454182
2740,2741.0,cluster_12497859354_12497859355,2,0,0.0,14.163017794035476
2740,2741.0,cluster_1846673394_455570130,0,0,0.0,0.0
2740,2741.0,cluster_1933957591_1944596256_1944596258_500010840,3,3,25.0,0.0010700998330148564
2740,2741.0,cluster_286141464_317863064,2,0,0.0,16.181858732718975
2740,2741.0,cluster_317864209_317864212,0,5,60.0,0.8676352673103913
2740,2741.0,cluster_318319949_3665705327,0,0,0.0,13.337712052944116
2740,2741.0,cluster_444929591_444929853,6,0,0.0,0.0
2740,2741.0,cluster_453491193_453491196,0,1,12.0,0.0
2740,2741.0,joinedS_3056282982_cluster_500010834_500010835_500010836_500010837,2,0,0.0,14.858861941613716
2740,2741.0,joinedS_4159783704_4159783713,0,7,234.0,0.04124638169198858
2750,2751.0,317267021,2,0,0.0,0.0
2750,2751.0,318319948,2,3,36.0,0.005676476922845762
2750,2751.0,318319950,2,0,0.0,6.230888605493004
2750,2751.0,344715428,2,0,0.0,0.0
2750,2751.0,459095577,0,0,0.0,0.0
2750,2751.0,459095593,0,0,0.0,0.0
2750,2751.0,5672981203,2,0,0.0,0.0
2750,2751.0,6734642660,0,0,0.0,16.745544835318444
2750,2751.0,728359174,0,0,0.0,12.791827359696674
2750,2751.0,931498932,3,0,0.0,16.165119810570033
2750,2751.0,cluster_12485993451_12485993457_444743027_999091207,2,1,1.0,4.548119036752859
2750,2751.0,cluster_12485993454_12485993455_12485993456_12485993458_#4more,2,2,51.0,5.3293245979486175
2750,2751.0,cluster_12497859354_12497859355,3,2,11.0,0.0002202220462420889
2750,2751.0,cluster_1846673394_455570130,0,0,0.0,0.0
2750,2751.0,cluster_1933957591_1944596256_1944596258_500010840,1,0,0.0,0.0
2750,2751.0,cluster_286141464_317863064,0,0,0.0,12.068732553725141
2750,2751.0,cluster_317864209_317864212,1,10,137.0,0.0028514710429953967
2750,2751.0,cluster_318319949_3665705327,2,0,0.0,16.101101670023056
2750,2751.0,cluster_444929591_444929853,6,0,0.0,0.0
2750,2751.0,cluster_453491193_453491196,2,0,0.0,0.0
2750,2751.0,joinedS_3056282982_cluster_500010834_500010835_500010836_500010837,3,0,0.0,16.56481700123288
2750,2751.0,joinedS_4159783704_4159783713,0,8,303.0,0.0
2760,2761.0,317267021,0,0,0.0,9.610268117098716
2760,2761.0,318319948,2,3,66.0,0.0
2760,2761.0,318319950,0,0,0.0,13.093662998093881
2760,2761.0,344715428,0,0,0.0,0.0
2760,2761.0,459095577,2,0,0.0,0.0
2760,2761.0,459095593,1,0,0.0,7.476720305167675
2760,2761.0,5672981203,0,0,0.0,0.0
2760,2761.0,6734642660,0,0,0.0,0.0
2760,2761.0,728359174,0,1,0.0,16.67
2760,2761.0,931498932,1,0,0.0,0.0
2760,2761.0,cluster_12485993451_12485993457_444743027_999091207,2,3,21.0,0.10099500586633961
2760,2761.0,cluster_12485993454_12485993455_12485993456_12485993458_#4more,3,5,88.0,2.8344900257961623
2760,2761.0,cluster_12497859354_12497859355,0,0,0.0,0.0
2760,2761.0,cluster_1846673394_455570130,0,0,0.0,0.0
2760,2761.0,cluster_1933957591_1944596256_1944596258_500010840,3,0,0.0,15.02782905971048
2760,2761.0,cluster_286141464_317863064,2,1,1.0,8.946995990620673
2760,2761.0,cluster_317864209_317864212,2,8,145.0,4.02801438076571
2760,2761.0,cluster_318319949_3665705327,0,2,1.0,0.0058559681422410866
2760,2761.0,cluster_444929591_444929853,6,0,0.0,0.0
2760,2761.0,cluster_453491193_453491196,0,0,0.0,15.982114551430563
2760,2761.0,joinedS_3056282982_cluster_500010834_500010835_500010836_500010837,1,0,0.0,0.0
2760,2761.0,joinedS_4159783704_4159783713,0,6,354.0,0.41140901833092985
2770,2771.0,317267021,1,3,14.0,4.397870763173966
2770,2771.0,318319948,2,3,96.0,0.0
2770,2771.0,318319950,2,0,0.0,12.433511519773276
2770,2771.0,344715428,2,0,0.0,0.0
2770,2771.0,459095577,4,0,0.0,0.0
2770,2771.0,459095593,3,1,3.0,4.789403978427068
2770,2771.0,5672981203,2,0,0.0,0.0
2770,2771.0,6734642660,0,0,0.0,0.0
2770,2771.0,728359174,0,1,0.0,16.67
2770,2771.0,931498932,2,0,0.0,0.0
2770,2771.0,cluster_12485993451_12485993457_444743027_999091207,3,4,60.0,0.0
2770,2771.0,cluster_12485993454_12485993455_12485993456_12485993458_#4more,5,9,104.0,2.837966024724295
2770,2771.0,cluster_12497859354_12497859355,1,0,0.0,0.0
2770,2771.0,cluster_1846673394_455570130,0,0,0.0,0.0
2770,2771.0,cluster_1933957591_1944596256_1944596258_500010840,0,1,6.0,12.28804498971322
2770,2771.0,cluster_286141464_317863064,0,0,0.0,16.074813133624108
2770,2771.0,cluster_317864209_317864212,4,8,225.0,1.7638550062633533
2770,2771.0,cluster_318319949_3665705327,2,0,0.0,8.669247023549753
2770,2771.0,cluster_444929591_444929853,6,0,0.0,0.0
2770,2771.0,cluster_453491193_453491196,2,1,2.0,0.006422247394860591
2770,2771.0,joinedS_3056282982_cluster_500010834_500010835_500010836_500010837,3,1,1.0,8.455398545888944
2770,2771.0,joinedS_4159783704_4159783713,1,8,427.0,0.0
2780,2781.0,317267021,3,3,15.0,0.07553779642214606
2780,2781.0,318319948,2,3,126.0,5.7007511726017395
2780,2781.0,318319950,2,1,4.0,2.5171056541961634
2780,2781.0,344715428,0,0,0.0,0.0
2780,2781.0,459095577,6,0,0.0,0.0
2780,2781.0,459095593,1,0,0.0,0.0
2780,2781.0,5672981203,0,0,0.0,0.0
2780,2781.0,6734642660,0,0,0.0,0.0
2780,2781.0,728359174,0,1,0.0,16.67
2780,2781.0,931498932,0,0,0.0,16.150316587816924
2780,2781.0,cluster_12485993451_12485993457_444743027_999091207,5,0,0.0,4.211761050296514
2780,2781.0,cluster_12485993454_12485993455_12485993456_12485993458_#4more,7,11,199.0,0.0009428555264207859
2780,2781.0,cluster_12497859354_12497859355,3,0,0.0,4.774243755531245
2780,2781.0,cluster_1846673394_455570130,0,0,0.0,16.888191167766877
2780,2781.0,cluster_1933957591_1944596256_1944596258_500010840,2,0,0.0,14.119132572921668
2780,2781.0,cluster_286141464_317863064,0,0,0.0,16.190865047546225
2780,2781.0,cluster_317864209_317864212,0,6,187.0,0.20579497133232522
2780,2781.0,cluster_318319949_3665705327,0,0,0.0,11.844645633850604
2780,2781.0,cluster_444929591_444929853,6,0,0.0,0.0
2780,2781.0,cluster_453491193_453491196,0,0,0.0,4.391058283940897
2780,2781.0,joinedS_3056282982_cluster_500010834_500010835_500010836_500010837,0,1,11.0,8.263743510374093
2780,2781.0,joinedS_4159783704_4159783713,3,7,410.0,0.0
2790,2791.0,317267021,1,0,0.0,0.0
2790,2791.0,318319948,0,2,5.0,1.8409962954356527
2790,2791.0,318319950,2,2,22.0,0.0
2790,2791.0,344715428,2,0,0.0,14.661619972141724
2790,2791.0,459095577,0,1,3.0,0.005620371501015632
2790,2791.0,459095593,2,0,0.0,0.0
2790,2791.0,5672981203,2,0,0.0,0.0
2790,2791.0,6734642660,0,0,0.0,17.593939936091015
2790,2791.0,728359174,0,1,1.0,0.001660443280135421
2790,2791.0,931498932,2,0,0.0,0.0
2790,2791.0,cluster_12485993451_12485993457_444743027_999091207,0,2,12.0,6.3647586072925915
2790,2791.0,cluster_12485993454_12485993455_12485993456_12485993458_#4more,0,3,48.0,2.884144761199085
2790,2791.0,cluster_12497859354_12497859355,0,0,0.0,0.0
2790,2791.0,cluster_1846673394_455570130,0,0,0.0,0.0
2790,2791.0,cluster_1933957591_1944596256_1944596258_500010840,0,0,0.0,14.107861928971575
2790,2791.0,cluster_286141464_317863064,0,0,0.0,17.44758563725
2790,2791.0,cluster_317864209_317864212,0,2,22.0,2.661025343893249
2790,2791.0,cluster_318319949_3665705327,0,0,0.0,13.41112108404061
2790,2791.0,cluster_444929591_444929853,0,0,0.0,0.0
2790,2791.0,cluster_453491193_453491196,2,0,0.0,0.0
2790,2791.0,joinedS_3056282982_cluster_500010834_500010835_500010836_500010837,2,0,0.0,12.94334749316025
2790,2791.0,joinedS_4159783704_4159783713,5,6,422.0,0.0
2800,2801.0,317267021,3,0,0.0,0.0
2800,2801.0,318319948,2,2,9.0,0.0035618615085961183
2800,2801.0,318319950,0,0,0.0,10.114246513542126
2800,2801.0,344715428,0,0,0.0,0.0
2800,2801.0,459095577,0,1,13.0,0.0
2800,2801.0,459095593,0,0,0.0,0.0
2800,2801.0,5672981203,2,0,0.0,0.0
2800,2801.0,6734642660,0,0,0.0,0.0
2800,2801.0,728359174,2,0,0.0,0.0
2800,2801.0,931498932,3,1,1.0,0.04986893445988706
2800,2801.0,cluster_12485993451_12485993457_444743027_999091207,2,3,40.0,1.714234162643926
2800,2801.0,cluster_12485993454_12485993455_12485993456_12485993458_#4more,2,3,64.0,0.15666709245415403
2800,2801.0,cluster_12497859354_12497859355,1,0,0.0,0.0
2800,2801.0,cluster_1846673394_455570130,0,0,0.0,0.0
2800,2801.0,cluster_1933957591_1944596256_1944596258_500010840,0,0,0.0,16.264946848642943
2800,2801.0,cluster_286141464_317863064,0,1,4.0,7.409799932997467
2800,2801.0,cluster_317864209_317864212,0,9,78.0,0.0217365758604982
2800,2801.0,cluster_318319949_3665705327,0,1,9.0,9.897199078351928
2800,2801.0,cluster_444929591_444929853,2,0,0.0,0.0
2800,2801.0,cluster_453491193_453491196,2,0,0.0,14.86141591038054
2800,2801.0,joinedS_3056282982_cluster_500010834_500010835_500010836_500010837,0,0,0.0,7.575701152854216
2800,2801.0,joinedS_4159783704_4159783713,0,6,482.0,0.0
2810,2811.0,317267021,0,0,0.0,0.0
2810,2811.0,318319948,0,0,0.0,0.0
2810,2811.0,318319950,2,0,0.0,5.056152043459887
2810,2811.0,344715428,0,0,0.0,11.581085747897237
2810,2811.0,459095577,0,1,23.0,0.0
2810,2811.0,459095593,2,0,0.0,7.368973078115045
2810,2811.0,5672981203,2,0,0.0,0.0
2810,2811.0,6734642660,0,0,0.0,0.0
2810,2811.0,728359174,0,0,0.0,0.0
2810,2811.0,931498932,1,0,0.0,13.215563019068766
2810,2811.0,cluster_12485993451_12485993457_444743027_999091207,4,0,0.0,5.424025563547696
2810,2811.0,cluster_12485993454_12485993455_12485993456_12485993458_#4more,2,2,62.0,1.2884580315915912
2810,2811.0,cluster_12497859354_12497859355,3,0,0.0,15.552782447145834
2810,2811.0,cluster_1846673394_455570130,0,0,0.0,0.0
2810,2811.0,cluster_1933957591_1944596256_1944596258_500010840,0,0,0.0,9.892515024173989
2810,2811.0,cluster_286141464_317863064,0,2,18.0,8.193939295774726
2810,2811.0,cluster_317864209_317864212,0,10,177.0,1.527595490499487
2810,2811.0,cluster_318319949_3665705327,0,1,19.0,11.633263715249413
2810,2811.0,cluster_444929591_444929853,4,0,0.0,17.05430881125914
2810,2811.0,cluster_453491193_453491196,2,2,4.0,4.099783850171074
2810,2811.0,joinedS_3056282982_cluster_500010834_500010835_500010836_500010837,2,0,0.0,13.41099252400148
2810,2811.0,joinedS_4159783704_4159783713,2,5,511.0,0.0
2820,2821.0,317267021,2,0,0.0,0.0
2820,2821.0,318319948,2,0,0.0,0.6707556623369226
2820,2821.0,318319950,2,2,15.0,4.837280384874961
2820,2821.0,344715428,0,2,12.0,0.000992471672348563
2820,2821.0,459095577,0,1,33.0,0.0
2820,2821.0,459095593,0,0,0.0,16.400677376966925
2820,2821.0,5672981203,0,0,0.0,0.0
2820,2821.0,6734642660,0,0,0.0,0.0
2820,2821.0,728359174,2,0,0.0,16.471666945172476
2820,2821.0,931498932,3,0,0.0,0.0
2820,2821.0,cluster_12485993451_12485993457_444743027_999091207,5,0,0.0,15.614742687066805
2820,2821.0,cluster_12485993454_12485993455_12485993456_12485993458_#4more,3,3,90.0,2.797848557189701
2820,2821.0,cluster_12497859354_12497859355,0,0,0.0,0.0
2820,2821.0,cluster_1846673394_455570130,0,0,0.0,13.680870258293176
2820,2821.0,cluster_1933957591_1944596256_1944596258_500010840,0,1,8.0,6.1285380944600725
2820,2821.0,cluster_286141464_317863064,0,3,43.0,0.29733758556004375
2820,2821.0,cluster_317864209_317864212,0,3,95.0,2.428805567180629
2820,2821.0,cluster_318319949_3665705327,0,3,33.0,0.8498577398953923
2820,2821.0,cluster_444929591_444929853,6,0,0.0,17.647321828557793
2820,2821.0,cluster_453491193_453491196,0,2,4.0,0.06785198894957867
2820,2821.0,joinedS_3056282982_cluster_500010834_500010835_500010836_500010837,0,0,0.0,11.81888139282333
2820,2821.0,joinedS_4159783704_4159783713,4,4,278.0,0.06291347941110291
2830,2831.0,317267021,0,0,0.0,0.0
2830,2831.0,318319948,0,0,0.0,0.0
2830,2831.0,318319950,2,3,41.0,0.00015125707777745415
2830,2831.0,344715428,0,2,32.0,0.0
2830,2831.0,459095577,2,1,43.0,0.0
2830,2831.0,459095593,2,0,0.0,0.0
2830,2831.0,5672981203,2,0,0.0,0.0
2830,2831.0,6734642660,0,0,0.0,0.0
2830,2831.0,728359174,3,1,0.0,16.67
2830,2831.0,931498932,0,0,0.0,0.0
2830,2831.0,cluster_12485993451_12485993457_444743027_999091207,0,0,0.0,13.583894705455752
2830,2831.0,cluster_12485993454_12485993455_12485993456_12485993458_#4more,5,5,77.0,2.1664895578001747e-05
2830,2831.0,cluster_12497859354_12497859355,1,0,0.0,19.10099967077374
2830,2831.0,cluster_1846673394_455570130,0,0,0.0,0.0
2830,2831.0,cluster_1933957591_1944596256_1944596258_500010840,0,2,26.0,0.0
2830,2831.0,cluster_286141464_317863064,2,2,2.0,2.8234008594860356
2830,2831.0,cluster_317864209_317864212,1,10,149.0,1.5261881722218982
2830,2831.0,cluster_318319949_3665705327,0,4,72.0,0.0
2830,2831.0,cluster_444929591_444929853,0,0,0.0,13.566062486184041
2830,2831.0,cluster_453491193_453491196,2,0,0.0,2.0260419102419513
2830,2831.0,joinedS_3056282982_cluster_500010834_500010835_500010836_500010837,1,0,0.0,16.646016932958737
2830,2831.0,joinedS_4159783704_4159783713,4,6,333.0,0.0
2840,2841.0,317267021,2,0,0.0,11.973224125190143
2840,2841.0,318319948,0,0,0.0,0.0
2840,2841.0,318319950,2,3,71.0,1.0965828000101112
2840,2841.0,344715428,0,2,52.0,0.0
2840,2841.0,459095577,4,0,0.0,0.0
2840,2841.0,459095593,2,0,0.0,0.0
2840,2841.0,5672981203,0,0,0.0,0.0
2840,2841.0,6734642660,0,0,0.0,3.5305020005209373
2840,2841.0,728359174,1,2,1.0,5.482111750909568
2840,2841.0,931498932,2,0,0.0,0.0
2840,2841.0,cluster_12485993451_12485993457_444743027_999091207,2,0,0.0,0.0
2840,2841.0,cluster_12485993454_12485993455_12485993456_12485993458_#4more,7,4,78.0,0.0
2840,2841.0,cluster_12497859354_12497859355,3,1,5.0,0.0
2840,2841.0,cluster_1846673394_455570130,0,0,0.0,0.0
2840,2841.0,cluster_1933957591_1944596256_1944596258_500010840,0,2,46.0,4.725562397714554
2840,2841.0,cluster_286141464_317863064,3,2,22.0,5.860482825546807
2840,2841.0,cluster_317864209_317864212,2,9,114.0,4.610502360004006e-05
2840,2841.0,cluster_318319949_3665705327,2,0,0.0,3.367963843191773
2840,2841.0,cluster_444929591_444929853,2,2,9.0,0.00028372510135039853
2840,2841.0,cluster_453491193_453491196,0,1,3.0,0.0002312974838167052
2840,2841.0,joinedS_3056282982_cluster_500010834_500010835_500010836_500010837,2,0,0.0,9.64392411831093
2840,2841.0,joinedS_4159783704_4159783713,4,6,393.0,0.0
2850,2851.0,317267021,0,0,0.0,0.37204476616717563
2850,2851.0,318319948,2,0,0.0,0.0
2850,2851.0,318319950,2,4,109.0,2.352443205184163
2850,2851.0,344715428,2,0,0.0,0.0
2850,2851.0,459095577,6,0,0.0,0.0
2850,2851.0,459095593,0,0,0.0,14.420585571180688
2850,2851.0,5672981203,2,0,0.0,0.0
2850,2851.0,6734642660,0,0,0.0,0.0
2850,2851.0,728359174,2,0,0.0,3.0874186303932225
2850,2851.0,931498932,0,0,0.0,7.215718739419803
2850,2851.0,cluster_12485993451_12485993457_444743027_999091207,4,0,0.0,0.0
2850,2851.0,cluster_12485993454_12485993455_12485993456_12485993458_#4more,0,0,0.0,0.0
2850,2851.0,cluster_12497859354_12497859355,0,0,0.0,0.0
2850,2851.0,cluster_1846673394_455570130,0,0,0.0,0.0
2850,2851.0,cluster_1933957591_1944596256_1944596258_500010840,2,2,6.0,8.069019348058566
2850,2851.0,cluster_286141464_317863064,0,0,0.0,4.420215515141565
2850,2851.0,cluster_317864209_317864212,4,8,192.0,1.4993769461522806
2850,2851.0,cluster_318319949_3665705327,0,1,4.0,8.183191758741481
2850,2851.0,cluster_444929591_444929853,4,0,0.0,15.229413102903845
2850,2851.0,cluster_453491193_453491196,2,0,0.0,12.34498885736803
2850,2851.0,joinedS_3056282982_cluster_500010834_500010835_500010836_500010837,0,1,1.0,12.205413416938493
2850,2851.0,joinedS_4159783704_4159783713,5,6,453.0,0.0
2860,2861.0,317267021,1,1,9.0,0.0
2860,2861.0,318319948,0,0,0.0,0.0
2860,2861.0,318319950,0,0,0.0,1.9098389417376993
2860,2861.0,344715428,0,0,0.0,12.581697298428585
2860,2861.0,459095577,0,0,0.0,0.0
2860,2861.0,459095593,1,0,0.0,14.296822767403638
2860,2861.0,5672981203,0,0,0.0,0.0
2860,2861.0,6734642660,0,0,0.0,16.57229351441376
2860,2861.0,728359174,0,0,0.0,6.277697605769718
2860,2861.0,931498932,2,0,0.0,4.266235995878229
2860,2861.0,cluster_12485993451_12485993457_444743027_999091207,5,0,0.0,0.0
2860,2861.0,cluster_12485993454_12485993455_12485993456_12485993458_#4more,2,0,0.0,13.221384825757777
2860,2861.0,cluster_12497859354_12497859355,1,0,0.0,23.735914298000495
2860,2861.0,cluster_1846673394_455570130,0,0,0.0,0.0
2860,2861.0,cluster_1933957591_1944596256_1944596258_500010840,3,6,55.0,0.00037200156772868547
2860,2861.0,cluster_286141464_317863064,2,1,1.0,8.142940033644644
2860,2861.0,cluster_317864209_317864212,0,8,210.0,0.06001616593736739
2860,2861.0,cluster_318319949_3665705327,2,0,0.0,0.0
2860,2861.0,cluster_444929591_444929853,6,0,0.0,12.0167552083265
2860,2861.0,cluster_453491193_453491196,0,0,0.0,14.127092920677045
2860,2861.0,joinedS_3056282982_cluster_500010834_500010835_500010836_500010837,2,0,0.0,14.631342183109103
2860,2861.0,joinedS_4159783704_4159783713,1,6,513.0,0.0
2870,2871.0,317267021,3,0,0.0,0.0
2870,2871.0,318319948,2,0,0.0,9.054225988711348
2870,2871.0,318319950,2,1,2.0,8.108540198310022
2870,2871.0,344715428,2,1,1.0,7.484705578277843
2870,2871.0,459095577,1,0,0.0,0.0
2870,2871.0,459095593,3,1,5.0,0.0
2870,2871.0,5672981203,0,0,0.0,0.0
2870,2871.0,6734642660,0,0,0.0,14.185692728011661
2870,2871.0,728359174,2,1,0.0,16.67
2870,2871.0,931498932,0,0,0.0,10.756385858948846
2870,2871.0,cluster_12485993451_12485993457_444743027_999091207,0,1,2.0,2.3045683168294855
2870,2871.0,cluster_12485993454_12485993455_12485993456_12485993458_#4more,2,2,10.0,0.0038246830765418954
2870,2871.0,cluster_12497859354_12497859355,3,1,4.0,0.00033502817850034126
2870,2871.0,cluster_1846673394_455570130,0,0,0.0,10.544842440756499
2870,2871.0,cluster_1933957591_1944596256_1944596258_500010840,1,1,1.0,0.9789536154572074
2870,2871.0,cluster_286141464_317863064,0,0,0.0,15.689925769102889
2870,2871.0,cluster_317864209_317864212,2,2,7.0,4.404019709600048
2870,2871.0,cluster_318319949_3665705327,2,0,0.0,0.0
2870,2871.0,cluster_444929591_444929853,0,0,0.0,16.648657009918246
2870,2871.0,cluster_453491193_453491196,0,1,3.0,0.0
2870,2871.0,joinedS_3056282982_cluster_500010834_500010835_500010836_500010837,2,3,13.0,1.82978826935448
2870,2871.0,joinedS_4159783704_4159783713,3,4,478.0,0.0
2880,2881.0,317267021,0,0,0.0,10.397138096785534
2880,2881.0,318319948,0,0,0.0,8.56941921006485
2880,2881.0,318319950,2,2,16.0,5.424867957841241
2880,2881.0,344715428,0,0,0.0,15.39617645585581
2880,2881.0,459095577,2,0,0.0,0.0
2880,2881.0,459095593,1,0,0.0,0.0
2880,2881.0,5672981203,0,0,0.0,0.0
2880,2881.0,6734642660,0,0,0.0,14.104852571897569
2880,2881.0,728359174,0,1,0.0,16.67
2880,2881.0,931498932,2,0,0.0,0.0
2880,2881.0,cluster_12485993451_12485993457_444743027_999091207,2,4,21.0,0.0015285793385994657
2880,2881.0,cluster_12485993454_12485993455_12485993456_12485993458_#4more,2,2,30.0,0.0
2880,2881.0,cluster_12497859354_12497859355,0,0,0.0,0.0
2880,2881.0,cluster_1846673394_455570130,0,0,0.0,8.916054503563688
2880,2881.0,cluster_1933957591_1944596256_1944596258_500010840,2,2,20.0,5.373679637023645
2880,2881.0,cluster_286141464_317863064,0,1,6.0,8.152451865596348
2880,2881.0,cluster_317864209_317864212,2,9,71.0,2.486214396445815
2880,2881.0,cluster_318319949_3665705327,2,0,0.0,0.25856855911739485
2880,2881.0,cluster_444929591_444929853,0,0,0.0,16.314533211737874
2880,2881.0,cluster_453491193_453491196,0,1,13.0,0.31423739394446687
2880,2881.0,joinedS_3056282982_cluster_500010834_500010835_500010836_500010837,2,5,61.0,2.567649852003577
2880,2881.0,joinedS_4159783704_4159783713,5,5,520.0,0.0
2890,2891.0,317267021,2,0,0.0,6.6121071575806765
2890,2891.0,318319948,2,0,0.0,0.0
2890,2891.0,318319950,2,3,41.0,0.0
2890,2891.0,344715428,2,0,0.0,0.39110445674578687
2890,2891.0,459095577,4,0,0.0,0.0
2890,2891.0,459095593,2,0,0.0,0.0
2890,2891.0,5672981203,2,0,0.0,0.0
2890,2891.0,6734642660,0,0,0.0,0.0
2890,2891.0,728359174,2,1,0.0,16.67
2890,2891.0,931498932,2,0,0.0,9.398433883273482
2890,2891.0,cluster_12485993451_12485993457_444743027_999091207,4,0,0.0,7.302720701263021
2890,2891.0,cluster_12485993454_12485993455_12485993456_12485993458_#4more,2,2,50.0,0.0
2890,2891.0,cluster_12497859354_12497859355,1,0,0.0,0.0
2890,2891.0,cluster_1846673394_455570130,0,0,0.0,0.0
2890,2891.0,cluster_1933957591_1944596256_1944596258_500010840,0,0,0.0,1.1365547384134012
2890,2891.0,cluster_286141464_317863064,2,1,3.0,9.367811818814632
2890,2891.0,cluster_317864209_317864212,2,10,168.0,1.244474117502613e-05
2890,2891.0,cluster_318319949_3665705327,2,1,10.0,0.0
2890,2891.0,cluster_444929591_444929853,0,1,3.0,8.074778790018236
2890,2891.0,cluster_453491193_453491196,0,2,32.0,0.04085493517014086
2890,2891.0,joinedS_3056282982_cluster_500010834_500010835_500010836_500010837,2,5,111.0,2.7500571167453507
2890,2891.0,joinedS_4159783704_4159783713,0,6,578.0,0.0
2900,2901.0,317267021,0,0,0.0,2.874674420065322
2900,2901.0,318319948,2,0,0.0,16.267658044239507
2900,2901.0,318319950,2,3,71.0,0.0
2900,2901.0,344715428,2,1,9.0,0.0
2900,2901.0,459095577,6,0,0.0,0.0
2900,2901.0,459095593,0,1,8.0,0.0
2900,2901.0,5672981203,0,0,0.0,0.0
2900,2901.0,6734642660,0,0,0.0,0.0
2900,2901.0,728359174,0,2,6.0,0.024014270203081896
2900,2901.0,931498932,2,2,16.0,0.0
2900,2901.0,cluster_12485993451_12485993457_444743027_999091207,5,1,1.0,1.3855128780563322
2900,2901.0,cluster_12485993454_12485993455_12485993456_12485993458_#4more,3,2,70.0,0.0
2900,2901.0,cluster_12497859354_12497859355,3,0,0.0,24.340356262929202
2900,2901.0,cluster_1846673394_455570130,0,0,0.0,15.69548063907772
2900,2901.0,cluster_1933957591_1944596256_1944596258_500010840,2,0,0.0,0.0
2900,2901.0,cluster_286141464_317863064,0,0,0.0,6.161275451286666
2900,2901.0,cluster_317864209_317864212,2,10,268.0,1.350039506922456
2900,2901.0,cluster_318319949_3665705327,2,1,20.0,8.04567122751847
2900,2901.0,cluster_444929591_444929853,0,1,13.0,7.994580004204245
2900,2901.0,cluster_453491193_453491196,0,4,65.0,0.0015407916123312796
2900,2901.0,joinedS_3056282982_cluster_500010834_500010835_500010836_500010837,2,6,165.0,0.8683450307102668
2900,2901.0,joinedS_4159783704_4159783713,0,6,638.0,0.0
2910,2911.0,317267021,2,0,0.0,11.068475856979582
2910,2911.0,318319948,0,1,3.0,0.013440870627470073
2910,2911.0,318319950,2,3,101.0,0.0
2910,2911.0,344715428,2,1,19.0,1.2293762006278794
2910,2911.0,459095577,0,1,5.0,0.0012845942805511448
2910,2911.0,459095593,2,0,0.0,9.83800085494499
2910,2911.0,5672981203,2,0,0.0,15.997351539809147
2910,2911.0,6734642660,0,0,0.0,0.0
2910,2911.0,728359174,0,2,26.0,0.6593991615390391
2910,2911.0,931498932,2,2,36.0,0.0
2910,2911.0,cluster_12485993451_12485993457_444743027_999091207,1,3,24.0,0.9134939536847723
2910,2911.0,cluster_12485993454_12485993455_12485993456_12485993458_#4more,5,2,90.0,0.0
2910,2911.0,cluster_12497859354_12497859355,0,0,0.0,24.69153907050525
2910,2911.0,cluster_1846673394_455570130,0,0,0.0,0.0
2910,2911.0,cluster_1933957591_1944596256_1944596258_500010840,2,0,0.0,7.076077101289257
2910,2911.0,cluster_286141464_317863064,2,1,3.0,10.69553316928687
2910,2911.0,cluster_317864209_317864212,2,11,374.0,1.5022787845538483
2910,2911.0,cluster_318319949_3665705327,2,1,30.0,7.164323880816288
2910,2911.0,cluster_444929591_444929853,0,1,23.0,6.540166669180165
2910,2911.0,cluster_453491193_453491196,0,4,105.0,0.0
2910,2911.0,joinedS_3056282982_cluster_500010834_500010835_500010836_500010837,0,0,0.0,9.027445981626837
2910,2911.0,joinedS_4159783704_4159783713,0,6,698.0,0.0
2920,2921.0,317267021,3,1,1.0,4.422381876420871
2920,2921.0,318319948,2,0,0.0,15.22718818922846
2920,2921.0,318319950,0,0,0.0,12.924281639390925
2920,2921.0,344715428,2,2,38.0,0.0
2920,2921.0,459095577,2,1,15.0,0.0
2920,2921.0,459095593,0,0,0.0,0.0
2920,2921.0,5672981203,0,0,0.0,0.0
2920,2921.0,6734642660,0,0,0.0,0.0
2920,2921.0,728359174,0,3,55.0,0.0
2920,2921.0,931498932,2,3,58.0,2.178029592168813
2920,2921.0,cluster_12485993451_12485993457_444743027_999091207,3,4,63.0,0.26481434424624717
2920,2921.0,cluster_12485993454_12485993455_12485993456_12485993458_#4more,7,3,111.0,0.021774720887935042
2920,2921.0,cluster_12497859354_12497859355,1,0,0.0,0.0
2920,2921.0,cluster_1846673394_455570130,0,0,0.0,0.0
2920,2921.0,cluster_1933957591_1944596256_1944596258_500010840,2,3,22.0,4.735976820105745
2920,2921.0,cluster_286141464_317863064,0,1,5.0,0.0006481403974227057
2920,2921.0,cluster_317864209_317864212,2,12,492.0,0.4709094392651206
2920,2921.0,cluster_318319949_3665705327,0,0,0.0,16.627081599198423
2920,2921.0,cluster_444929591_444929853,0,2,39.0,0.0
2920,2921.0,cluster_453491193_453491196,2,0,0.0,7.306551154960942
2920,2921.0,joinedS_3056282982_cluster_500010834_500010835_500010836_500010837,1,0,0.0,16.387554641910832
2920,2921.0,joinedS_4159783704_4159783713,2,4,678.0,0.0
2930,2931.0,317267021,1,2,10.0,0.0
2930,2931.0,318319948,3,1,5.0,0.0
2930,2931.0,318319950,2,0,0.0,9.073398905031887
2930,2931.0,344715428,2,2,58.0,0.0
2930,2931.0,459095577,4,0,0.0,0.0
2930,2931.0,459095593,2,0,0.0,13.573164469180625
2930,2931.0,5672981203,2,0,0.0,0.0
2930,2931.0,6734642660,0,0,0.0,0.0
2930,2931.0,728359174,0,4,90.0,0.0003773255340896706
2930,2931.0,931498932,2,4,95.0,0.0
2930,2931.0,cluster_12485993451_12485993457_444743027_999091207,4,0,0.0,4.7786880574305535
2930,2931.0,cluster_12485993454_12485993455_12485993456_12485993458_#4more,0,0,0.0,16.377405234733597
2930,2931.0,cluster_12497859354_12497859355,3,0,0.0,0.0
2930,2931.0,cluster_1846673394_455570130,0,0,0.0,0.0
2930,2931.0,cluster_1933957591_1944596256_1944596258_500010840,2,6,66.0,3.3116362089105524
2930,2931.0,cluster_286141464_317863064,0,0,0.0,13.931261181645455
2930,2931.0,cluster_317864209_317864212,4,13,619.0,0.37131940768385213
2930,2931.0,cluster_318319949_3665705327,2,1,2.0,5.8060836808171405
2930,2931.0,cluster_444929591_444929853,2,2,59.0,0.0
2930,2931.0,cluster_453491193_453491196,0,2,10.0,4.088307408559132
2930,2931.0,joinedS_3056282982_cluster_500010834_500010835_500010836_500010837,3,1,3.0,7.425976121036953
2930,2931.0,joinedS_4159783704_4159783713,4,4,718.0,0.0
2940,2941.0,317267021,2,0,0.0,0.0
2940,2941.0,318319948,1,0,0.0,0.0
2940,2941.0,318319950,0,0,0.0,14.143109828332413
2940,2941.0,344715428,2,2,78.0,1.3114472030815083
2940,2941.0,459095577,6,0,0.0,0.0
2940,2941.0,459095593,0,0,0.0,2.8314878149375375
2940,2941.0,5672981203,2,0,0.0,0.0
2940,2941.0,6734642660,0,0,0.0,0.0
2940,2941.0,728359174,0,5,132.0,6.316837516757462e-05
2940,2941.0,931498932,0,1,4.0,4.38907159462635
2940,2941.0,cluster_12485993451_12485993457_444743027_999091207,0,0,0.0,0.0
2940,2941.0,cluster_12485993454_12485993455_12485993456_12485993458_#4more,2,0,0.0,0.0
2940,2941.0,cluster_12497859354_12497859355,0,0,0.0,26.89649829517571
2940,2941.0,cluster_1846673394_455570130,0,0,0.0,0.0
2940,2941.0,cluster_1933957591_1944596256_1944596258_500010840,2,8,140.0,0.8874742451434332
2940,2941.0,cluster_286141464_317863064,0,0,0.0,7.745620260985556
2940,2941.0,cluster_317864209_317864212,0,4,201.0,1.5750359599833457
2940,2941.0,cluster_318319949_3665705327,0,0,0.0,16.381685403296725
2940,2941.0,cluster_444929591_444929853,4,0,0.0,8.906247044865932
2940,2941.0,cluster_453491193_453491196,2,1,10.0,0.0
2940,2941.0,joinedS_3056282982_cluster_500010834_500010835_500010836_500010837,1,1,13.0,8.213929355018774
2940,2941.0,joinedS_4159783704_4159783713,0,4,758.0,0.0
2950,2951.0,317267021,0,0,0.0,0.33983791433282434
2950,2951.0,318319948,3,0,0.0,16.43869992045686
2950,2951.0,318319950,1,0,0.0,8.73431321685584
2950,2951.0,344715428,0,0,0.0,16.83635683508859
2950,2951.0,459095577,0,1,0.0,0.0
2950,2951.0,459095593,0,2,14.0,4.511843731051326
2950,2951.0,5672981203,2,0,0.0,8.060282907420564
2950,2951.0,6734642660,0,0,0.0,0.0
2950,2951.0,728359174,2,0,0.0,1.9529359927824494
2950,2951.0,931498932,2,2,9.0,0.08657261329039619
2950,2951.0,cluster_12485993451_12485993457_444743027_999091207,2,0,0.0,0.0
2950,2951.0,cluster_12485993454_12485993455_12485993456_12485993458_#4more,2,0,0.0,4.807971970252563
2950,2951.0,cluster_12497859354_12497859355,1,0,0.0,16.66453997190699
2950,2951.0,cluster_1846673394_455570130,0,0,0.0,14.32960918689922
2950,2951.0,cluster_1933957591_1944596256_1944596258_500010840,2,9,222.0,0.05608595197819607
2950,2951.0,cluster_286141464_317863064,0,3,10.0,2.4728801610820987
2950,2951.0,cluster_317864209_317864212,0,3,25.0,2.0986432103904082
2950,2951.0,cluster_318319949_3665705327,2,0,0.0,15.277205684434044
2950,2951.0,cluster_444929591_444929853,6,0,0.0,7.1807006458597025
2950,2951.0,cluster_453491193_453491196,2,0,0.0,17.152315162309506
2950,2951.0,joinedS_3056282982_cluster_500010834_500010835_500010836_500010837,3,1,23.0,10.689839440719448
2950,2951.0,joinedS_4159783704_4159783713,1,4,798.0,0.0
2960,2961.0,317267021,2,1,3.0,0.0001305946548783204
2960,2961.0,318319948,0,0,0.0,1.8367256731432056
2960,2961.0,318319950,3,4,24.0,0.0859998073470528
2960,2961.0,344715428,2,0,0.0,16.876923817033607
2960,2961.0,459095577,2,1,0.0,0.0
2960,2961.0,459095593,0,2,34.0,5.069017658815804
2960,2961.0,5672981203,0,0,0.0,16.18424343069084
2960,2961.0,6734642660,0,0,0.0,0.0
2960,2961.0,728359174,3,2,7.0,0.00012364063120286716
2960,2961.0,931498932,0,0,0.0,1.9538945680329047
2960,2961.0,cluster_12485993451_12485993457_444743027_999091207,4,0,0.0,0.0
2960,2961.0,cluster_12485993454_12485993455_12485993456_12485993458_#4more,4,2,8.0,0.04731558899251781
2960,2961.0,cluster_12497859354_12497859355,3,1,6.0,5.264729650318621
2960,2961.0,cluster_1846673394_455570130,0,0,0.0,3.9757658999127434
2960,2961.0,cluster_1933957591_1944596256_1944596258_500010840,0,0,0.0,7.465602531344848
2960,2961.0,cluster_286141464_317863064,2,3,30.0,5.825326211091868
2960,2961.0,cluster_317864209_317864212,0,6,54.0,0.2426179395542894
2960,2961.0,cluster_318319949_3665705327,0,0,0.0,16.082110875248627
2960,2961.0,cluster_444929591_444929853,0,0,0.0,14.021530225218596
2960,2961.0,cluster_453491193_453491196,2,0,0.0,0.0
2960,2961.0,joinedS_3056282982_cluster_500010834_500010835_500010836_500010837,0,2,38.0,4.960047712047476
2960,2961.0,joinedS_4159783704_4159783713,3,4,838.0,0.0
2970,2971.0,317267021,0,0,0.0,8.773509259055658
2970,2971.0,318319948,2,0,0.0,15.511167286428549
2970,2971.0,318319950,1,0,0.0,11.950277129478176
2970,2971.0,344715428,0,0,0.0,16.560616510441253
2970,2971.0,459095577,4,1,0.0,0.0
2970,2971.0,459095593,0,2,54.0,0.0
2970,2971.0,5672981203,2,0,0.0,15.233951813553269
2970,2971.0,6734642660,0,0,0.0,0.0
2970,2971.0,728359174,1,2,17.0,0.0
2970,2971.0,931498932,1,0,0.0,10.943317484529686
2970,2971.0,cluster_12485993451_12485993457_444743027_999091207,0,1,2.0,10.040066203366226
2970,2971.0,cluster_12485993454_12485993455_12485993456_12485993458_#4more,5,2,20.0,0.0007803348822550967
2970,2971.0,cluster_12497859354_12497859355,0,0,0.0,0.0
2970,2971.0,cluster_1846673394_455570130,0,0,0.0,0.2628594174260297
2970,2971.0,cluster_1933957591_1944596256_1944596258_500010840,1,0,0.0,4.8454430399858675
2970,2971.0,cluster_286141464_317863064,0,0,0.0,9.890389337903562
2970,2971.0,cluster_317864209_317864212,0,4,48.0,2.786438139667137
2970,2971.0,cluster_318319949_3665705327,0,0,0.0,17.583949231017353
2970,2971.0,cluster_444929591_444929853,2,0,0.0,14.975042358843329
2970,2971.0,cluster_453491193_453491196,2,0,0.0,16.26382771914825
2970,2971.0,joinedS_3056282982_cluster_500010834_500010835_500010836_500010837,2,2,58.0,5.387254540388415
2970,2971.0,joinedS_4159783704_4159783713,4,5,879.0,0.009650941134645818
2980,2981.0,317267021,2,0,0.0,12.30029865404356
2980,2981.0,318319948,0,0,0.0,4.476771227444137
2980,2981.0,318319950,3,1,6.0,0.0
2980,2981.0,344715428,2,0,0.0,0.0
2980,2981.0,459095577,6,1,0.0,0.0
2980,2981.0,459095593,0,2,74.0,0.0
2980,2981.0,5672981203,0,0,0.0,6.778607291393747
2980,2981.0,6734642660,0,0,0.0,0.0
2980,2981.0,728359174,3,1,0.0,16.67
2980,2981.0,931498932,3,1,2.0,0.05555975977888729
2980,2981.0,cluster_12485993451_12485993457_444743027_999091207,2,2,13.0,6.467847227968122
2980,2981.0,cluster_12485993454_12485993455_12485993456_12485993458_#4more,7,2,40.0,0.0
2980,2981.0,cluster_12497859354_12497859355,1,0,0.0,10.58159023884441
2980,2981.0,cluster_1846673394_455570130,0,0,0.0,0.0
2980,2981.0,cluster_1933957591_1944596256_1944596258_500010840,2,2,7.0,2.7568220839797166
2980,2981.0,cluster_286141464_317863064,1,4,26.0,1.01319614295994
2980,2981.0,cluster_317864209_317864212,0,10,128.0,0.459102772998444
2980,2981.0,cluster_318319949_3665705327,0,0,0.0,12.903285164762016
2980,2981.0,cluster_444929591_444929853,4,0,0.0,11.188144171850144
2980,2981.0,cluster_453491193_453491196,2,1,2.0,6.869302920741478
2980,2981.0,joinedS_3056282982_cluster_500010834_500010835_500010836_500010837,0,0,0.0,9.204460479110956
2980,2981.0,joinedS_4159783704_4159783713,4,6,936.0,0.0
2990,2991.0,317267021,0,0,0.0,16.438916063476356
2990,2991.0,318319948,2,0,0.0,14.334697146925675
2990,2991.0,318319950,0,0,0.0,15.954896552078145
2990,2991.0,344715428,2,0,0.0,18.21721081464013
2990,2991.0,459095577,0,1,0.0,0.0
2990,2991.0,459095593,2,0,0.0,4.041409082905081
2990,2991.0,5672981203,0,1,8.0,0.0
2990,2991.0,6734642660,0,0,0.0,0.0
2990,2991.0,728359174,0,1,0.0,16.67
2990,2991.0,931498932,1,0,0.0,2.6842271560367954
2990,2991.0,cluster_12485993451_12485993457_444743027_999091207,2,4,48.0,0.8503356887898577
2990,2991.0,cluster_12485993454_12485993455_12485993456_12485993458_#4more,0,0,0.0,0.0
2990,2991.0,cluster_12497859354_12497859355,3,1,7.0,0.0
2990,2991.0,cluster_1846673394_455570130,0,0,0.0,0.0
2990,2991.0,cluster_1933957591_1944596256_1944596258_500010840,0,0,0.0,9.987977580786747
2990,2991.0,cluster_286141464_317863064,2,0,0.0,4.2977309175371605
2990,2991.0,cluster_317864209_317864212,2,8,152.0,1.3797238124844924
2990,2991.0,cluster_318319949_3665705327,0,0,0.0,16.298652360802517
2990,2991.0,cluster_444929591_444929853,4,3,14.0,0.0036398163196873705
2990,2991.0,cluster_453491193_453491196,2,1,12.0,2.1241476758983744
2990,2991.0,joinedS_3056282982_cluster_500010834_500010835_500010836_500010837,2,2,7.0,0.029517494299750806
2990,2991.0,joinedS_4159783704_4159783713,4,6,996.0,0.0
3000,3001.0,317267021,0,2,8.0,0.0
3000,3001.0,318319948,0,0,0.0,8.08214007958245
3000,3001.0,318319950,2,1,3.0,8.165385529938627
3000,3001.0,344715428,2,0,0.0,17.690721024600062
3000,3001.0,459095577,0,1,0.0,5.770574608398017
3000,3001.0,459095593,3,1,8.0,1.1688243246770864
3000,3001.0,5672981203,0,1,18.0,0.0
3000,3001.0,6734642660,0,0,0.0,16.215757951913403
3000,3001.0,728359174,2,0,0.0,0.9391378106083721
3000,3001.0,931498932,2,0,0.0,6.708113027466842
3000,3001.0,cluster_12485993451_12485993457_444743027_999091207,3,5,96.0,1.9941787075134927
3000,3001.0,cluster_12485993454_12485993455_12485993456_12485993458_#4more,2,1,6.0,3.7583115895778945
3000,3001.0,cluster_12497859354_12497859355,0,0,0.0,18.660243015913284
3000,3001.0,cluster_1846673394_455570130,0,0,0.0,0.0
3000,3001.0,cluster_1933957591_1944596256_1944596258_500010840,2,0,0.0,14.805805717789308
3000,3001.0,cluster_286141464_317863064,3,0,0.0,13.70827566335844
3000,3001.0,cluster_317864209_317864212,2,9,239.0,2.312267730884299
3000,3001.0,cluster_318319949_3665705327,0,1,3.0,10.687339861421568
3000,3001.0,cluster_444929591_444929853,4,4,47.0,0.0001800105606048079
3000,3001.0,cluster_453491193_453491196,0,1,2.0,0.02984970698126269
3000,3001.0,joinedS_3056282982_cluster_500010834_500010835_500010836_500010837,0,0,0.0,0.5065254982044053
3000,3001.0,joinedS_4159783704_4159783713,4,6,1056.0,0.0
3010,3011.0,317267021,0,2,28.0,0.06655474551342297
3010,3011.0,318319948,2,1,4.0,11.42296368384441
3010,3011.0,318319950,0,0,0.0,0.0
3010,3011.0,344715428,2,0,0.0,4.198581950631372
3010,3011.0,459095577,0,1,0.0,0.0
3010,3011.0,459095593,1,0,0.0,1.132421901138149
3010,3011.0,5672981203,0,1,28.0,7.1249883840576995
3010,3011.0,6734642660,0,0,0.0,0.0
3010,3011.0,728359174,0,1,5.0,0.0
3010,3011.0,931498932,3,2,16.0,0.001210658051454838
3010,3011.0,cluster_12485993451_12485993457_444743027_999091207,5,0,0.0,6.2655844303421935
3010,3011.0,cluster_12485993454_12485993455_12485993456_12485993458_#4more,2,4,32.0,0.012796793425066443
3010,3011.0,cluster_12497859354_12497859355,1,0,0.0,0.0
3010,3011.0,cluster_1846673394_455570130,0,0,0.0,0.0
3010,3011.0,cluster_1933957591_1944596256_1944596258_500010840,0,0,0.0,18.214348494153356
3010,3011.0,cluster_286141464_317863064,0,2,12.0,7.885973997090726
3010,3011.0,cluster_317864209_317864212,2,10,336.0,0.7606081769270304
3010,3011.0,cluster_318319949_3665705327,0,1,13.0,7.629957277646916
3010,3011.0,cluster_444929591_444929853,4,4,87.0,1.5434751271830085
3010,3011.0,cluster_453491193_453491196,2,0,0.0,0.0
3010,3011.0,joinedS_3056282982_cluster_500010834_500010835_500010836_500010837,2,1,4.0,6.117822054875638
3010,3011.0,joinedS_4159783704_4159783713,0,6,1116.0,0.0
3020,3021.0,317267021,0,4,64.0,0.6183225691602894
3020,3021.0,318319948,2,0,0.0,0.0
3020,3021.0,318319950,2,0,0.0,0.0
3020,3021.0,344715428,2,1,8.0,5.54066608853709
3020,3021.0,459095577,0,1,0.0,0.0
3020,3021.0,459095593,3,0,0.0,0.0
3020,3021.0,5672981203,0,1,38.0,0.0
3020,3021.0,6734642660,0,0,0.0,0.0
3020,3021.0,728359174,2,0,0.0,0.0
3020,3021.0,931498932,1,1,4.0,9.458400025250498
3020,3021.0,cluster_12485993451_12485993457_444743027_999091207,0,1,7.0,0.0
3020,3021.0,cluster_12485993454_12485993455_12485993456_12485993458_#4more,4,2,35.0,0.0
3020,3021.0,cluster_12497859354_12497859355,3,0,0.0,0.0
3020,3021.0,cluster_1846673394_455570130,0,0,0.0,0.0
3020,3021.0,cluster_1933957591_1944596256_1944596258_500010840,0,0,0.0,15.853877191762425
3020,3021.0,cluster_286141464_317863064,2,0,0.0,6.578327485588154
3020,3021.0,cluster_317864209_317864212,2,10,436.0,0.622268705916634
3020,3021.0,cluster_318319949_3665705327,2,1,1.0,10.214245559149903
3020,3021.0,cluster_444929591_444929853,5,4,127.0,2.743197436831032
3020,3021.0,cluster_453491193_453491196,0,0,0.0,7.411410266738523
3020,3021.0,joinedS_3056282982_cluster_500010834_500010835_500010836_500010837,2,1,14.0,8.307251476533711
3020,3021.0,joinedS_4159783704_4159783713,2,6,1130.0,0.0
3030,3031.0,317267021,0,6,112.0,0.0
3030,3031.0,318319948,2,0,0.0,10.755009055383644
3030,3031.0,318319950,0,0,0.0,0.0
3030,3031.0,344715428,0,0,0.0,10.52157032417981
3030,3031.0,459095577,0,1,0.0,0.0
3030,3031.0,459095593,1,0,0.0,0.0
3030,3031.0,5672981203,2,0,0.0,0.0
3030,3031.0,6734642660,0,0,0.0,0.0
3030,3031.0,728359174,0,0,0.0,3.583772790664807
3030,3031.0,931498932,2,1,5.0,3.257673467544388
3030,3031.0,cluster_12485993451_12485993457_444743027_999091207,2,2,22.0,0.0
3030,3031.0,cluster_12485993454_12485993455_12485993456_12485993458_#4more,6,2,55.0,3.535820053971394
3030,3031.0,cluster_12497859354_12497859355,0,0,0.0,19.774375363890698
3030,3031.0,cluster_1846673394_455570130,0,0,0.0,0.0
3030,3031.0,cluster_1933957591_1944596256_1944596258_500010840,0,0,0.0,1.4846597906589434
3030,3031.0,cluster_286141464_317863064,0,0,0.0,16.026939205537715
3030,3031.0,cluster_317864209_317864212,2,12,547.0,0.0003480491667128038
3030,3031.0,cluster_318319949_3665705327,0,0,0.0,14.76186537502879
3030,3031.0,cluster_444929591_444929853,7,4,167.0,4.364395133847281
3030,3031.0,cluster_453491193_453491196,2,0,0.0,1.079008143718874
3030,3031.0,joinedS_3056282982_cluster_500010834_500010835_500010836_500010837,2,1,24.0,1.7768158008070254
3030,3031.0,joinedS_4159783704_4159783713,4,6,1190.0,0.0
3040,3041.0,317267021,0,6,172.0,2.3630167210514523
3040,3041.0,318319948,2,2,11.0,0.05824986753875
3040,3041.0,318319950,2,0,0.0,0.0
3040,3041.0,344715428,2,0,0.0,6.303337515212746
3040,3041.0,459095577,0,1,0.0,0.0
3040,3041.0,459095593,2,1,1.0,0.015210367621066838
3040,3041.0,5672981203,0,0,0.0,0.0
3040,3041.0,6734642660,0,0,0.0,0.0
3040,3041.0,728359174,2,0,0.0,0.7933345690402274
3040,3041.0,931498932,0,0,0.0,7.997027717181481
3040,3041.0,cluster_12485993451_12485993457_444743027_999091207,4,0,0.0,14.37041226208961
3040,3041.0,cluster_12485993454_12485993455_12485993456_12485993458_#4more,0,1,3.0,7.586707625918731
3040,3041.0,cluster_12497859354_12497859355,1,0,0.0,3.9116557485715706
3040,3041.0,cluster_1846673394_455570130,0,0,0.0,0.0
3040,3041.0,cluster_1933957591_1944596256_1944596258_500010840,0,2,20.0,0.0
3040,3041.0,cluster_286141464_317863064,2,0,0.0,0.0
3040,3041.0,cluster_317864209_317864212,3,12,667.0,1.154554066387767
3040,3041.0,cluster_318319949_3665705327,2,0,0.0,0.0
3040,3041.0,cluster_444929591_444929853,1,0,0.0,11.179553806513113
3040,3041.0,cluster_453491193_453491196,0,1,3.0,9.935953187448517
3040,3041.0,joinedS_3056282982_cluster_500010834_500010835_500010836_500010837,2,2,44.0,0.0
3040,3041.0,joinedS_4159783704_4159783713,0,2,92.0,1.0889103970866196
3050,3051.0,317267021,2,0,0.0,3.2185555978339195
3050,3051.0,318319948,2,3,41.0,0.0
3050,3051.0,318319950,2,0,0.0,8.562067586474
3050,3051.0,344715428,0,0,0.0,12.487017750120053
3050,3051.0,459095577,2,1,0.0,0.0
3050,3051.0,459095593,0,0,0.0,16.02347228152994
3050,3051.0,5672981203,2,0,0.0,0.0
3050,3051.0,6734642660,0,0,0.0,16.478316571591424
3050,3051.0,728359174,2,0,0.0,0.0
3050,3051.0,931498932,2,0,0.0,13.975668486859645
3050,3051.0,cluster_12485993451_12485993457_444743027_999091207,0,0,0.0,8.062185632371303
3050,3051.0,cluster_12485993454_12485993455_12485993456_12485993458_#4more,1,5,36.0,0.0007982700911425208
3050,3051.0,cluster_12497859354_12497859355,3,1,9.0,14.454610577856862
3050,3051.0,cluster_1846673394_455570130,0,0,0.0,0.0
3050,3051.0,cluster_1933957591_1944596256_1944596258_500010840,0,2,40.0,5.943369976368267
3050,3051.0,cluster_286141464_317863064,2,0,0.0,12.45883925729207
3050,3051.0,cluster_317864209_317864212,5,14,794.0,1.3900629608349533
3050,3051.0,cluster_318319949_3665705327,0,0,0.0,4.363172847870738
3050,3051.0,cluster_444929591_444929853,3,1,9.0,9.6157128093815
3050,3051.0,cluster_453491193_453491196,2,1,6.0,9.28915001686343
3050,3051.0,joinedS_3056282982_cluster_500010834_500010835_500010836_500010837,2,2,64.0,0.0
3050,3051.0,joinedS_4159783704_4159783713,1,3,113.0,0.05641490570229755
3060,3061.0,317267021,0,1,2.0,0.004405370891449859
3060,3061.0,318319948,2,3,71.0,3.4405553015018797
3060,3061.0,318319950,2,2,14.0,0.0
3060,3061.0,344715428,2,0,0.0,10.663109899887015
3060,3061.0,459095577,4,1,0.0,0.0
3060,3061.0,459095593,2,0,0.0,0.0
3060,3061.0,5672981203,0,0,0.0,0.0
3060,3061.0,6734642660,0,0,0.0,0.0
3060,3061.0,728359174,2,0,0.0,0.0
3060,3061.0,931498932,2,2,7.0,0.0012155031979785183
3060,3061.0,cluster_12485993451_12485993457_444743027_999091207,2,1,9.0,3.5074626667890696
3060,3061.0,cluster_12485993454_12485993455_12485993456_12485993458_#4more,2,6,73.0,3.1324383427853064
3060,3061.0,cluster_12497859354_12497859355,0,0,0.0,0.0
3060,3061.0,cluster_1846673394_455570130,0,0,0.0,13.749832859208702
3060,3061.0,cluster_1933957591_1944596256_1944596258_500010840,0,3,65.0,5.4137387026739955e-05
3060,3061.0,cluster_286141464_317863064,2,0,0.0,16.938870797630273
3060,3061.0,cluster_317864209_317864212,1,11,736.0,0.30318118338662065
3060,3061.0,cluster_318319949_3665705327,1,0,0.0,15.02123259744277
3060,3061.0,cluster_444929591_444929853,5,0,0.0,16.938116333709075
3060,3061.0,cluster_453491193_453491196,2,1,4.0,8.258296166956425
3060,3061.0,joinedS_3056282982_cluster_500010834_500010835_500010836_500010837,2,2,84.0,0.0
3060,3061.0,joinedS_4159783704_4159783713,3,6,164.0,0.00808292275329353
3070,3071.0,317267021,2,0,0.0,0.0
3070,3071.0,318319948,0,0,0.0,16.328385723410175
3070,3071.0,318319950,2,2,34.0,0.0
3070,3071.0,344715428,0,0,0.0,12.19764095610893
3070,3071.0,459095577,6,1,0.0,0.0
3070,3071.0,459095593,0,0,0.0,0.0
3070,3071.0,5672981203,2,0,0.0,0.0
3070,3071.0,6734642660,0,0,0.0,0.0
3070,3071.0,728359174,2,0,0.0,0.0
3070,3071.0,931498932,2,3,29.0,0.001040194414121303
3070,3071.0,cluster_12485993451_12485993457_444743027_999091207,4,0,0.0,12.316921574082224
3070,3071.0,cluster_12485993454_12485993455_12485993456_12485993458_#4more,3,6,133.0,0.0
3070,3071.0,cluster_12497859354_12497859355,1,0,0.0,7.226419942645584
3070,3071.0,cluster_1846673394_455570130,0,0,0.0,8.943736923532558
3070,3071.0,cluster_1933957591_1944596256_1944596258_500010840,2,0,0.0,8.544172263250463
3070,3071.0,cluster_286141464_317863064,2,1,5.0,10.923276940740271
3070,3071.0,cluster_317864209_317864212,2,9,802.0,0.0
3070,3071.0,cluster_318319949_3665705327,3,2,6.0,3.634309793546638
3070,3071.0,cluster_444929591_444929853,7,0,0.0,11.172083672103472
3070,3071.0,cluster_453491193_453491196,2,1,14.0,0.0
3070,3071.0,joinedS_3056282982_cluster_500010834_500010835_500010836_500010837,0,2,6.0,8.813378825377537
3070,3071.0,joinedS_4159783704_4159783713,4,6,224.0,0.0
3080,3081.0,317267021,0,0,0.0,0.0
3080,3081.0,318319948,2,0,0.0,0.0
3080,3081.0,318319950,2,2,54.0,0.9607461095930981
3080,3081.0,344715428,0,0,0.0,12.737463412896096
3080,3081.0,459095577,0,1,0.0,0.0
3080,3081.0,459095593,0,0,0.0,0.0
3080,3081.0,5672981203,2,0,0.0,0.0
3080,3081.0,6734642660,0,0,0.0,0.0
3080,3081.0,728359174,2,0,0.0,0.0
3080,3081.0,931498932,2,3,59.0,4.2211517393171
3080,3081.0,cluster_12485993451_12485993457_444743027_999091207,4,2,4.0,4.158987847600934
3080,3081.0,cluster_12485993454_12485993455_12485993456_12485993458_#4more,5,5,156.0,0.0
3080,3081.0,cluster_12497859354_12497859355,3,1,9.0,0.0
3080,3081.0,cluster_1846673394_455570130,0,0,0.0,0.6718174063141349
3080,3081.0,cluster_1933957591_1944596256_1944596258_500010840,0,0,0.0,13.228889344507206
3080,3081.0,cluster_286141464_317863064,2,3,19.0,4.0750597194940905
3080,3081.0,cluster_317864209_317864212,4,9,892.0,0.012751172294984259
3080,3081.0,cluster_318319949_3665705327,1,0,0.0,13.36253232243048
3080,3081.0,cluster_444929591_444929853,0,0,0.0,4.479246433875934
3080,3081.0,cluster_453491193_453491196,0,0,0.0,0.0
3080,3081.0,joinedS_3056282982_cluster_500010834_500010835_500010836_500010837,2,0,0.0,17.972514749900437
3080,3081.0,joinedS_4159783704_4159783713,0,6,284.0,0.0
3090,3091.0,317267021,0,1,3.0,0.26656631462825225
3090,3091.0,318319948,0,0,0.0,15.665316311125148
3090,3091.0,318319950,0,0,0.0,15.193999123961813
3090,3091.0,344715428,2,0,0.0,11.717790998300577
3090,3091.0,459095577,2,1,0.0,0.0
3090,3091.0,459095593,2,0,0.0,0.0
3090,3091.0,5672981203,2,0,0.0,0.0
3090,3091.0,6734642660,0,0,0.0,0.0
3090,3091.0,728359174,2,0,0.0,0.0
3090,3091.0,931498932,2,5,97.0,0.002249930965256601
3090,3091.0,cluster_12485993451_12485993457_444743027_999091207,4,2,24.0,0.0
3090,3091.0,cluster_12485993454_12485993455_12485993456_12485993458_#4more,7,2,64.0,1.7298364666278145
3090,3091.0,cluster_12497859354_12497859355,0,0,0.0,16.132858928397976
3090,3091.0,cluster_1846673394_455570130,0,0,0.0,11.283350141112402
3090,3091.0,cluster_1933957591_1944596256_1944596258_500010840,1,1,6.0,5.192800012619907
3090,3091.0,cluster_286141464_317863064,2,4,52.0,1.9790808590692275
3090,3091.0,cluster_317864209_317864212,0,8,828.0,0.00968815060125449
3090,3091.0,cluster_318319949_3665705327,2,1,4.0,4.155213553981603
3090,3091.0,cluster_444929591_444929853,2,1,9.0,2.388186671467214
3090,3091.0,cluster_453491193_453491196,2,0,0.0,0.0
3090,3091.0,joinedS_3056282982_cluster_500010834_500010835_500010836_500010837,0,0,0.0,0.0
3090,3091.0,joinedS_4159783704_4159783713,1,6,344.0,0.0
3100,3101.0,317267021,2,1,3.0,0.004362731349156514
3100,3101.0,318319948,2,0,0.0,0.0
3100,3101.0,318319950,2,0,0.0,0.0
3100,3101.0,344715428,0,0,0.0,11.650378976011766
3100,3101.0,459095577,4,1,0.0,0.0
3100,3101.0,459095593,0,0,0.0,16.270360060390086
3100,3101.0,5672981203,0,0,0.0,16.625111630354077
3100,3101.0,6734642660,0,0,0.0,0.0
3100,3101.0,728359174,0,0,0.0,15.998911112570454
3100,3101.0,931498932,2,5,147.0,0.0
3100,3101.0,cluster_12485993451_12485993457_444743027_999091207,4,2,44.0,5.454815010396679
3100,3101.0,cluster_12485993454_12485993455_12485993456_12485993458_#4more,0,1,8.0,0.0
3100,3101.0,cluster_12497859354_12497859355,1,0,0.0,16.363759141430677
3100,3101.0,cluster_1846673394_455570130,0,0,0.0,0.0
3100,3101.0,cluster_1933957591_1944596256_1944596258_500010840,2,1,6.0,0.0
3100,3101.0,cluster_286141464_317863064,0,0,0.0,4.22820166526862
3100,3101.0,cluster_317864209_317864212,2,2,3.0,3.4292273642804694
3100,3101.0,cluster_318319949_3665705327,0,0,0.0,0.0
3100,3101.0,cluster_444929591_444929853,4,0,0.0,13.588509942868152
3100,3101.0,cluster_453491193_453491196,0,1,1.0,0.17124453861497763
3100,3101.0,joinedS_3056282982_cluster_500010834_500010835_500010836_500010837,2,0,0.0,5.218875501920347
3100,3101.0,joinedS_4159783704_4159783713,3,6,404.0,0.0
3110,3111.0,317267021,0,0,0.0,0.0
3110,3111.0,318319948,2,0,0.0,0.0
3110,3111.0,318319950,0,0,0.0,0.0
3110,3111.0,344715428,2,0,0.0,0.0
3110,3111.0,459095577,6,1,0.0,0.0
3110,3111.0,459095593,1,0,0.0,0.0
3110,3111.0,5672981203,2,0,0.0,0.0
3110,3111.0,6734642660,0,0,0.0,0.0
3110,3111.0,728359174,2,0,0.0,0.0
3110,3111.0,931498932,0,0,0.0,7.555807382762838
3110,3111.0,cluster_12485993451_12485993457_444743027_999091207,4,3,66.0,9.346877612417439e-05
3110,3111.0,cluster_12485993454_12485993455_12485993456_12485993458_#4more,2,1,18.0,4.513751000503477
3110,3111.0,cluster_12497859354_12497859355,3,2,11.0,0.00038149453732730056
3110,3111.0,cluster_1846673394_455570130,0,0,0.0,10.54274559142068
3110,3111.0,cluster_1933957591_1944596256_1944596258_500010840,0,0,0.0,0.0
3110,3111.0,cluster_286141464_317863064,2,1,4.0,6.836637070085674
3110,3111.0,cluster_317864209_317864212,3,9,59.0,0.00805289394057037
3110,3111.0,cluster_318319949_3665705327,2,0,0.0,0.0
3110,3111.0,cluster_444929591_444929853,6,0,0.0,13.731923234419753
3110,3111.0,cluster_453491193_453491196,2,0,0.0,0.9150966294575482
3110,3111.0,joinedS_3056282982_cluster_500010834_500010835_500010836_500010837,0,0,0.0,14.082116441974916
3110,3111.0,joinedS_4159783704_4159783713,4,6,464.0,0.0
3120,3121.0,317267021,2,0,0.0,10.777876301109792
3120,3121.0,318319948,2,0,0.0,0.0
3120,3121.0,318319950,0,0,0.0,0.0
3120,3121.0,344715428,2,0,0.0,17.74221390288127
3120,3121.0,459095577,0,1,0.0,0.0
3120,3121.0,459095593,2,1,3.0,8.060795739160591
3120,3121.0,5672981203,0,0,0.0,13.788359415601224
3120,3121.0,6734642660,0,0,0.0,0.0
3120,3121.0,728359174,0,0,0.0,18.51834544002948
3120,3121.0,931498932,1,0,0.0,11.158271483134097
3120,3121.0,cluster_12485993451_12485993457_444743027_999091207,5,3,96.0,0.0
3120,3121.0,cluster_12485993454_12485993455_12485993456_12485993458_#4more,2,2,34.0,4.059002387722706
3120,3121.0,cluster_12497859354_12497859355,0,0,0.0,0.0
3120,3121.0,cluster_1846673394_455570130,0,0,0.0,0.0
3120,3121.0,cluster_1933957591_1944596256_1944596258_500010840,2,0,0.0,0.0
3120,3121.0,cluster_286141464_317863064,0,0,0.0,12.256645663039578
3120,3121.0,cluster_317864209_317864212,5,10,151.0,0.00020927953008688832
3120,3121.0,cluster_318319949_3665705327,0,0,0.0,0.0
3120,3121.0,cluster_444929591_444929853,0,0,0.0,15.400464342377497
3120,3121.0,cluster_453491193_453491196,3,0,0.0,0.0
3120,3121.0,joinedS_3056282982_cluster_500010834_500010835_500010836_500010837,2,0,0.0,16.532000004062432
3120,3121.0,joinedS_4159783704_4159783713,0,6,524.0,0.0
3130,3131.0,317267021,0,0,0.0,17.879524814298623
3130,3131.0,318319948,2,0,0.0,8.405885169335106
3130,3131.0,318319950,0,0,0.0,0.0
3130,3131.0,344715428,2,0,0.0,10.919234077782288
3130,3131.0,459095577,2,1,0.0,0.0
3130,3131.0,459095593,0,1,7.0,0.0
3130,3131.0,5672981203,0,0,0.0,0.0
3130,3131.0,6734642660,0,0,0.0,0.0
3130,3131.0,728359174,2,0,0.0,0.0
3130,3131.0,931498932,3,1,7.0,7.281955595137705
3130,3131.0,cluster_12485993451_12485993457_444743027_999091207,1,0,0.0,10.679227209288927
3130,3131.0,cluster_12485993454_12485993455_12485993456_12485993458_#4more,4,3,47.0,2.99765863401518
3130,3131.0,cluster_12497859354_12497859355,1,0,0.0,0.0
3130,3131.0,cluster_1846673394_455570130,0,0,0.0,0.0
3130,3131.0,cluster_1933957591_1944596256_1944596258_500010840,0,0,0.0,12.461149467976725
3130,3131.0,cluster_286141464_317863064,2,0,0.0,15.53923593931921
3130,3131.0,cluster_317864209_317864212,0,2,17.0,2.4595070685035147
3130,3131.0,cluster_318319949_3665705327,2,0,0.0,0.0
3130,3131.0,cluster_444929591_444929853,2,1,5.0,10.579089684117568
3130,3131.0,cluster_453491193_453491196,0,1,2.0,6.145270320754238
3130,3131.0,joinedS_3056282982_cluster_500010834_500010835_500010836_500010837,2,1,1.0,0.02088221523949151
3130,3131.0,joinedS_4159783704_4159783713,2,6,584.0,0.0
3140,3141.0,317267021,1,1,1.0,3.5642539883522115
3140,3141.0,318319948,2,1,8.0,0.0
3140,3141.0,318319950,0,0,0.0,5.9079656439480095
3140,3141.0,344715428,2,1,6.0,8.147399750831537
3140,3141.0,459095577,4,1,0.0,0.0
3140,3141.0,459095593,2,0,0.0,2.1378769237445687
3140,3141.0,5672981203,2,0,0.0,17.74064327254939
3140,3141.0,6734642660,0,0,0.0,0.0
3140,3141.0,728359174,0,0,0.0,6.444194905855695
3140,3141.0,931498932,1,0,0.0,13.837347056872222
3140,3141.0,cluster_12485993451_12485993457_444743027_999091207,3,2,13.0,0.0
3140,3141.0,cluster_12485993454_12485993455_12485993456_12485993458_#4more,5,5,89.0,0.291118785958278
3140,3141.0,cluster_12497859354_12497859355,3,0,0.0,0.0
3140,3141.0,cluster_1846673394_455570130,0,0,0.0,0.0
3140,3141.0,cluster_1933957591_1944596256_1944596258_500010840,1,1,7.0,7.778416021518886
3140,3141.0,cluster_286141464_317863064,0,0,0.0,0.0
3140,3141.0,cluster_317864209_317864212,0,9,75.0,0.04372945498134519
3140,3141.0,cluster_318319949_3665705327,0,0,0.0,0.0
3140,3141.0,cluster_444929591_444929853,4,1,3.0,5.376751937171797
3140,3141.0,cluster_453491193_453491196,2,0,0.0,2.9171033615484063
3140,3141.0,joinedS_3056282982_cluster_500010834_500010835_500010836_500010837,2,1,11.0,0.0
3140,3141.0,joinedS_4159783704_4159783713,4,6,644.0,0.0
3150,3151.0,317267021,3,0,0.0,2.9999990323460506
3150,3151.0,318319948,2,1,18.0,4.213447249181498
3150,3151.0,318319950,0,0,0.0,0.0
3150,3151.0,344715428,2,1,16.0,8.146895084404388
3150,3151.0,459095577,4,1,0.0,0.0
3150,3151.0,459095593,0,0,0.0,0.0
3150,3151.0,5672981203,0,0,0.0,0.10838133799151195
3150,3151.0,6734642660,0,0,0.0,0.0
3150,3151.0,728359174,2,0,0.0,0.0
3150,3151.0,931498932,2,2,8.0,4.114244030772689
3150,3151.0,cluster_12485993451_12485993457_444743027_999091207,5,0,0.0,14.065904490212382
3150,3151.0,cluster_12485993454_12485993455_12485993456_12485993458_#4more,7,7,98.0,1.7304257317674265
3150,3151.0,cluster_12497859354_12497859355,0,0,0.0,16.081212728777903
3150,3151.0,cluster_1846673394_455570130,0,0,0.0,0.0
3150,3151.0,cluster_1933957591_1944596256_1944596258_500010840,3,1,5.0,0.0010961208693476
3150,3151.0,cluster_286141464_317863064,2,0,0.0,7.574157270996091
3150,3151.0,cluster_317864209_317864212,0,6,104.0,0.4361803599796184
3150,3151.0,cluster_318319949_3665705327,0,0,0.0,0.0
3150,3151.0,cluster_444929591_444929853,5,1,1.0,7.5857618401179305
3150,3151.0,cluster_453491193_453491196,0,1,4.0,1.2891622351253818
3150,3151.0,joinedS_3056282982_cluster_500010834_500010835_500010836_500010837,0,0,0.0,0.0
3150,3151.0,joinedS_4159783704_4159783713,0,6,704.0,0.0
3160,3161.0,317267021,0,2,9.0,4.633259262021562
3160,3161.0,318319948,0,0,0.0,0.0
3160,3161.0,318319950,0,0,0.0,0.0
3160,3161.0,344715428,0,1,2.0,0.09051206465858101
3160,3161.0,459095577,4,1,0.0,0.0
3160,3161.0,459095593,2,0,0.0,11.629977064064043
3160,3161.0,5672981203,2,0,0.0,0.0
3160,3161.0,6734642660,0,0,0.0,16.184259629417213
3160,3161.0,728359174,2,0,0.0,0.0
3160,3161.0,931498932,0,0,0.0,4.660975206830237
3160,3161.0,cluster_12485993451_12485993457_444743027_999091207,0,2,8.0,8.71344704394857
3160,3161.0,cluster_12485993454_12485993455_12485993456_12485993458_#4more,0,2,42.0,1.013195608738243
3160,3161.0,cluster_12497859354_12497859355,1,0,0.0,15.819755944827689
3160,3161.0,cluster_1846673394_455570130,0,0,0.0,0.0
3160,3161.0,cluster_1933957591_1944596256_1944596258_500010840,1,0,0.0,0.0
3160,3161.0,cluster_286141464_317863064,2,1,10.0,9.335706295624032
3160,3161.0,cluster_317864209_317864212,0,6,92.0,0.33397755019916037
3160,3161.0,cluster_318319949_3665705327,2,0,0.0,13.67863618430061
3160,3161.0,cluster_444929591_444929853,0,1,11.0,6.345856715913051
3160,3161.0,cluster_453491193_453491196,2,1,2.0,4.072325231873021
3160,3161.0,joinedS_3056282982_cluster_500010834_500010835_500010836_500010837,2,1,0.0,1.0591818440007046
3160,3161.0,joinedS_4159783704_4159783713,2,6,764.0,0.0
3170,3171.0,317267021,2,1,6.0,4.693039570838574
3170,3171.0,318319948,2,0,0.0,0.0
3170,3171.0,318319950,2,0,0.0,0.0
3170,3171.0,344715428,2,0,0.0,7.5567413113261415
3170,3171.0,459095577,4,1,0.0,0.0
3170,3171.0,459095593,0,0,0.0,0.0
3170,3171.0,5672981203,0,0,0.0,0.0
3170,3171.0,6734642660,0,0,0.0,0.0
3170,3171.0,728359174,0,0,0.0,0.0
3170,3171.0,931498932,2,1,2.0,5.756108501831038
3170,3171.0,cluster_12485993451_12485993457_444743027_999091207,2,3,35.0,0.8129699813909822
3170,3171.0,cluster_12485993454_12485993455_12485993456_12485993458_#4more,2,3,14.0,0.43278618420541276
3170,3171.0,cluster_12497859354_12497859355,2,1,3.0,0.0626736524850214
3170,3171.0,cluster_1846673394_455570130,0,0,0.0,0.0
3170,3171.0,cluster_1933957591_1944596256_1944596258_500010840,3,0,0.0,12.398254274390633
3170,3171.0,cluster_286141464_317863064,2,3,30.0,0.00011764039850743796
3170,3171.0,cluster_317864209_317864212,0,10,182.0,1.4924632084959193
3170,3171.0,cluster_318319949_3665705327,0,0,0.0,15.522315143633604
3170,3171.0,cluster_444929591_444929853,0,2,26.0,5.450937877204937
3170,3171.0,cluster_453491193_453491196,0,1,3.0,3.1472262864600706
3170,3171.0,joinedS_3056282982_cluster_500010834_500010835_500010836_500010837,0,0,0.0,8.4930032528872
3170,3171.0,joinedS_4159783704_4159783713,2,6,824.0,0.0
3180,3181.0,317267021,0,2,9.0,0.7035168555153986
3180,3181.0,318319948,0,0,0.0,0.0
3180,3181.0,318319950,0,0,0.0,0.0
3180,3181.0,344715428,0,0,0.0,16.317665096499752
3180,3181.0,459095577,4,1,0.0,0.0
3180,3181.0,459095593,0,0,0.0,12.428593316116407
3180,3181.0,5672981203,2,0,0.0,0.0
3180,3181.0,6734642660,0,0,0.0,0.0
3180,3181.0,728359174,2,0,0.0,0.0
3180,3181.0,931498932,0,1,6.0,0.8909308846378793
3180,3181.0,cluster_12485993451_12485993457_444743027_999091207,4,1,9.0,5.182826229463351
3180,3181.0,cluster_12485993454_12485993455_12485993456_12485993458_#4more,2,4,45.0,1.8239185356584717
3180,3181.0,cluster_12497859354_12497859355,0,0,0.0,1.2999834095123664
3180,3181.0,cluster_1846673394_455570130,0,0,0.0,0.0
3180,3181.0,cluster_1933957591_1944596256_1944596258_500010840,0,0,0.0,0.0
3180,3181.0,cluster_286141464_317863064,2,3,60.0,3.2294035871146995
3180,3181.0,cluster_317864209_317864212,2,8,165.0,0.5084033756742388
3180,3181.0,cluster_318319949_3665705327,2,0,0.0,10.80997859092422
3180,3181.0,cluster_444929591_444929853,0,2,46.0,5.44875614909601
3180,3181.0,cluster_453491193_453491196,0,2,20.0,0.0
3180,3181.0,joinedS_3056282982_cluster_500010834_500010835_500010836_500010837,2,0,0.0,8.067545973909965
3180,3181.0,joinedS_4159783704_4159783713,3,6,884.0,0.0
3190,3191.0,317267021,2,0,0.0,1.2713255243083152
3190,3191.0,318319948,2,0,0.0,16.223772766663792
3190,3191.0,318319950,2,0,0.0,0.0
3190,3191.0,344715428,2,0,0.0,15.345906888657975
3190,3191.0,459095577,4,0,0.0,0.0
3190,3191.0,459095593,0,0,0.0,0.0
3190,3191.0,5672981203,0,0,0.0,0.0
3190,3191.0,6734642660,0,0,0.0,0.0
3190,3191.0,728359174,0,0,0.0,0.0
3190,3191.0,931498932,0,0,0.0,0.0
3190,3191.0,cluster_12485993451_12485993457_444743027_999091207,5,1,19.0,5.91886643793084
3190,3191.0,cluster_12485993454_12485993455_12485993456_12485993458_#4more,4,5,88.0,2.1594425532366543e-05
3190,3191.0,cluster_12497859354_12497859355,0,0,0.0,25.235875328980498
3190,3191.0,cluster_1846673394_455570130,0,0,0.0,0.0
3190,3191.0,cluster_1933957591_1944596256_1944596258_500010840,2,0,0.0,0.0
3190,3191.0,cluster_286141464_317863064,2,4,96.0,4.606212634564864
3190,3191.0,cluster_317864209_317864212,4,9,250.0,0.8701725203622772
3190,3191.0,cluster_318319949_3665705327,0,0,0.0,6.9227346033200465
3190,3191.0,cluster_444929591_444929853,0,3,67.0,0.03151919233829985
3190,3191.0,cluster_453491193_453491196,2,0,0.0,10.135107233154228
3190,3191.0,joinedS_3056282982_cluster_500010834_500010835_500010836_500010837,2,0,0.0,16.465314940577375
3190,3191.0,joinedS_4159783704_4159783713,5,6,944.0,0.0
3200,3201.0,317267021,0,0,0.0,0.0
3200,3201.0,318319948,0,0,0.0,0.0
3200,3201.0,318319950,0,0,0.0,0.0
3200,3201.0,344715428,0,0,0.0,8.13978578327766
3200,3201.0,459095577,7,1,4.0,0.0
3200,3201.0,459095593,0,0,0.0,0.0
3200,3201.0,5672981203,0,0,0.0,16.50911749124527
3200,3201.0,6734642660,0,0,0.0,0.0
3200,3201.0,728359174,2,0,0.0,0.0
3200,3201.0,931498932,0,0,0.0,0.0
3200,3201.0,cluster_12485993451_12485993457_444743027_999091207,0,1,8.0,8.185493394653314
3200,3201.0,cluster_12485993454_12485993455_12485993456_12485993458_#4more,6,5,138.0,5.809303136787529
3200,3201.0,cluster_12497859354_12497859355,2,0,0.0,11.875097699506064
3200,3201.0,cluster_1846673394_455570130,0,0,0.0,11.958807083715676
3200,3201.0,cluster_1933957591_1944596256_1944596258_500010840,0,0,0.0,9.534809838232958
3200,3201.0,cluster_286141464_317863064,2,5,145.0,3.960944936575774
3200,3201.0,cluster_317864209_317864212,0,10,342.0,2.610923626702872
3200,3201.0,cluster_318319949_3665705327,2,0,0.0,0.8303712152400173
3200,3201.0,cluster_444929591_444929853,2,3,97.0,0.0
3200,3201.0,cluster_453491193_453491196,0,0,0.0,0.0
3200,3201.0,joinedS_3056282982_cluster_500010834_500010835_500010836_500010837,2,1,3.0,0.00030159860151348587
3200,3201.0,joinedS_4159783704_4159783713,1,6,1004.0,0.0
3210,3211.0,317267021,2,0,0.0,5.237917926589422
3210,3211.0,318319948,2,0,0.0,0.0
3210,3211.0,318319950,1,0,0.0,14.456843188578711
3210,3211.0,344715428,0,1,0.0,0.0
3210,3211.0,459095577,0,1,14.0,0.0
3210,3211.0,459095593,0,0,0.0,0.0
3210,3211.0,5672981203,0,0,0.0,0.0
3210,3211.0,6734642660,0,0,0.0,0.0
3210,3211.0,728359174,0,0,0.0,0.0
3210,3211.0,931498932,0,0,0.0,16.641644715087235
3210,3211.0,cluster_12485993451_12485993457_444743027_999091207,2,1,18.0,0.0
3210,3211.0,cluster_12485993454_12485993455_12485993456_12485993458_#4more,0,5,23.0,0.2433086755088906
3210,3211.0,cluster_12497859354_12497859355,0,0,0.0,5.87472629278921
3210,3211.0,cluster_1846673394_455570130,0,0,0.0,0.0
3210,3211.0,cluster_1933957591_1944596256_1944596258_500010840,2,0,0.0,0.0
3210,3211.0,cluster_286141464_317863064,0,1,3.0,6.868209359419248
3210,3211.0,cluster_317864209_317864212,2,2,3.0,1.328020277719203
3210,3211.0,cluster_318319949_3665705327,2,2,10.0,0.011608111824859798
3210,3211.0,cluster_444929591_444929853,4,0,0.0,6.613846550838492
3210,3211.0,cluster_453491193_453491196,2,0,0.0,0.0
3210,3211.0,joinedS_3056282982_cluster_500010834_500010835_500010836_500010837,0,0,0.0,16.442190009988845
3210,3211.0,joinedS_4159783704_4159783713,3,6,1064.0,0.0
3220,3221.0,317267021,2,1,8.0,6.643137454632444
3220,3221.0,318319948,2,0,0.0,13.97566458576716
3220,3221.0,318319950,3,1,3.0,0.002649787167503263
3220,3221.0,344715428,0,0,0.0,9.162301408080381
3220,3221.0,459095577,2,1,24.0,0.0
3220,3221.0,459095593,2,1,1.0,5.029236696088846
3220,3221.0,5672981203,0,0,0.0,0.0
3220,3221.0,6734642660,0,0,0.0,0.0
3220,3221.0,728359174,0,0,0.0,0.0
3220,3221.0,931498932,0,0,0.0,0.0
3220,3221.0,cluster_12485993451_12485993457_444743027_999091207,4,0,0.0,9.788026960889106
3220,3221.0,cluster_12485993454_12485993455_12485993456_12485993458_#4more,1,4,63.0,2.897663924705342
3220,3221.0,cluster_12497859354_12497859355,0,0,0.0,0.0
3220,3221.0,cluster_1846673394_455570130,0,0,0.0,14.149754490758935
3220,3221.0,cluster_1933957591_1944596256_1944596258_500010840,0,0,0.0,10.712279152263804
3220,3221.0,cluster_286141464_317863064,2,4,8.0,5.102752298949037
3220,3221.0,cluster_317864209_317864212,2,8,39.0,0.05367382972420369
3220,3221.0,cluster_318319949_3665705327,2,2,30.0,0.08801554344756961
3220,3221.0,cluster_444929591_444929853,6,1,3.0,11.11964558363752
3220,3221.0,cluster_453491193_453491196,0,0,0.0,0.0
3220,3221.0,joinedS_3056282982_cluster_500010834_500010835_500010836_500010837,2,0,0.0,16.59498354883865
3220,3221.0,joinedS_4159783704_4159783713,4,6,1124.0,0.0
3230,3231.0,317267021,2,1,18.0,7.044115120792607
3230,3231.0,318319948,2,1,6.0,11.969598569189099
3230,3231.0,318319950,1,0,0.0,7.228952303589324
3230,3231.0,344715428,0,0,0.0,16.096242007408293
3230,3231.0,459095577,4,0,0.0,0.0
3230,3231.0,459095593,0,0,0.0,0.0
3230,3231.0,5672981203,0,0,0.0,0.0
3230,3231.0,6734642660,0,0,0.0,0.0
3230,3231.0,728359174,0,0,0.0,0.0
3230,3231.0,931498932,0,0,0.0,0.0
3230,3231.0,cluster_12485993451_12485993457_444743027_999091207,5,0,0.0,11.350593106005977
3230,3231.0,cluster_12485993454_12485993455_12485993456_12485993458_#4more,2,3,35.0,3.0346744429222303
3230,3231.0,cluster_12497859354_12497859355,0,0,0.0,22.67820615399965
3230,3231.0,cluster_1846673394_455570130,0,0,0.0,0.0
3230,3231.0,cluster_1933957591_1944596256_1944596258_500010840,2,0,0.0,0.6099922272842377
3230,3231.0,cluster_286141464_317863064,0,5,30.0,2.2186922717748105
3230,3231.0,cluster_317864209_317864212,2,9,127.0,0.030770279777238292
3230,3231.0,cluster_318319949_3665705327,2,3,60.0,3.319168568278318
3230,3231.0,cluster_444929591_444929853,0,1,13.0,10.213489123516768
3230,3231.0,cluster_453491193_453491196,2,0,0.0,0.38869890281532365
3230,3231.0,joinedS_3056282982_cluster_500010834_500010835_500010836_500010837,0,1,3.0,0.0137195257197677
3230,3231.0,joinedS_4159783704_4159783713,0,6,1184.0,0.0
3240,3241.0,317267021,2,1,28.0,0.0
3240,3241.0,318319948,2,1,16.0,6.829077487988395
3240,3241.0,318319950,2,2,3.0,0.02647217495957612
3240,3241.0,344715428,0,0,0.0,14.736168001330277
3240,3241.0,459095577,6,0,0.0,0.0
3240,3241.0,459095593,0,1,8.0,0.0
3240,3241.0,5672981203,2,0,0.0,0.0
3240,3241.0,6734642660,0,0,0.0,16.537717096814887
3240,3241.0,728359174,2,1,0.0,16.67
3240,3241.0,931498932,2,0,0.0,0.0
3240,3241.0,cluster_12485993451_12485993457_444743027_999091207,1,1,7.0,0.6806792380246014
3240,3241.0,cluster_12485993454_12485993455_12485993456_12485993458_#4more,3,3,65.0,5.005013300987306
3240,3241.0,cluster_12497859354_12497859355,0,0,0.0,24.194995563855837
3240,3241.0,cluster_1846673394_455570130,0,0,0.0,17.844749920704942
3240,3241.0,cluster_1933957591_1944596256_1944596258_500010840,2,0,0.0,0.1419359957656958
3240,3241.0,cluster_286141464_317863064,0,0,0.0,3.0278582912987027
3240,3241.0,cluster_317864209_317864212,2,10,226.0,1.4169011518851446
3240,3241.0,cluster_318319949_3665705327,2,4,99.0,8.01704212465982
3240,3241.0,cluster_444929591_444929853,1,2,28.0,0.5716176712564223
3240,3241.0,cluster_453491193_453491196,2,0,0.0,7.910826163084348
3240,3241.0,joinedS_3056282982_cluster_500010834_500010835_500010836_500010837,2,0,0.0,0.0
3240,3241.0,joinedS_4159783704_4159783713,2,6,1244.0,0.0
3250,3251.0,317267021,2,1,38.0,0.0
3250,3251.0,318319948,2,2,31.0,3.5619857750036297
3250,3251.0,318319950,0,0,0.0,4.099165026436916
3250,3251.0,344715428,2,1,2.0,7.21393260841203
3250,3251.0,459095577,0,0,0.0,0.0
3250,3251.0,459095593,0,1,18.0,0.09253323841664722
3250,3251.0,5672981203,0,0,0.0,16.273151869000866
3250,3251.0,6734642660,0,0,0.0,0.0
3250,3251.0,728359174,0,2,1.0,0.03460151683763883
3250,3251.0,931498932,0,0,0.0,0.0
3250,3251.0,cluster_12485993451_12485993457_444743027_999091207,3,2,25.0,1.0810918350620513
3250,3251.0,cluster_12485993454_12485993455_12485993456_12485993458_#4more,5,4,58.0,0.0003148759363271051
3250,3251.0,cluster_12497859354_12497859355,1,0,0.0,0.0
3250,3251.0,cluster_1846673394_455570130,0,0,0.0,0.0
3250,3251.0,cluster_1933957591_1944596256_1944596258_500010840,2,1,10.0,4.452978440606967
3250,3251.0,cluster_286141464_317863064,0,0,0.0,12.59767385549982
3250,3251.0,cluster_317864209_317864212,2,12,331.0,0.0006826972580901443
3250,3251.0,cluster_318319949_3665705327,2,4,139.0,8.060992940707843
3250,3251.0,cluster_444929591_444929853,3,3,57.0,0.0
3250,3251.0,cluster_453491193_453491196,2,0,0.0,0.0
3250,3251.0,joinedS_3056282982_cluster_500010834_500010835_500010836_500010837,0,0,0.0,0.0
3250,3251.0,joinedS_4159783704_4159783713,4,5,1069.0,0.0
3260,3261.0,317267021,2,2,51.0,0.0001288225446955199
3260,3261.0,318319948,2,3,58.0,0.0
3260,3261.0,318319950,2,1,5.0,8.063715841375867
3260,3261.0,344715428,0,0,0.0,12.681818474766434
3260,3261.0,459095577,2,0,0.0,0.0
3260,3261.0,459095593,2,1,1.0,0.006906080713323743
3260,3261.0,5672981203,2,0,0.0,0.0
3260,3261.0,6734642660,0,0,0.0,0.0
3260,3261.0,728359174,2,1,0.0,16.438151448527353
3260,3261.0,931498932,2,0,0.0,6.487359798837797
3260,3261.0,cluster_12485993451_12485993457_444743027_999091207,5,0,0.0,0.0
3260,3261.0,cluster_12485993454_12485993455_12485993456_12485993458_#4more,7,5,102.0,1.7406945143683348
3260,3261.0,cluster_12497859354_12497859355,2,0,0.0,9.553498631811202
3260,3261.0,cluster_1846673394_455570130,0,0,0.0,0.9611220650305723
3260,3261.0,cluster_1933957591_1944596256_1944596258_500010840,0,0,0.0,15.690070906645136
3260,3261.0,cluster_286141464_317863064,2,2,4.0,6.147533808649787
3260,3261.0,cluster_317864209_317864212,2,12,451.0,0.0
3260,3261.0,cluster_318319949_3665705327,0,2,3.0,4.252199411275406
3260,3261.0,cluster_444929591_444929853,4,0,0.0,5.111343304553358
3260,3261.0,cluster_453491193_453491196,0,0,0.0,0.0
3260,3261.0,joinedS_3056282982_cluster_500010834_500010835_500010836_500010837,0,0,0.0,0.0
3260,3261.0,joinedS_4159783704_4159783713,5,5,1119.0,0.0
3270,3271.0,317267021,0,0,0.0,7.712323594224204
3270,3271.0,318319948,0,0,0.0,0.0
3270,3271.0,318319950,0,0,0.0,1.914591089075421
3270,3271.0,344715428,2,0,0.0,9.039273817801472
3270,3271.0,459095577,4,0,0.0,0.0
3270,3271.0,459095593,0,1,4.0,8.22989655303662
3270,3271.0,5672981203,0,0,0.0,14.938241702978024
3270,3271.0,6734642660,0,0,0.0,0.0
3270,3271.0,728359174,2,0,0.0,2.2082028870074666
3270,3271.0,931498932,0,0,0.0,14.163293631607662
3270,3271.0,cluster_12485993451_12485993457_444743027_999091207,0,0,0.0,6.260444455151447
3270,3271.0,cluster_12485993454_12485993455_12485993456_12485993458_#4more,0,2,51.0,1.2517133021661828
3270,3271.0,cluster_12497859354_12497859355,0,0,0.0,0.0
3270,3271.0,cluster_1846673394_455570130,0,0,0.0,0.0
3270,3271.0,cluster_1933957591_1944596256_1944596258_500010840,0,0,0.0,17.93595761395346
3270,3271.0,cluster_286141464_317863064,3,8,71.0,2.2913472671696726
3270,3271.0,cluster_317864209_317864212,4,12,571.0,0.8753571142693264
3270,3271.0,cluster_318319949_3665705327,2,0,0.0,6.346023150000498
3270,3271.0,cluster_444929591_444929853,6,0,0.0,12.35486271303095
3270,3271.0,cluster_453491193_453491196,2,0,0.0,14.740737308920222
3270,3271.0,joinedS_3056282982_cluster_500010834_500010835_500010836_500010837,2,0,0.0,17.587048751817623
3270,3271.0,joinedS_4159783704_4159783713,0,6,1179.0,0.0
3280,3281.0,317267021,2,0,0.0,9.283449657001515
3280,3281.0,318319948,2,0,0.0,0.0
3280,3281.0,318319950,2,0,0.0,14.055541596608235
3280,3281.0,344715428,3,0,0.0,8.280958973073703
3280,3281.0,459095577,6,0,0.0,0.0
3280,3281.0,459095593,2,0,0.0,0.9529089682890414
3280,3281.0,5672981203,1,0,0.0,16.94481910898631
3280,3281.0,6734642660,0,0,0.0,0.0
3280,3281.0,728359174,0,1,0.0,13.51534724528096
3280,3281.0,931498932,2,0,0.0,0.0
3280,3281.0,cluster_12485993451_12485993457_444743027_999091207,2,0,0.0,10.209399101448279
3280,3281.0,cluster_12485993454_12485993455_12485993456_12485993458_#4more,2,2,10.0,0.5604660057158226
3280,3281.0,cluster_12497859354_12497859355,0,0,0.0,15.957481342926615
3280,3281.0,cluster_1846673394_455570130,0,0,0.0,14.55201613890844
3280,3281.0,cluster_1933957591_1944596256_1944596258_500010840,2,0,0.0,8.16543220394786
3280,3281.0,cluster_286141464_317863064,0,1,9.0,5.118976533819187
3280,3281.0,cluster_317864209_317864212,0,3,181.0,1.2135496402747978
3280,3281.0,cluster_318319949_3665705327,0,0,0.0,16.873779400876277
3280,3281.0,cluster_444929591_444929853,0,0,0.0,16.40262999006547
3280,3281.0,cluster_453491193_453491196,0,0,0.0,13.561120155528954
3280,3281.0,joinedS_3056282982_cluster_500010834_500010835_500010836_500010837,0,0,0.0,0.0
3280,3281.0,joinedS_4159783704_4159783713,0,5,932.0,0.0
3290,3291.0,317267021,0,0,0.0,0.0
3290,3291.0,318319948,0,0,0.0,0.0
3290,3291.0,318319950,0,0,0.0,11.5156285573426
3290,3291.0,344715428,1,0,0.0,16.516980572246457
3290,3291.0,459095577,6,0,0.0,0.0
3290,3291.0,459095593,2,2,10.0,0.013770178153521797
3290,3291.0,5672981203,3,1,3.0,0.0008833429300372018
3290,3291.0,6734642660,0,0,0.0,0.0
3290,3291.0,728359174,2,1,0.0,16.67
3290,3291.0,931498932,0,0,0.0,0.0
3290,3291.0,cluster_12485993451_12485993457_444743027_999091207,4,0,0.0,5.259695588216865
3290,3291.0,cluster_12485993454_12485993455_12485993456_12485993458_#4more,2,3,32.0,3.2475780932471494
3290,3291.0,cluster_12497859354_12497859355,2,2,2.0,0.06686172904487091
3290,3291.0,cluster_1846673394_455570130,0,0,0.0,0.0
3290,3291.0,cluster_1933957591_1944596256_1944596258_500010840,3,2,17.0,0.0
3290,3291.0,cluster_286141464_317863064,0,1,19.0,1.9790029272990701
3290,3291.0,cluster_317864209_317864212,2,2,4.0,2.328372846276427
3290,3291.0,cluster_318319949_3665705327,2,0,0.0,0.0
3290,3291.0,cluster_444929591_444929853,2,0,0.0,16.625053839925677
3290,3291.0,cluster_453491193_453491196,2,1,1.0,0.5106568087367225
3290,3291.0,joinedS_3056282982_cluster_500010834_500010835_500010836_500010837,2,0,0.0,0.0
3290,3291.0,joinedS_4159783704_4159783713,0,5,982.0,0.0
3300,3301.0,317267021,2,0,0.0,0.0
3300,3301.0,318319948,2,0,0.0,15.166444166089901
3300,3301.0,318319950,0,0,0.0,10.812450173894607
3300,3301.0,344715428,3,0,0.0,7.801559067278983
3300,3301.0,459095577,6,0,0.0,0.0
3300,3301.0,459095593,2,3,31.0,2.281741042553814
3300,3301.0,5672981203,1,0,0.0,0.0
3300,3301.0,6734642660,0,0,0.0,0.0
3300,3301.0,728359174,2,0,0.0,3.1823545983061194
3300,3301.0,931498932,0,0,0.0,18.276679296541552
3300,3301.0,cluster_12485993451_12485993457_444743027_999091207,0,1,1.0,3.273780433493983
3300,3301.0,cluster_12485993454_12485993455_12485993456_12485993458_#4more,4,4,55.0,0.0
3300,3301.0,cluster_12497859354_12497859355,0,0,0.0,0.0
3300,3301.0,cluster_1846673394_455570130,0,0,0.0,0.0
3300,3301.0,cluster_1933957591_1944596256_1944596258_500010840,0,0,0.0,0.0
3300,3301.0,cluster_286141464_317863064,2,1,6.0,10.227381690116745
3300,3301.0,cluster_317864209_317864212,4,8,52.0,4.0515224396796645
3300,3301.0,cluster_318319949_3665705327,2,0,0.0,0.0
3300,3301.0,cluster_444929591_444929853,4,1,2.0,5.537337944678466
3300,3301.0,cluster_453491193_453491196,0,0,0.0,0.0
3300,3301.0,joinedS_3056282982_cluster_500010834_500010835_500010836_500010837,2,0,0.0,6.105011204988388
3300,3301.0,joinedS_4159783704_4159783713,2,6,1035.0,0.0
3310,3311.0,317267021,2,0,0.0,7.336453267382864
3310,3311.0,318319948,0,0,0.0,13.311039459997678
3310,3311.0,318319950,0,0,0.0,0.0
3310,3311.0,344715428,0,0,0.0,0.0
3310,3311.0,459095577,6,0,0.0,0.0
3310,3311.0,459095593,2,6,74.0,0.0051496221485540054
3310,3311.0,5672981203,2,0,0.0,16.16992280579172
3310,3311.0,6734642660,0,0,0.0,0.0
3310,3311.0,728359174,2,1,0.0,16.67
3310,3311.0,931498932,2,0,0.0,7.968203748225472
3310,3311.0,cluster_12485993451_12485993457_444743027_999091207,2,1,11.0,7.566466935408291
3310,3311.0,cluster_12485993454_12485993455_12485993456_12485993458_#4more,6,4,95.0,2.1333502641299718
3310,3311.0,cluster_12497859354_12497859355,0,0,0.0,15.41994664802474
3310,3311.0,cluster_1846673394_455570130,0,0,0.0,0.0
3310,3311.0,cluster_1933957591_1944596256_1944596258_500010840,2,0,0.0,11.205091243050992
3310,3311.0,cluster_286141464_317863064,0,1,2.0,6.79734176578481
3310,3311.0,cluster_317864209_317864212,0,7,90.0,3.144023947623019
3310,3311.0,cluster_318319949_3665705327,0,0,0.0,0.0
3310,3311.0,cluster_444929591_444929853,4,3,23.0,0.001237773135109572
3310,3311.0,cluster_453491193_453491196,0,0,0.0,0.0
3310,3311.0,joinedS_3056282982_cluster_500010834_500010835_500010836_500010837,2,0,0.0,7.017546485592965
3310,3311.0,joinedS_4159783704_4159783713,2,6,1095.0,0.0
3320,3321.0,317267021,0,0,0.0,0.0
3320,3321.0,318319948,0,1,7.0,7.591814935985448
3320,3321.0,318319950,0,0,0.0,15.083347011487792
3320,3321.0,344715428,2,0,0.0,0.0
3320,3321.0,459095577,6,0,0.0,0.0
3320,3321.0,459095593,2,7,135.0,0.9263088967948997
3320,3321.0,5672981203,0,0,0.0,0.0
3320,3321.0,6734642660,0,0,0.0,0.0
3320,3321.0,728359174,2,1,0.0,16.67
3320,3321.0,931498932,0,0,0.0,0.0
3320,3321.0,cluster_12485993451_12485993457_444743027_999091207,3,3,24.0,1.9941151510521717
3320,3321.0,cluster_12485993454_12485993455_12485993456_12485993458_#4more,0,1,9.0,2.036518153205105
3320,3321.0,cluster_12497859354_12497859355,2,1,2.0,0.003916402803593615
3320,3321.0,cluster_1846673394_455570130,0,0,0.0,0.0
3320,3321.0,cluster_1933957591_1944596256_1944596258_500010840,0,0,0.0,16.369429990211504
3320,3321.0,cluster_286141464_317863064,0,2,19.0,4.869724264724516
3320,3321.0,cluster_317864209_317864212,0,4,24.0,3.9073499274620302
3320,3321.0,cluster_318319949_3665705327,2,0,0.0,13.752295454526315
3320,3321.0,cluster_444929591_444929853,4,3,53.0,0.0
3320,3321.0,cluster_453491193_453491196,0,0,0.0,0.0
3320,3321.0,joinedS_3056282982_cluster_500010834_500010835_500010836_500010837,2,1,10.0,5.852417782098056
3320,3321.0,joinedS_4159783704_4159783713,2,6,1155.0,0.0
3330,3331.0,317267021,2,0,0.0,0.0
3330,3331.0,318319948,2,0,0.0,15.137755344951273
3330,3331.0,318319950,2,1,4.0,8.296220649303988
3330,3331.0,344715428,0,0,0.0,0.0
3330,3331.0,459095577,6,0,0.0,0.0
3330,3331.0,459095593,2,9,215.0,0.00026222441280519587
3330,3331.0,5672981203,2,0,0.0,0.0
3330,3331.0,6734642660,0,0,0.0,0.0
3330,3331.0,728359174,2,0,0.0,1.191054043918848
3330,3331.0,931498932,2,2,4.0,0.1694771920591552
3330,3331.0,cluster_12485993451_12485993457_444743027_999091207,4,0,0.0,7.018294376233459
3330,3331.0,cluster_12485993454_12485993455_12485993456_12485993458_#4more,1,3,27.0,1.562903826316365
3330,3331.0,cluster_12497859354_12497859355,0,0,0.0,0.0
3330,3331.0,cluster_1846673394_455570130,0,0,0.0,0.0
3330,3331.0,cluster_1933957591_1944596256_1944596258_500010840,2,0,0.0,11.590616016227914
3330,3331.0,cluster_286141464_317863064,1,5,50.0,0.009680978550123797
3330,3331.0,cluster_317864209_317864212,0,9,72.0,1.699794253951586
3330,3331.0,cluster_318319949_3665705327,0,0,0.0,16.095961506320165
3330,3331.0,cluster_444929591_444929853,4,3,83.0,0.0
3330,3331.0,cluster_453491193_453491196,0,0,0.0,0.0
3330,3331.0,joinedS_3056282982_cluster_500010834_500010835_500010836_500010837,2,2,22.0,5.171309900981986
3330,3331.0,joinedS_4159783704_4159783713,2,6,1215.0,0.0
3340,3341.0,317267021,0,0,0.0,0.0
3340,3341.0,318319948,0,0,0.0,18.468740538159206
3340,3341.0,318319950,0,0,0.0,0.0
3340,3341.0,344715428,2,0,0.0,0.0
3340,3341.0,459095577,0,0,0.0,0.0
3340,3341.0,459095593,0,0,0.0,2.8065546203314353
3340,3341.0,5672981203,0,0,0.0,13.281434363305566
3340,3341.0,6734642660,0,0,0.0,0.0
3340,3341.0,728359174,2,0,0.0,0.0
3340,3341.0,931498932,3,3,25.0,0.0005989851613908191
3340,3341.0,cluster_12485993451_12485993457_444743027_999091207,0,0,0.0,14.374058565947012
3340,3341.0,cluster_12485993454_12485993455_12485993456_12485993458_#4more,2,6,77.0,1.433785574423975
3340,3341.0,cluster_12497859354_12497859355,0,0,0.0,0.0
3340,3341.0,cluster_1846673394_455570130,0,0,0.0,0.0
3340,3341.0,cluster_1933957591_1944596256_1944596258_500010840,0,1,4.0,4.129979790207487
3340,3341.0,cluster_286141464_317863064,3,1,11.0,8.334897701027158
3340,3341.0,cluster_317864209_317864212,0,11,127.0,0.4916990440440023
3340,3341.0,cluster_318319949_3665705327,2,0,0.0,9.647543221103366
3340,3341.0,cluster_444929591_444929853,6,3,113.0,0.0
3340,3341.0,cluster_453491193_453491196,0,0,0.0,0.0
3340,3341.0,joinedS_3056282982_cluster_500010834_500010835_500010836_500010837,0,1,9.0,10.11954887967841
3340,3341.0,joinedS_4159783704_4159783713,4,6,1275.0,0.0
3350,3351.0,317267021,2,0,0.0,11.234696956554272
3350,3351.0,318319948,2,0,0.0,0.0
3350,3351.0,318319950,2,0,0.0,0.0
3350,3351.0,344715428,0,0,0.0,0.0
3350,3351.0,459095577,2,0,0.0,0.0
3350,3351.0,459095593,0,0,0.0,8.335930528659901
3350,3351.0,5672981203,2,0,0.0,7.553245731800478
3350,3351.0,6734642660,0,0,0.0,16.483329482777044
3350,3351.0,728359174,0,0,0.0,0.0
3350,3351.0,931498932,1,0,0.0,9.881389855826274
3350,3351.0,cluster_12485993451_12485993457_444743027_999091207,2,1,1.0,0.03596794233456472
3350,3351.0,cluster_12485993454_12485993455_12485993456_12485993458_#4more,3,7,143.0,0.4263745266224945
3350,3351.0,cluster_12497859354_12497859355,2,0,0.0,12.838007478351244
3350,3351.0,cluster_1846673394_455570130,0,0,0.0,0.0
3350,3351.0,cluster_1933957591_1944596256_1944596258_500010840,0,0,0.0,15.448550285044984
3350,3351.0,cluster_286141464_317863064,0,2,8.0,0.0011754611693172844
3350,3351.0,cluster_317864209_317864212,0,15,268.0,0.00012892000257466455
3350,3351.0,cluster_318319949_3665705327,0,0,0.0,15.54380831467408
3350,3351.0,cluster_444929591_444929853,0,0,0.0,1.7287940774666737
3350,3351.0,cluster_453491193_453491196,0,0,0.0,0.0
3350,3351.0,joinedS_3056282982_cluster_500010834_500010835_500010836_500010837,2,0,0.0,17.10484352685985
3350,3351.0,joinedS_4159783704_4159783713,0,5,1034.0,0.0
3360,3361.0,317267021,2,0,0.0,0.0
3360,3361.0,318319948,2,0,0.0,0.0
3360,3361.0,318319950,0,0,0.0,16.554365563390324
3360,3361.0,344715428,2,0,0.0,7.445293532577913
3360,3361.0,459095577,4,0,0.0,0.0
3360,3361.0,459095593,2,1,5.0,5.822718287772637
3360,3361.0,5672981203,0,0,0.0,16.248145134728404
3360,3361.0,6734642660,0,0,0.0,0.0
3360,3361.0,728359174,2,0,0.0,0.0
3360,3361.0,931498932,2,1,2.0,0.002271164115856962
3360,3361.0,cluster_12485993451_12485993457_444743027_999091207,4,0,0.0,14.893945758444486
3360,3361.0,cluster_12485993454_12485993455_12485993456_12485993458_#4more,5,5,131.0,0.0
3360,3361.0,cluster_12497859354_12497859355,0,0,0.0,0.0
3360,3361.0,cluster_1846673394_455570130,0,0,0.0,0.0
3360,3361.0,cluster_1933957591_1944596256_1944596258_500010840,0,0,0.0,0.0
3360,3361.0,cluster_286141464_317863064,2,0,0.0,0.0
3360,3361.0,cluster_317864209_317864212,1,8,268.0,1.1933106729095242
3360,3361.0,cluster_318319949_3665705327,0,1,3.0,10.86001864291702
3360,3361.0,cluster_444929591_444929853,1,0,0.0,0.0
3360,3361.0,cluster_453491193_453491196,2,0,0.0,0.0
3360,3361.0,joinedS_3056282982_cluster_500010834_500010835_500010836_500010837,0,0,0.0,8.708890260253
3360,3361.0,joinedS_4159783704_4159783713,2,5,174.0,0.8520777965068417
3370,3371.0,317267021,2,0,0.0,2.535668957875009
3370,3371.0,318319948,0,0,0.0,14.131879308331353
3370,3371.0,318319950,2,0,0.0,16.15094959948212
3370,3371.0,344715428,2,0,0.0,15.512449916831287
3370,3371.0,459095577,6,0,0.0,3.762765978894197
3370,3371.0,459095593,3,4,34.0,0.0003117266109502109
3370,3371.0,5672981203,0,0,0.0,0.0
3370,3371.0,6734642660,0,0,0.0,0.0
3370,3371.0,728359174,0,1,1.0,0.07500110992782637
3370,3371.0,931498932,0,0,0.0,0.0
3370,3371.0,cluster_12485993451_12485993457_444743027_999091207,0,0,0.0,10.967023340878194
3370,3371.0,cluster_12485993454_12485993455_12485993456_12485993458_#4more,6,4,137.0,0.4475266647817554
3370,3371.0,cluster_12497859354_12497859355,0,0,0.0,14.987910142448404
3370,3371.0,cluster_1846673394_455570130,0,0,0.0,8.717032489050608
3370,3371.0,cluster_1933957591_1944596256_1944596258_500010840,2,0,0.0,14.404250558254622
3370,3371.0,cluster_286141464_317863064,0,0,0.0,0.0
3370,3371.0,cluster_317864209_317864212,2,6,32.0,1.7265521825758172
3370,3371.0,cluster_318319949_3665705327,0,2,20.0,4.897906981038916
3370,3371.0,cluster_444929591_444929853,3,0,0.0,0.0
3370,3371.0,cluster_453491193_453491196,0,0,0.0,0.0
3370,3371.0,joinedS_3056282982_cluster_500010834_500010835_500010836_500010837,2,0,0.0,13.519268729497316
3370,3371.0,joinedS_4159783704_4159783713,4,6,232.0,0.0
3380,3381.0,317267021,2,1,10.0,0.057571766976404065
3380,3381.0,318319948,2,0,0.0,0.0
3380,3381.0,318319950,2,1,5.0,0.13340986610695776
3380,3381.0,344715428,0,0,0.0,13.571157877673015
3380,3381.0,459095577,0,0,0.0,0.0
3380,3381.0,459095593,0,0,0.0,5.079711769876743
3380,3381.0,5672981203,0,0,0.0,0.0
3380,3381.0,6734642660,0,0,0.0,0.0
3380,3381.0,728359174,2,1,0.0,16.67
3380,3381.0,931498932,0,0,0.0,7.924278509806809
3380,3381.0,cluster_12485993451_12485993457_444743027_999091207,0,2,11.0,9.71390825704376
3380,3381.0,cluster_12485993454_12485993455_12485993456_12485993458_#4more,0,2,38.0,0.7215182444499173
3380,3381.0,cluster_12497859354_12497859355,2,0,0.0,0.0
3380,3381.0,cluster_1846673394_455570130,0,0,0.0,0.0
3380,3381.0,cluster_1933957591_1944596256_1944596258_500010840,0,0,0.0,0.0
3380,3381.0,cluster_286141464_317863064,2,0,0.0,4.8234720614195
3380,3381.0,cluster_317864209_317864212,4,10,117.0,1.327258566339675
3380,3381.0,cluster_318319949_3665705327,0,2,40.0,3.7337075681115484
3380,3381.0,cluster_444929591_444929853,5,0,0.0,0.0
3380,3381.0,cluster_453491193_453491196,2,0,0.0,14.008609634689497
3380,3381.0,joinedS_3056282982_cluster_500010834_500010835_500010836_500010837,0,0,0.0,15.274718237911776
3380,3381.0,joinedS_4159783704_4159783713,4,6,292.0,0.0
3390,3391.0,317267021,2,2,30.0,4.455142729252109
3390,3391.0,318319948,0,0,0.0,0.0
3390,3391.0,318319950,2,2,25.0,0.0
3390,3391.0,344715428,2,0,0.0,13.68819619856271
3390,3391.0,459095577,2,0,0.0,0.0
3390,3391.0,459095593,2,1,6.0,0.0
3390,3391.0,5672981203,2,0,0.0,15.768784217016925
3390,3391.0,6734642660,0,0,0.0,16.61470968666655
3390,3391.0,728359174,0,1,0.0,16.67
3390,3391.0,931498932,0,1,7.0,0.05567573094726829
3390,3391.0,cluster_12485993451_12485993457_444743027_999091207,0,2,31.0,3.9682012046854034
3390,3391.0,cluster_12485993454_12485993455_12485993456_12485993458_#4more,1,3,68.0,0.0
3390,3391.0,cluster_12497859354_12497859355,3,0,0.0,0.0
3390,3391.0,cluster_1846673394_455570130,0,0,0.0,0.0
3390,3391.0,cluster_1933957591_1944596256_1944596258_500010840,2,0,0.0,6.168941238260833
3390,3391.0,cluster_286141464_317863064,0,0,0.0,0.0
3390,3391.0,cluster_317864209_317864212,0,9,121.0,0.31185028516202234
3390,3391.0,cluster_318319949_3665705327,0,2,60.0,8.202669604093101
3390,3391.0,cluster_444929591_444929853,7,0,0.0,0.0
3390,3391.0,cluster_453491193_453491196,3,1,3.0,0.0019489249917355289
3390,3391.0,joinedS_3056282982_cluster_500010834_500010835_500010836_500010837,0,1,6.0,8.970701441794832
3390,3391.0,joinedS_4159783704_4159783713,4,6,352.0,1.5403659477996239
3400,3401.0,317267021,2,4,59.0,0.0003171918973592457
3400,3401.0,318319948,0,0,0.0,16.47557952411473
3400,3401.0,318319950,2,2,45.0,4.852092646426339
3400,3401.0,344715428,0,0,0.0,0.0
3400,3401.0,459095577,4,0,0.0,0.0
3400,3401.0,459095593,0,0,0.0,7.883099274232833
3400,3401.0,5672981203,0,0,0.0,0.0
3400,3401.0,6734642660,0,0,0.0,0.0
3400,3401.0,728359174,2,0,0.0,8.361703995164872
3400,3401.0,931498932,0,2,26.0,3.9470145150407023
3400,3401.0,cluster_12485993451_12485993457_444743027_999091207,1,3,58.0,4.800698835031729
3400,3401.0,cluster_12485993454_12485993455_12485993456_12485993458_#4more,2,3,50.0,2.4330601697270633
3400,3401.0,cluster_12497859354_12497859355,0,0,0.0,20.45313859236812
3400,3401.0,cluster_1846673394_455570130,0,0,0.0,16.523912859316916
3400,3401.0,cluster_1933957591_1944596256_1944596258_500010840,2,1,8.0,0.0
3400,3401.0,cluster_286141464_317863064,1,3,4.0,1.7429805045680764
3400,3401.0,cluster_317864209_317864212,0,10,105.0,1.5833430012630219
3400,3401.0,cluster_318319949_3665705327,0,2,80.0,5.941864320167052
3400,3401.0,cluster_444929591_444929853,0,0,0.0,0.0
3400,3401.0,cluster_453491193_453491196,0,1,1.0,0.015449350103772247
3400,3401.0,joinedS_3056282982_cluster_500010834_500010835_500010836_500010837,0,1,16.0,8.83928595727643
3400,3401.0,joinedS_4159783704_4159783713,4,6,412.0,0.0
3410,3411.0,317267021,0,0,0.0,2.1372771949604026
3410,3411.0,318319948,0,1,2.0,0.017562685136355796
3410,3411.0,318319950,2,4,79.0,0.0
3410,3411.0,344715428,2,0,0.0,0.0
3410,3411.0,459095577,6,0,0.0,0.0
3410,3411.0,459095593,2,1,5.0,7.370720648856807
3410,3411.0,5672981203,2,0,0.0,0.0
3410,3411.0,6734642660,0,0,0.0,0.0
3410,3411.0,728359174,2,0,0.0,0.13277661467240431
3410,3411.0,931498932,0,3,52.0,4.101240525369222
3410,3411.0,cluster_12485993451_12485993457_444743027_999091207,3,6,101.0,0.015226229687396689
3410,3411.0,cluster_12485993454_12485993455_12485993456_12485993458_#4more,4,2,16.0,0.2014742189552635
3410,3411.0,cluster_12497859354_12497859355,1,0,0.0,0.0
3410,3411.0,cluster_1846673394_455570130,0,0,0.0,0.0
3410,3411.0,cluster_1933957591_1944596256_1944596258_500010840,2,1,18.0,11.178999631092259
3410,3411.0,cluster_286141464_317863064,3,3,19.0,0.14113286674075212
3410,3411.0,cluster_317864209_317864212,0,12,197.0,0.04509022853119549
3410,3411.0,cluster_318319949_3665705327,2,0,0.0,7.683815761974134
3410,3411.0,cluster_444929591_444929853,2,0,0.0,0.0
3410,3411.0,cluster_453491193_453491196,2,0,0.0,0.0
3410,3411.0,joinedS_3056282982_cluster_500010834_500010835_500010836_500010837,0,1,26.0,8.854419508978213
3410,3411.0,joinedS_4159783704_4159783713,5,6,472.0,0.0
3420,3421.0,317267021,0,0,0.0,7.573576187197429
3420,3421.0,318319948,0,1,12.0,0.0
3420,3421.0,318319950,0,0,0.0,4.250503159327917
3420,3421.0,344715428,0,0,0.0,0.0
3420,3421.0,459095577,0,0,0.0,0.0
3420,3421.0,459095593,0,1,4.0,1.0276277251907122
3420,3421.0,5672981203,0,0,0.0,0.0
3420,3421.0,6734642660,0,0,0.0,0.0
3420,3421.0,728359174,2,1,0.0,14.940788643156523
3420,3421.0,931498932,0,3,82.0,0.0
3420,3421.0,cluster_12485993451_12485993457_444743027_999091207,5,0,0.0,0.0
3420,3421.0,cluster_12485993454_12485993455_12485993456_12485993458_#4more,4,1,15.0,0.0
3420,3421.0,cluster_12497859354_12497859355,2,0,0.0,0.0
3420,3421.0,cluster_1846673394_455570130,0,0,0.0,14.697123610356721
3420,3421.0,cluster_1933957591_1944596256_1944596258_500010840,0,0,0.0,1.5800680791579595
3420,3421.0,cluster_286141464_317863064,1,1,4.0,4.674550818839033
3420,3421.0,cluster_317864209_317864212,0,8,206.0,0.7279031029600536
3420,3421.0,cluster_318319949_3665705327,0,0,0.0,0.0
3420,3421.0,cluster_444929591_444929853,4,0,0.0,0.0
3420,3421.0,cluster_453491193_453491196,0,1,1.0,6.745230958855512
3420,3421.0,joinedS_3056282982_cluster_500010834_500010835_500010836_500010837,2,0,0.0,10.496433323691695
3420,3421.0,joinedS_4159783704_4159783713,1,6,532.0,0.0
3430,3431.0,317267021,2,0,0.0,0.0
3430,3431.0,318319948,0,1,22.0,5.060057801574901
3430,3431.0,318319950,2,0,0.0,14.627068359772043
3430,3431.0,344715428,0,0,0.0,0.0
3430,3431.0,459095577,0,0,0.0,0.0
3430,3431.0,459095593,2,0,0.0,0.0
3430,3431.0,5672981203,2,0,0.0,0.0
3430,3431.0,6734642660,0,0,0.0,0.0
3430,3431.0,728359174,2,1,0.0,16.67
3430,3431.0,931498932,2,0,0.0,5.606582369859017
3430,3431.0,cluster_12485993451_12485993457_444743027_999091207,1,1,4.0,6.891982891370614
3430,3431.0,cluster_12485993454_12485993455_12485993456_12485993458_#4more,4,1,25.0,0.0
3430,3431.0,cluster_12497859354_12497859355,0,0,0.0,18.584614268858253
3430,3431.0,cluster_1846673394_455570130,0,0,0.0,0.0
3430,3431.0,cluster_1933957591_1944596256_1944596258_500010840,2,0,0.0,0.0
3430,3431.0,cluster_286141464_317863064,2,1,4.0,9.259432747759922
3430,3431.0,cluster_317864209_317864212,0,14,319.0,0.8854994477390312
3430,3431.0,cluster_318319949_3665705327,2,0,0.0,0.0
3430,3431.0,cluster_444929591_444929853,6,0,0.0,0.0
3430,3431.0,cluster_453491193_453491196,2,0,0.0,5.449836152333559
3430,3431.0,joinedS_3056282982_cluster_500010834_500010835_500010836_500010837,0,0,0.0,16.439444000301883
3430,3431.0,joinedS_4159783704_4159783713,3,6,592.0,0.3077907859958438
3440,3441.0,317267021,0,0,0.0,12.230563778548031
3440,3441.0,318319948,2,1,6.0,10.58605631702788
3440,3441.0,318319950,0,0,0.0,10.542022409269899
3440,3441.0,344715428,0,0,0.0,0.0
3440,3441.0,459095577,0,0,0.0,0.0
3440,3441.0,459095593,2,0,0.0,19.266704831315874
3440,3441.0,5672981203,2,0,0.0,14.51881601176144
3440,3441.0,6734642660,0,0,0.0,0.0
3440,3441.0,728359174,2,0,0.0,0.0
3440,3441.0,931498932,0,0,0.0,0.0
3440,3441.0,cluster_12485993451_12485993457_444743027_999091207,2,4,34.0,7.859100095982974
3440,3441.0,cluster_12485993454_12485993455_12485993456_12485993458_#4more,4,1,35.0,6.38619430019179
3440,3441.0,cluster_12497859354_12497859355,0,0,0.0,15.872350363013233
3440,3441.0,cluster_1846673394_455570130,0,0,0.0,7.720337608671478
3440,3441.0,cluster_1933957591_1944596256_1944596258_500010840,0,0,0.0,9.081989767159264
3440,3441.0,cluster_286141464_317863064,3,3,20.0,1.368701472264791
3440,3441.0,cluster_317864209_317864212,1,15,466.0,0.7155623521597588
3440,3441.0,cluster_318319949_3665705327,2,0,0.0,17.7259817908891
3440,3441.0,cluster_444929591_444929853,0,0,0.0,0.0
3440,3441.0,cluster_453491193_453491196,0,0,0.0,9.423106664304383
3440,3441.0,joinedS_3056282982_cluster_500010834_500010835_500010836_500010837,2,0,0.0,16.608872157176958
3440,3441.0,joinedS_4159783704_4159783713,5,7,661.0,0.0
3450,3451.0,317267021,1,3,7.0,0.06408628046947645
3450,3451.0,318319948,0,1,2.0,6.671771955869001
3450,3451.0,318319950,0,1,9.0,0.0
3450,3451.0,344715428,0,0,0.0,0.0
3450,3451.0,459095577,0,0,0.0,0.0
3450,3451.0,459095593,2,1,5.0,0.0
3450,3451.0,5672981203,2,1,7.0,0.0
3450,3451.0,6734642660,0,0,0.0,0.0
3450,3451.0,728359174,2,0,0.0,0.0
3450,3451.0,931498932,2,0,0.0,0.0
3450,3451.0,cluster_12485993451_12485993457_444743027_999091207,4,3,6.0,5.488721754812906
3450,3451.0,cluster_12485993454_12485993455_12485993456_12485993458_#4more,5,1,45.0,0.0
3450,3451.0,cluster_12497859354_12497859355,2,0,0.0,19.816741243770334
3450,3451.0,cluster_1846673394_455570130,0,0,0.0,0.0
3450,3451.0,cluster_1933957591_1944596256_1944596258_500010840,1,1,9.0,0.0
3450,3451.0,cluster_286141464_317863064,0,1,4.0,10.530631868232579
3450,3451.0,cluster_317864209_317864212,2,9,222.0,2.1440256013120105
3450,3451.0,cluster_318319949_3665705327,2,0,0.0,12.48266450995241
3450,3451.0,cluster_444929591_444929853,2,0,0.0,0.0
3450,3451.0,cluster_453491193_453491196,2,1,5.0,0.0005559480934955879
3450,3451.0,joinedS_3056282982_cluster_500010834_500010835_500010836_500010837,0,1,2.0,5.037313558973256
3450,3451.0,joinedS_4159783704_4159783713,0,7,731.0,0.0
3460,3461.0,317267021,2,0,0.0,0.0
3460,3461.0,318319948,2,0,0.0,7.085964727274021
3460,3461.0,318319950,2,1,1.0,8.16371209452403
3460,3461.0,344715428,0,0,0.0,0.0
3460,3461.0,459095577,0,1,2.0,0.008525238654520647
3460,3461.0,459095593,2,1,15.0,0.0
3460,3461.0,5672981203,2,1,17.0,0.0
3460,3461.0,6734642660,0,0,0.0,16.330516487155112
3460,3461.0,728359174,0,0,0.0,4.341534919237173
3460,3461.0,931498932,0,0,0.0,2.0462394349821325
3460,3461.0,cluster_12485993451_12485993457_444743027_999091207,0,0,0.0,3.327777917107854
3460,3461.0,cluster_12485993454_12485993455_12485993456_12485993458_#4more,7,1,1.0,4.891457761185641
3460,3461.0,cluster_12497859354_12497859355,3,1,5.0,2.5774007644518937
3460,3461.0,cluster_1846673394_455570130,0,0,0.0,0.0
3460,3461.0,cluster_1933957591_1944596256_1944596258_500010840,2,0,0.0,0.0
3460,3461.0,cluster_286141464_317863064,0,1,14.0,7.154670332344827
3460,3461.0,cluster_317864209_317864212,4,10,315.0,1.1476020554669366e-05
3460,3461.0,cluster_318319949_3665705327,2,0,0.0,11.361513835007791
3460,3461.0,cluster_444929591_444929853,4,0,0.0,0.0
3460,3461.0,cluster_453491193_453491196,2,1,7.0,6.419829149603453
3460,3461.0,joinedS_3056282982_cluster_500010834_500010835_500010836_500010837,0,0,0.0,14.119732454980015
3460,3461.0,joinedS_4159783704_4159783713,2,7,801.0,0.0
3470,3471.0,317267021,0,0,0.0,11.799353599386752
3470,3471.0,318319948,3,2,17.0,4.800149809480162
3470,3471.0,318319950,0,0,0.0,12.87122831100841
3470,3471.0,344715428,2,0,0.0,0.0
3470,3471.0,459095577,0,1,12.0,0.0
3470,3471.0,459095593,2,1,25.0,0.0
3470,3471.0,5672981203,2,1,27.0,8.249208112959751
3470,3471.0,6734642660,0,0,0.0,0.0
3470,3471.0,728359174,2,0,0.0,0.0
3470,3471.0,931498932,1,1,10.0,0.0
3470,3471.0,cluster_12485993451_12485993457_444743027_999091207,2,2,16.0,3.519883889652829
3470,3471.0,cluster_12485993454_12485993455_12485993456_12485993458_#4more,0,1,3.0,0.0005580405248575796
3470,3471.0,cluster_12497859354_12497859355,0,0,0.0,0.0
3470,3471.0,cluster_1846673394_455570130,0,0,0.0,9.619897976821397
3470,3471.0,cluster_1933957591_1944596256_1944596258_500010840,0,0,0.0,16.841495689744868
3470,3471.0,cluster_286141464_317863064,2,0,0.0,13.59469008208806
3470,3471.0,cluster_317864209_317864212,0,6,273.0,2.9856519923826497
3470,3471.0,cluster_318319949_3665705327,2,1,3.0,10.520872567393933
3470,3471.0,cluster_444929591_444929853,6,0,0.0,0.0
3470,3471.0,cluster_453491193_453491196,2,1,17.0,0.0
3470,3471.0,joinedS_3056282982_cluster_500010834_500010835_500010836_500010837,0,0,0.0,14.180547374282739
3470,3471.0,joinedS_4159783704_4159783713,4,7,871.0,0.0
3480,3481.0,317267021,2,0,0.0,9.954004406887345
3480,3481.0,318319948,0,0,0.0,8.896141171339265
3480,3481.0,318319950,2,0,0.0,0.0
3480,3481.0,344715428,0,0,0.0,0.0
3480,3481.0,459095577,2,1,22.0,0.0
3480,3481.0,459095593,2,1,35.0,0.0
3480,3481.0,5672981203,2,2,43.0,0.0
3480,3481.0,6734642660,0,0,0.0,0.0
3480,3481.0,728359174,0,0,0.0,16.07319581362419
3480,3481.0,931498932,3,0,0.0,11.351689676893873
3480,3481.0,cluster_12485993451_12485993457_444743027_999091207,4,0,0.0,17.271474183420516
3480,3481.0,cluster_12485993454_12485993455_12485993456_12485993458_#4more,2,1,3.0,0.0065127293329817326
3480,3481.0,cluster_12497859354_12497859355,0,0,0.0,0.0
3480,3481.0,cluster_1846673394_455570130,0,0,0.0,0.0
3480,3481.0,cluster_1933957591_1944596256_1944596258_500010840,2,0,0.0,15.414689955242276
3480,3481.0,cluster_286141464_317863064,0,1,1.0,7.406843209735091
3480,3481.0,cluster_317864209_317864212,0,1,1.0,2.670681169338882
3480,3481.0,cluster_318319949_3665705327,2,1,13.0,9.537447388521974
3480,3481.0,cluster_444929591_444929853,6,0,0.0,4.186206744268182
3480,3481.0,cluster_453491193_453491196,2,0,0.0,0.0
3480,3481.0,joinedS_3056282982_cluster_500010834_500010835_500010836_500010837,0,0,0.0,10.675819195094093
3480,3481.0,joinedS_4159783704_4159783713,0,7,941.0,0.0
3490,3491.0,317267021,0,0,0.0,12.420195307070388
3490,3491.0,318319948,2,2,13.0,5.051726725679258e-05
3490,3491.0,318319950,2,0,0.0,0.0
3490,3491.0,344715428,2,0,0.0,0.0
3490,3491.0,459095577,4,0,0.0,0.0
3490,3491.0,459095593,0,0,0.0,0.0
3490,3491.0,5672981203,0,0,0.0,16.49554007265717
3490,3491.0,6734642660,0,0,0.0,13.702599156058387
3490,3491.0,728359174,2,0,0.0,0.0
3490,3491.0,931498932,1,0,0.0,0.0
3490,3491.0,cluster_12485993451_12485993457_444743027_999091207,0,0,0.0,6.296628211335123
3490,3491.0,cluster_12485993454_12485993455_12485993456_12485993458_#4more,2,1,13.0,0.0
3490,3491.0,cluster_12497859354_12497859355,2,0,0.0,0.0
3490,3491.0,cluster_1846673394_455570130,0,0,0.0,13.557260787347541
3490,3491.0,cluster_1933957591_1944596256_1944596258_500010840,2,1,3.0,8.851140071855264
3490,3491.0,cluster_286141464_317863064,2,2,9.0,6.837547359834286
3490,3491.0,cluster_317864209_317864212,0,7,50.0,0.6764231807544234
3490,3491.0,cluster_318319949_3665705327,0,1,6.0,10.905486435352207
3490,3491.0,cluster_444929591_444929853,6,1,9.0,0.0
3490,3491.0,cluster_453491193_453491196,2,0,0.0,16.153748629596087
3490,3491.0,joinedS_3056282982_cluster_500010834_500010835_500010836_500010837,2,0,0.0,16.07799475521781
3490,3491.0,joinedS_4159783704_4159783713,2,7,1011.0,0.0
3500,3501.0,317267021,2,0,0.0,0.0
3500,3501.0,318319948,0,0,0.0,3.209919513165376
3500,3501.0,318319950,2,0,0.0,0.0
3500,3501.0,344715428,0,0,0.0,0.0
3500,3501.0,459095577,6,0,0.0,0.0
3500,3501.0,459095593,2,0,0.0,0.0
3500,3501.0,5672981203,2,0,0.0,0.0
3500,3501.0,6734642660,0,0,0.0,0.0
3500,3501.0,728359174,0,0,0.0,1.45624711852445
3500,3501.0,931498932,2,0,0.0,10.551559417144626
3500,3501.0,cluster_12485993451_12485993457_444743027_999091207,0,4,21.0,0.027304944303933532
3500,3501.0,cluster_12485993454_12485993455_12485993456_12485993458_#4more,4,3,24.0,0.009027554514570595
3500,3501.0,cluster_12497859354_12497859355,0,0,0.0,0.0
3500,3501.0,cluster_1846673394_455570130,0,0,0.0,0.0
3500,3501.0,cluster_1933957591_1944596256_1944596258_500010840,2,2,14.0,5.518615584845757
3500,3501.0,cluster_286141464_317863064,0,2,2.0,1.93960325588927
3500,3501.0,cluster_317864209_317864212,0,3,33.0,1.3098918454117616
3500,3501.0,cluster_318319949_3665705327,2,0,0.0,16.141382750175254
3500,3501.0,cluster_444929591_444929853,6,1,19.0,0.0
3500,3501.0,cluster_453491193_453491196,2,0,0.0,6.999074530154443
3500,3501.0,joinedS_3056282982_cluster_500010834_500010835_500010836_500010837,0,0,0.0,11.915229230971715
3500,3501.0,joinedS_4159783704_4159783713,4,7,1081.0,0.0
3510,3511.0,317267021,2,0,0.0,0.0
3510,3511.0,318319948,2,1,3.0,0.008114589731479669
3510,3511.0,318319950,0,0,0.0,17.553161450758495
3510,3511.0,344715428,2,0,0.0,0.0
3510,3511.0,459095577,0,0,0.0,0.0
3510,3511.0,459095593,0,0,0.0,12.435882781935014
3510,3511.0,5672981203,2,0,0.0,0.0
3510,3511.0,6734642660,0,0,0.0,0.0
3510,3511.0,728359174,2,1,0.0,16.67
3510,3511.0,931498932,0,1,2.0,5.500810742350537
3510,3511.0,cluster_12485993451_12485993457_444743027_999091207,0,5,70.0,0.0
3510,3511.0,cluster_12485993454_12485993455_12485993456_12485993458_#4more,6,2,37.0,0.0004990750981046079
3510,3511.0,cluster_12497859354_12497859355,0,0,0.0,0.0
3510,3511.0,cluster_1846673394_455570130,0,0,0.0,15.244138769387881
3510,3511.0,cluster_1933957591_1944596256_1944596258_500010840,0,1,3.0,8.20560495687777
3510,3511.0,cluster_286141464_317863064,1,2,12.0,4.225471662367255
3510,3511.0,cluster_317864209_317864212,0,7,50.0,0.5193090990212095
3510,3511.0,cluster_318319949_3665705327,3,0,0.0,0.0
3510,3511.0,cluster_444929591_444929853,6,1,29.0,0.0
3510,3511.0,cluster_453491193_453491196,0,0,0.0,0.0
3510,3511.0,joinedS_3056282982_cluster_500010834_500010835_500010836_500010837,1,2,14.0,6.463226816789528
3510,3511.0,joinedS_4159783704_4159783713,5,7,1151.0,0.0
3520,3521.0,317267021,0,1,4.0,5.264761249771514
3520,3521.0,318319948,0,0,0.0,14.093572275090995
3520,3521.0,318319950,2,0,0.0,16.14171259201132
3520,3521.0,344715428,2,1,2.0,6.128622598641331
3520,3521.0,459095577,2,0,0.0,0.0
3520,3521.0,459095593,0,0,0.0,0.0
3520,3521.0,5672981203,2,0,0.0,0.0
3520,3521.0,6734642660,0,0,0.0,0.0
3520,3521.0,728359174,2,1,0.0,16.67
3520,3521.0,931498932,1,1,12.0,9.098335355227029
3520,3521.0,cluster_12485993451_12485993457_444743027_999091207,1,5,120.0,0.057832611952199575
3520,3521.0,cluster_12485993454_12485993455_12485993456_12485993458_#4more,0,1,14.0,5.280182128421318
3520,3521.0,cluster_12497859354_12497859355,0,0,0.0,0.0
3520,3521.0,cluster_1846673394_455570130,0,0,0.0,0.0
3520,3521.0,cluster_1933957591_1944596256_1944596258_500010840,2,0,0.0,0.823826009966433
3520,3521.0,cluster_286141464_317863064,3,2,19.0,5.524638377061735
3520,3521.0,cluster_317864209_317864212,1,11,148.0,0.0007316991719984983
3520,3521.0,cluster_318319949_3665705327,0,0,0.0,0.0
3520,3521.0,cluster_444929591_444929853,6,1,39.0,0.0
3520,3521.0,cluster_453491193_453491196,2,0,0.0,5.373852301219948
3520,3521.0,joinedS_3056282982_cluster_500010834_500010835_500010836_500010837,3,1,18.0,11.157637503515303
3520,3521.0,joinedS_4159783704_4159783713,1,7,1221.0,0.0
3530,3531.0,317267021,1,4,38.0,0.2873673765863589
3530,3531.0,318319948,0,1,6.0,0.00010990320856885973
3530,3531.0,318319950,0,0,0.0,0.0
3530,3531.0,344715428,2,1,12.0,0.0
3530,3531.0,459095577,4,0,0.0,0.0
3530,3531.0,459095593,2,1,2.0,0.03429176702716488
3530,3531.0,5672981203,0,0,0.0,0.0
3530,3531.0,6734642660,0,0,0.0,0.0
3530,3531.0,728359174,2,2,2.0,4.808016913777935
3530,3531.0,931498932,3,2,8.0,3.519415755238218
3530,3531.0,cluster_12485993451_12485993457_444743027_999091207,3,6,180.0,1.4556936700415561
3530,3531.0,cluster_12485993454_12485993455_12485993456_12485993458_#4more,1,3,34.0,2.411541945057614
3530,3531.0,cluster_12497859354_12497859355,1,0,0.0,0.0
3530,3531.0,cluster_1846673394_455570130,0,0,0.0,0.0
3530,3531.0,cluster_1933957591_1944596256_1944596258_500010840,2,0,0.0,0.0
3530,3531.0,cluster_286141464_317863064,0,1,1.0,5.511480966350606
3530,3531.0,cluster_317864209_317864212,3,9,180.0,0.0007895042575955133
3530,3531.0,cluster_318319949_3665705327,2,0,0.0,0.0
3530,3531.0,cluster_444929591_444929853,0,0,0.0,17.672904087202067
3530,3531.0,cluster_453491193_453491196,0,0,0.0,0.15052401958480366
3530,3531.0,joinedS_3056282982_cluster_500010834_500010835_500010836_500010837,1,0,0.0,16.219575678445402
3530,3531.0,joinedS_4159783704_4159783713,3,7,1291.0,0.0
3540,3541.0,317267021,2,0,0.0,7.287005441204512
3540,3541.0,318319948,0,1,16.0,11.729275859874793
3540,3541.0,318319950,0,0,0.0,10.290076038443445
3540,3541.0,344715428,2,1,22.0,0.0
3540,3541.0,459095577,6,0,0.0,14.85829310445586
3540,3541.0,459095593,0,0,0.0,0.0
3540,3541.0,5672981203,2,0,0.0,0.0
3540,3541.0,6734642660,0,0,0.0,0.0
3540,3541.0,728359174,2,0,0.0,3.0672198305844756
3540,3541.0,931498932,0,0,0.0,14.125062130764121
3540,3541.0,cluster_12485993451_12485993457_444743027_999091207,5,0,0.0,0.10336765942237214
3540,3541.0,cluster_12485993454_12485993455_12485993456_12485993458_#4more,2,4,72.0,0.0
3540,3541.0,cluster_12497859354_12497859355,2,0,0.0,0.11850707722813365
3540,3541.0,cluster_1846673394_455570130,0,0,0.0,15.800299989335173
3540,3541.0,cluster_1933957591_1944596256_1944596258_500010840,2,2,2.0,0.02097032874575378
3540,3541.0,cluster_286141464_317863064,2,3,19.0,3.9128316212214047
3540,3541.0,cluster_317864209_317864212,4,9,270.0,1.726513434149961
3540,3541.0,cluster_318319949_3665705327,0,0,0.0,12.867875350527466
3540,3541.0,cluster_444929591_444929853,2,0,0.0,17.642348204908803
3540,3541.0,cluster_453491193_453491196,2,0,0.0,5.728742071264423
3540,3541.0,joinedS_3056282982_cluster_500010834_500010835_500010836_500010837,2,1,5.0,6.725698150358309
3540,3541.0,joinedS_4159783704_4159783713,4,7,1361.0,0.0
3550,3551.0,317267021,2,0,0.0,4.851150188226027
3550,3551.0,318319948,0,2,32.0,0.9110826563156186
3550,3551.0,318319950,2,1,2.0,0.021243008421921117
3550,3551.0,344715428,2,1,32.0,10.347229141385824
3550,3551.0,459095577,0,0,0.0,0.0
3550,3551.0,459095593,2,0,0.0,0.0
3550,3551.0,5672981203,0,0,0.0,0.0
3550,3551.0,6734642660,0,0,0.0,0.0
3550,3551.0,728359174,2,1,0.0,16.67
3550,3551.0,931498932,2,0,0.0,0.0
3550,3551.0,cluster_12485993451_12485993457_444743027_999091207,0,0,0.0,4.581883042164135
3550,3551.0,cluster_12485993454_12485993455_12485993456_12485993458_#4more,3,4,112.0,3.5411494577897917
3550,3551.0,cluster_12497859354_12497859355,0,0,0.0,24.687738342762504
3550,3551.0,cluster_1846673394_455570130,0,0,0.0,0.0
3550,3551.0,cluster_1933957591_1944596256_1944596258_500010840,2,2,22.0,5.323860168127234
3550,3551.0,cluster_286141464_317863064,0,1,16.0,4.0596659853817325
3550,3551.0,cluster_317864209_317864212,0,3,116.0,2.210237552363255
3550,3551.0,cluster_318319949_3665705327,1,0,0.0,16.472004679990935
3550,3551.0,cluster_444929591_444929853,4,0,0.0,11.49216120812189
3550,3551.0,cluster_453491193_453491196,0,0,0.0,0.0
3550,3551.0,joinedS_3056282982_cluster_500010834_500010835_500010836_500010837,0,0,0.0,0.0
3550,3551.0,joinedS_4159783704_4159783713,0,7,1431.0,0.0
3560,3561.0,317267021,0,3,14.0,3.585986085144849
3560,3561.0,318319948,2,1,1.0,0.03283528174272732
3560,3561.0,318319950,0,0,0.0,0.0
3560,3561.0,344715428,2,3,49.0,1.610014990166257
3560,3561.0,459095577,2,0,0.0,0.0
3560,3561.0,459095593,0,0,0.0,0.0
3560,3561.0,5672981203,2,0,0.0,0.0
3560,3561.0,6734642660,0,0,0.0,0.0
3560,3561.0,728359174,0,2,4.0,0.0
3560,3561.0,931498932,0,0,0.0,18.060749576380626
3560,3561.0,cluster_12485993451_12485993457_444743027_999091207,2,1,8.0,5.2786015584876225
3560,3561.0,cluster_12485993454_12485993455_12485993456_12485993458_#4more,5,4,103.0,3.2224678046694493
3560,3561.0,cluster_12497859354_12497859355,0,0,0.0,0.0
3560,3561.0,cluster_1846673394_455570130,0,0,0.0,0.0
3560,3561.0,cluster_1933957591_1944596256_1944596258_500010840,2,3,43.0,3.141185961565935
3560,3561.0,cluster_286141464_317863064,0,4,11.0,4.446068844297589
3560,3561.0,cluster_317864209_317864212,0,3,8.0,2.069517277986686
3560,3561.0,cluster_318319949_3665705327,2,0,0.0,9.336732714864892
3560,3561.0,cluster_444929591_444929853,6,1,3.0,0.0009444490653286664
3560,3561.0,cluster_453491193_453491196,2,0,0.0,0.0
3560,3561.0,joinedS_3056282982_cluster_500010834_500010835_500010836_500010837,2,0,0.0,0.0
3560,3561.0,joinedS_4159783704_4159783713,2,6,1238.0,0.0
3570,3571.0,317267021,2,0,0.0,6.204869749651364
3570,3571.0,318319948,0,1,0.0,0.0
3570,3571.0,318319950,2,0,0.0,10.97212627852393
3570,3571.0,344715428,0,0,0.0,14.316849662468949
3570,3571.0,459095577,4,0,0.0,0.0
3570,3571.0,459095593,0,1,1.0,0.051292666431949255
3570,3571.0,5672981203,0,0,0.0,0.0
3570,3571.0,6734642660,0,0,0.0,0.0
3570,3571.0,728359174,2,0,0.0,4.5907860015304
3570,3571.0,931498932,2,0,0.0,13.911851613044144
3570,3571.0,cluster_12485993451_12485993457_444743027_999091207,4,1,2.0,1.2982424021850298
3570,3571.0,cluster_12485993454_12485993455_12485993456_12485993458_#4more,6,3,25.0,4.071974327495706
3570,3571.0,cluster_12497859354_12497859355,2,0,0.0,0.0
3570,3571.0,cluster_1846673394_455570130,0,0,0.0,0.0
3570,3571.0,cluster_1933957591_1944596256_1944596258_500010840,2,6,100.0,4.42719059989518
3570,3571.0,cluster_286141464_317863064,0,7,64.0,0.31775009450134817
3570,3571.0,cluster_317864209_317864212,0,9,71.0,1.3393021531476215
3570,3571.0,cluster_318319949_3665705327,0,0,0.0,15.749542929769175
3570,3571.0,cluster_444929591_444929853,0,0,0.0,10.682458489993586
3570,3571.0,cluster_453491193_453491196,2,0,0.0,0.0
3570,3571.0,joinedS_3056282982_cluster_500010834_500010835_500010836_500010837,0,0,0.0,0.0
3570,3571.0,joinedS_4159783704_4159783713,2,5,988.0,0.0
3580,3581.0,317267021,0,0,0.0,17.766027125982546
3580,3581.0,318319948,0,0,0.0,0.0
3580,3581.0,318319950,0,0,0.0,0.0
3580,3581.0,344715428,2,0,0.0,0.0
3580,3581.0,459095577,4,0,0.0,0.0
3580,3581.0,459095593,0,1,11.0,0.0
3580,3581.0,5672981203,0,0,0.0,0.0
3580,3581.0,6734642660,0,0,0.0,0.0
3580,3581.0,728359174,0,2,3.0,7.942840806739716
3580,3581.0,931498932,2,3,14.0,4.299911498643505
3580,3581.0,cluster_12485993451_12485993457_444743027_999091207,0,1,6.0,9.491069705328927
3580,3581.0,cluster_12485993454_12485993455_12485993456_12485993458_#4more,0,2,30.0,0.0
3580,3581.0,cluster_12497859354_12497859355,0,0,0.0,17.57882730521349
3580,3581.0,cluster_1846673394_455570130,0,0,0.0,17.389976627959083
3580,3581.0,cluster_1933957591_1944596256_1944596258_500010840,0,0,0.0,3.441360959836659
3580,3581.0,cluster_286141464_317863064,0,5,89.0,1.5451886941836415
3580,3581.0,cluster_317864209_317864212,0,7,104.0,1.321662681835037
3580,3581.0,cluster_318319949_3665705327,2,0,0.0,7.946788686832315
3580,3581.0,cluster_444929591_444929853,2,0,0.0,16.50987081660556
3580,3581.0,cluster_453491193_453491196,2,0,0.0,0.0
3580,3581.0,joinedS_3056282982_cluster_500010834_500010835_500010836_500010837,2,0,0.0,10.871621266950402
3580,3581.0,joinedS_4159783704_4159783713,2,5,1038.0,0.0
3590,3591.0,317267021,2,0,0.0,0.0
3590,3591.0,318319948,2,0,0.0,0.0
3590,3591.0,318319950,2,0,0.0,16.421707141613588
3590,3591.0,344715428,0,0,0.0,0.0
3590,3591.0,459095577,4,0,0.0,0.0
3590,3591.0,459095593,0,1,21.0,8.231200383012183
3590,3591.0,5672981203,0,0,0.0,0.0
3590,3591.0,6734642660,0,0,0.0,0.0
3590,3591.0,728359174,2,2,7.0,0.45189599483273896
3590,3591.0,931498932,2,4,47.0,0.5112399453235275
3590,3591.0,cluster_12485993451_12485993457_444743027_999091207,2,1,16.0,11.588401502390198
3590,3591.0,cluster_12485993454_12485993455_12485993456_12485993458_#4more,1,2,50.0,0.0
3590,3591.0,cluster_12497859354_12497859355,0,0,0.0,20.469743397121302
3590,3591.0,cluster_1846673394_455570130,0,0,0.0,0.0
3590,3591.0,cluster_1933957591_1944596256_1944596258_500010840,2,0,0.0,6.731709394510835
3590,3591.0,cluster_286141464_317863064,0,5,67.0,2.6257335117324896
3590,3591.0,cluster_317864209_317864212,0,4,57.0,0.8877344596241059
3590,3591.0,cluster_318319949_3665705327,0,0,0.0,13.536234582461969
3590,3591.0,cluster_444929591_444929853,4,0,0.0,14.432872840291159
3590,3591.0,cluster_453491193_453491196,2,0,0.0,13.515996921806636
3590,3591.0,joinedS_3056282982_cluster_500010834_500010835_500010836_500010837,0,0,0.0,16.63427882704884
3590,3591.0,joinedS_4159783704_4159783713,3,5,1088.0,0.02790068784107931
